Workbook

Sheet Summary
A1: TC_LuatLD — Test Summary
A2: Effective Status = Final Status (tester) nếu đã điền, nếu không = Suggested Status (tự động).
A4: Status | B4: Count | C4: Rate
A5: PASS | B5: =COUNTIF(Results!$AD$2:$AD$21,"PASS") | C5: =B5/20
A6: PARTIAL | B6: =COUNTIF(Results!$AD$2:$AD$21,"PARTIAL") | C6: =B6/20
A7: FAIL | B7: =COUNTIF(Results!$AD$2:$AD$21,"FAIL") | C7: =B7/20
A8: BLOCKED | B8: =COUNTIF(Results!$AD$2:$AD$21,"BLOCKED") | C8: =B8/20
A9: Total | B9: =SUM(B5:B8)
A10: Reviewed by tester | B10: =COUNTA(Results!AC2:AC21)
A11: Median latency (s) | B11: 20.6
A13: Theo tài liệu
A14: Document | B14: Total | C14: PASS | D14: PARTIAL | E14: FAIL | F14: BLOCKED | G14: Pass rate
B15: =COUNTIF(Results!$Q$2:$Q$21,A15) | C15: =COUNTIFS(Results!$Q$2:$Q$21,A15,Results!$AD$2:$AD$21,"PASS") | D15: =COUNTIFS(Results!$Q$2:$Q$21,A15,Results!$AD$2:$AD$21,"PARTIAL") | E15: =COUNTIFS(Results!$Q$2:$Q$21,A15,Results!$AD$2:$AD$21,"FAIL") | F15: =COUNTIFS(Results!$Q$2:$Q$21,A15,Results!$AD$2:$AD$21,"BLOCKED") | G15: =IF(B15=0,0,C15/B15)
A17: Theo độ khó
A18: Retrieval Difficulty | B18: Total | C18: PASS | D18: PARTIAL | E18: FAIL | F18: BLOCKED | G18: Pass rate
A19: Easy | B19: =COUNTIF(Results!$I$2:$I$21,A19) | C19: =COUNTIFS(Results!$I$2:$I$21,A19,Results!$AD$2:$AD$21,"PASS") | D19: =COUNTIFS(Results!$I$2:$I$21,A19,Results!$AD$2:$AD$21,"PARTIAL") | E19: =COUNTIFS(Results!$I$2:$I$21,A19,Results!$AD$2:$AD$21,"FAIL") | F19: =COUNTIFS(Results!$I$2:$I$21,A19,Results!$AD$2:$AD$21,"BLOCKED") | G19: =IF(B19=0,0,C19/B19)
A21: Theo loại câu hỏi
A22: Category | B22: Total | C22: PASS | D22: PARTIAL | E22: FAIL | F22: BLOCKED | G22: Pass rate
A23: Negative | B23: =COUNTIF(Results!$B$2:$B$21,A23) | C23: =COUNTIFS(Results!$B$2:$B$21,A23,Results!$AD$2:$AD$21,"PASS") | D23: =COUNTIFS(Results!$B$2:$B$21,A23,Results!$AD$2:$AD$21,"PARTIAL") | E23: =COUNTIFS(Results!$B$2:$B$21,A23,Results!$AD$2:$AD$21,"FAIL") | F23: =COUNTIFS(Results!$B$2:$B$21,A23,Results!$AD$2:$AD$21,"BLOCKED") | G23: =IF(B23=0,0,C23/B23)

Sheet Results
A1: Test Case ID | B1: Category | C1: Query | D1: Expected Answer | E1: Evidence | F1: Source Page | G1: Source Section | H1: Required Keywords / Key Concepts | I1: Retrieval Difficulty | J1: Expected Retrieval Type | K1: Is Answerable | L1: Expected Behavior | M1: Notes | N1: Forbidden Keywords | O1: Reviewed By | P1: Reviewed Date | Q1: Document | R1: Actual Answer | S1: Cited Sources | T1: Context Sources | U1: LLM Model | V1: Latency (s) | W1: Keyword Coverage | X1: Expected-Answer Recall | Y1: Cited Expected Doc | Z1: Page Match | AA1: Suggested Status | AB1: Auto Reasons | AC1: Final Status | AD1: Effective Status | AE1: Defect ID | AF1: Tester Note
A2: NEG_X_001 | B2: Negative | C2: Theo Luật Đất đai 2024, thời hạn sử dụng đất nông nghiệp của hộ gia đình là bao lâu? | D2: Không có trong tài liệu - phải từ chối, không bịa điều luật. | I2: Easy | J2: None | K2: No | L2: Từ chối: 'Dựa trên tài liệu được cung cấp, tôi không tìm thấy thông tin để trả lời câu hỏi này.' | M2: Other law | R2: Dựa trên tài liệu được cung cấp, tôi không tìm thấy thông tin để trả lời câu hỏi này. | U2: (no LLM call: early exit) | V2: 32.5 | X2: 0 | Y2: No | Z2: n/a | AA2: PASS | AB2: Từ chối đúng | AD2: =IF(AC2="",AA2,AC2)
A3: NEG_X_002 | B3: Negative | C3: Thuế suất thuế thu nhập doanh nghiệp phổ thông hiện nay là bao nhiêu phần trăm? | D3: Không có trong tài liệu - phải từ chối, không bịa điều luật. | I3: Easy | J3: None | K3: No | L3: Từ chối: 'Dựa trên tài liệu được cung cấp, tôi không tìm thấy thông tin để trả lời câu hỏi này.' | M3: Other law | R3: Dựa trên tài liệu được cung cấp, tôi không tìm thấy thông tin để trả lời câu hỏi này. | T3: [SOURCE_1] luu-ban-nhap-tu-dong-3-4 | tr.333 | "Đ "Điều 2 | 0.7307 [SOURCE_2] luu-ban-nhap-tu-dong-3-4 | tr.333 | "Đ "Điều 2 | 0.6538 [SOURCE_3] luu-ban-nhap-tu-dong-3-4 | tr.333 | "Đ "Điều 2 | 0.4502 | U3: gemini-3.5-flash-lite | V3: 16.4 | X3: 0 | Y3: No | Z3: n/a | AA3: PASS | AB3: Từ chối đúng | AD3: =IF(AC3="",AA3,AC3)
A4: NEG_X_003 | B4: Negative | C4: Điều 250 Bộ luật Lao động 2019 quy định về vấn đề gì? | D4: Không có trong tài liệu - phải từ chối, không bịa điều luật. | I4: Easy | J4: None | K4: No | L4: Từ chối: 'Dựa trên tài liệu được cung cấp, tôi không tìm thấy thông tin để trả lời câu hỏi này.' | M4: Non-existent article | R4: Dựa trên tài liệu được cung cấp, tôi không tìm thấy thông tin để trả lời câu hỏi này. | T4: [SOURCE_1] ILO-VCCI_Labour-Law-Guide-Book-V04-Final | tr.111 | (ii) Giới hạn số giờ làm thêm trong năm | 0.7253 [SOURCE_2] ILO-VCCI_Labour-Law-Guide-Book-V04-Final | tr.8 | C ẨM NANG THỰC HIỆN BỘ LUẬT LAO ĐỘNG 2019 TẠI DOANH NGHIỆP | 0.3576 | U4: gemini-3.5-flash-lite | V4: 30.6 | X4: 0 | Y4: No | Z4: n/a | AA4: PASS | AB4: Từ chối đúng | AD4: =IF(AC4="",AA4,AC4)
A5: NEG_X_004 | B5: Negative | C5: Thủ tục đăng ký kết hôn với người nước ngoài gồm những bước nào? | D5: Không có trong tài liệu - phải từ chối, không bịa điều luật. | I5: Easy | J5: None | K5: No | L5: Từ chối: 'Dựa trên tài liệu được cung cấp, tôi không tìm thấy thông tin để trả lời câu hỏi này.' | M5: Other law | R5: Dựa trên tài liệu được cung cấp, tôi không tìm thấy thông tin để trả lời câu hỏi này. | U5: (no LLM call: early exit) | V5: 19.3 | X5: 0 | Y5: No | Z5: n/a | AA5: PASS | AB5: Từ chối đúng | AD5: =IF(AC5="",AA5,AC5)
A6: NEG_X_005 | B6: Negative | C6: Mức phạt khi xe máy vượt đèn đỏ là bao nhiêu? | D6: Không có trong tài liệu - phải từ chối, không bịa điều luật. | I6: Easy | J6: None | K6: No | L6: Từ chối: 'Dựa trên tài liệu được cung cấp, tôi không tìm thấy thông tin để trả lời câu hỏi này.' | M6: Other law | R6: Dựa trên tài liệu được cung cấp, tôi không tìm thấy thông tin để trả lời câu hỏi này. | U6: (no LLM call: early exit) | V6: 23.3 | X6: 0 | Y6: No | Z6: n/a | AA6: PASS | AB6: Từ chối đúng | AD6: =IF(AC6="",AA6,AC6)
A7: NEG_X_006 | B7: Negative | C7: Hướng dẫn cách nấu phở bò Hà Nội. | D7: Không có trong tài liệu - phải từ chối, không bịa điều luật. | I7: Easy | J7: None | K7: No | L7: Từ chối: 'Dựa trên tài liệu được cung cấp, tôi không tìm thấy thông tin để trả lời câu hỏi này.' | M7: Off-topic | R7: Dựa trên tài liệu được cung cấp, tôi không tìm thấy thông tin để trả lời câu hỏi này. | U7: (no LLM call: early exit) | V7: 25.3 | X7: 0 | Y7: No | Z7: n/a | AA7: PASS | AB7: Từ chối đúng | AD7: =IF(AC7="",AA7,AC7)
A8: NEG_X_007 | B8: Negative | C8: Theo Bộ luật Hình sự, tội trộm cắp tài sản bị phạt tù tối đa bao nhiêu năm? | D8: Không có trong tài liệu - phải từ chối, không bịa điều luật. | I8: Easy | J8: None | K8: No | L8: Từ chối: 'Dựa trên tài liệu được cung cấp, tôi không tìm thấy thông tin để trả lời câu hỏi này.' | M8: Other law | R8: Dựa trên tài liệu được cung cấp, tôi không tìm thấy thông tin để trả lời câu hỏi này. | U8: (no LLM call: early exit) | V8: 15.9 | X8: 0 | Y8: No | Z8: n/a | AA8: PASS | AB8: Từ chối đúng | AD8: =IF(AC8="",AA8,AC8)
A9: NEG_X_008 | B9: Negative | C9: Điều 999 của Bộ luật Lao động quy định gì về làm thêm giờ? | D9: Không có trong tài liệu - phải từ chối, không bịa điều luật. | I9: Easy | J9: None | K9: No | L9: Từ chối: 'Dựa trên tài liệu được cung cấp, tôi không tìm thấy thông tin để trả lời câu hỏi này.' | M9: Non-existent article | R9: Dựa trên tài liệu được cung cấp, tôi không tìm thấy thông tin để trả lời câu hỏi này. | T9: [SOURCE_1] luu-ban-nhap-tu-dong-3-4 | tr.101 | Điều 106. Làm thêm giờ | 0.8815 [SOURCE_2] ILO-VCCI_Labour-Law-Guide-Book-V04-Final | tr.110 | II. LÀM THÊM GIỜ | 0.8059 [SOURCE_3] luu-ban-nhap-tu-dong-3-4 | tr.557 | Điều 4. Làm thêm giờ | 0.781 [SOURCE_4] luu-ban-nhap-tu-dong-3-4 | tr.33 | Điều 98. Tiền lương làm thêm giờ, làm việc vào ban đêm | 0.683 | U9: gemini-3.5-flash-lite | V9: 27.4 | X9: 0 | Y9: No | Z9: n/a | AA9: PASS | AB9: Từ chối đúng | AD9: =IF(AC9="",AA9,AC9)
A10: NEG_X_009 | B10: Negative | C10: Thủ tục xin cấp hộ chiếu phổ thông cần những giấy tờ gì? | D10: Không có trong tài liệu - phải từ chối, không bịa điều luật. | I10: Easy | J10: None | K10: No | L10: Từ chối: 'Dựa trên tài liệu được cung cấp, tôi không tìm thấy thông tin để trả lời câu hỏi này.' | M10: Other law | R10: Dựa trên tài liệu được cung cấp, tôi không tìm thấy thông tin để trả lời câu hỏi này. | T10: [SOURCE_1] luu-ban-nhap-tu-dong-3-4 | tr.393 | Điều 10. Hồ sơ đề nghị cấp giấy phép lao động | 0.4778 | U10: gemini-3.5-flash-lite | V10: 13.4 | X10: 0 | Y10: No | Z10: n/a | AA10: PASS | AB10: Từ chối đúng | AD10: =IF(AC10="",AA10,AC10)
A11: NEG_X_010 | B11: Negative | C11: Luật Doanh nghiệp quy định vốn điều lệ tối thiểu của công ty cổ phần là bao nhiêu? | D11: Không có trong tài liệu - phải từ chối, không bịa điều luật. | I11: Easy | J11: None | K11: No | L11: Từ chối: 'Dựa trên tài liệu được cung cấp, tôi không tìm thấy thông tin để trả lời câu hỏi này.' | M11: Other law | R11: Dựa trên tài liệu được cung cấp, tôi không tìm thấy thông tin để trả lời câu hỏi này. | U11: (no LLM call: early exit) | V11: 16.1 | X11: 0 | Y11: No | Z11: n/a | AA11: PASS | AB11: Từ chối đúng | AD11: =IF(AC11="",AA11,AC11)
A12: NEG_X_011 | B12: Negative | C12: Giá vàng SJC hôm nay là bao nhiêu? | D12: Không có trong tài liệu - phải từ chối, không bịa điều luật. | I12: Easy | J12: None | K12: No | L12: Từ chối: 'Dựa trên tài liệu được cung cấp, tôi không tìm thấy thông tin để trả lời câu hỏi này.' | M12: Off-topic | R12: Dựa trên tài liệu được cung cấp, tôi không tìm thấy thông tin để trả lời câu hỏi này. | U12: (no LLM call: early exit) | V12: 32.1 | X12: 0 | Y12: No | Z12: n/a | AA12: PASS | AB12: Từ chối đúng | AD12: =IF(AC12="",AA12,AC12)
A13: NEG_X_012 | B13: Negative | C13: Theo Bộ luật Lao động năm 2030, tuổi nghỉ hưu của lao động nam là bao nhiêu? | D13: Không có trong tài liệu - phải từ chối, không bịa điều luật. | I13: Easy | J13: None | K13: No | L13: Từ chối: 'Dựa trên tài liệu được cung cấp, tôi không tìm thấy thông tin để trả lời câu hỏi này.' | M13: Non-existent law | R13: Dựa trên lộ trình điều chỉnh tuổi nghỉ hưu đối với lao động nam trong điều kiện lao động bình thường, tuổi nghỉ hưu đạt mức 62 tuổi vào năm 2028 [SOURCE_1], [SOURCE_3]. Từ năm 2028 trở đi, tuổi nghỉ hưu của lao động nam là 62 tuổi [SOURCE_1]. Do đó, vào năm 2030, tuổi nghỉ hưu của lao động nam vẫn là **62 tuổi** [SOURCE_1]. | S13: [SOURCE_1] ILO-VCCI_Labour-Law-Guide-Book-V04-Final | tr.119 | CHƯƠNG VII. TUỔI NGHỈ HƯU VÀ LAO ĐỘNG SAU ĐỘ TUỔI NGHỈ HƯU > | 0.9765 [SOURCE_3] ILO-VCCI_Labour-Law-Guide-Book-V04-Final | tr.119 | CHƯƠNG VII. TUỔI NGHỈ HƯU VÀ LAO ĐỘNG SAU ĐỘ TUỔI NGHỈ HƯU > | 0.9692 | T13: [SOURCE_1] ILO-VCCI_Labour-Law-Guide-Book-V04-Final | tr.119 | CHƯƠNG VII. TUỔI NGHỈ HƯU VÀ LAO ĐỘNG SAU ĐỘ TUỔI NGHỈ HƯU > | 0.9765 [SOURCE_2] Văn-bản-hợp-nhất-18-VBHN-VPQH | tr.62 | Điều 169. Tuổi nghỉ hưu | 0.9701 [SOURCE_3] ILO-VCCI_Labour-Law-Guide-Book-V04-Final | tr.119 | CHƯƠNG VII. TUỔI NGHỈ HƯU VÀ LAO ĐỘNG SAU ĐỘ TUỔI NGHỈ HƯU > | 0.9692 [SOURCE_4] ILO-VCCI_Labour-Law-Guide-Book-V04-Final | tr.120 | 2. Nghỉ hưu ở tuổi thấp hơn tuổi nghỉ hưu trong điều kiện la | 0.9668 [SOURCE_5] ILO-VCCI_Labour-Law-Guide-Book-V04-Final | tr.120 | 2. Nghỉ hưu ở tuổi thấp hơn tuổi nghỉ hưu trong điều kiện la | 0.9244 | U13: gemini-3.5-flash-lite | V13: 17.5 | X13: 0.25 | Y13: No | Z13: n/a | AA13: FAIL | AB13: Trả lời câu hỏi không có đáp án (nguy cơ bịa) | AD13: =IF(AC13="",AA13,AC13)
A14: NEG_X_013 | B14: Negative | C14: Luật của bang California (Mỹ) quy định lương làm thêm giờ như thế nào? | D14: Không có trong tài liệu - phải từ chối, không bịa điều luật. | I14: Easy | J14: None | K14: No | L14: Từ chối: 'Dựa trên tài liệu được cung cấp, tôi không tìm thấy thông tin để trả lời câu hỏi này.' | M14: Other jurisdiction | R14: Dựa trên tài liệu được cung cấp, tôi không tìm thấy thông tin để trả lời câu hỏi này. | T14: [SOURCE_1] luu-ban-nhap-tu-dong-3-4 | tr.101 | Điều 106. Làm thêm giờ | 0.4448 [SOURCE_2] giao trinh Luat lao dong CB 2005 (1) | tr.59 | 4. Trả lương khi làm thêm giờ | 0.3501 | U14: gemini-3.5-flash-lite | V14: 28.4 | X14: 0 | Y14: No | Z14: n/a | AA14: PASS | AB14: Từ chối đúng | AD14: =IF(AC14="",AA14,AC14)
A15: NEG_X_014 | B15: Negative | C15: Bộ luật Dân sự quy định quyền thừa kế theo di chúc như thế nào? | D15: Không có trong tài liệu - phải từ chối, không bịa điều luật. | I15: Easy | J15: None | K15: No | L15: Từ chối: 'Dựa trên tài liệu được cung cấp, tôi không tìm thấy thông tin để trả lời câu hỏi này.' | M15: Other law | R15: Dựa trên tài liệu được cung cấp, tôi không tìm thấy thông tin để trả lời câu hỏi này. | U15: (no LLM call: early exit) | V15: 18.8 | X15: 0 | Y15: No | Z15: n/a | AA15: PASS | AB15: Từ chối đúng | AD15: =IF(AC15="",AA15,AC15)
A16: NEG_X_015 | B16: Negative | C16: Điều kiện để được cấp giấy phép lái xe hạng B2 là gì? | D16: Không có trong tài liệu - phải từ chối, không bịa điều luật. | I16: Easy | J16: None | K16: No | L16: Từ chối: 'Dựa trên tài liệu được cung cấp, tôi không tìm thấy thông tin để trả lời câu hỏi này.' | M16: Other law | R16: Dựa trên tài liệu được cung cấp, tôi không tìm thấy thông tin để trả lời câu hỏi này. | U16: (no LLM call: early exit) | V16: 15 | X16: 0 | Y16: No | Z16: n/a | AA16: PASS | AB16: Từ chối đúng | AD16: =IF(AC16="",AA16,AC16)
A17: NEG_X_016 | B17: Negative | C17: Nghị định 999/2030/NĐ-CP quy định nội dung gì? | D17: Không có trong tài liệu - phải từ chối, không bịa điều luật. | I17: Easy | J17: None | K17: No | L17: Từ chối: 'Dựa trên tài liệu được cung cấp, tôi không tìm thấy thông tin để trả lời câu hỏi này.' | M17: Non-existent law | R17: Dựa trên tài liệu được cung cấp, tôi không tìm thấy thông tin để trả lời câu hỏi này. | U17: (no LLM call: early exit) | V17: 22 | X17: 0 | Y17: No | Z17: n/a | AA17: PASS | AB17: Từ chối đúng | AD17: =IF(AC17="",AA17,AC17)
A18: NEG_X_017 | B18: Negative | C18: Công thức tính diện tích hình tròn là gì? | D18: Không có trong tài liệu - phải từ chối, không bịa điều luật. | I18: Easy | J18: None | K18: No | L18: Từ chối: 'Dựa trên tài liệu được cung cấp, tôi không tìm thấy thông tin để trả lời câu hỏi này.' | M18: Off-topic | R18: Dựa trên tài liệu được cung cấp, tôi không tìm thấy thông tin để trả lời câu hỏi này. | U18: (no LLM call: early exit) | V18: 19.2 | X18: 0 | Y18: No | Z18: n/a | AA18: PASS | AB18: Từ chối đúng | AD18: =IF(AC18="",AA18,AC18)
A19: NEG_X_018 | B19: Negative | C19: Công ty Apple trả lương cho kỹ sư phần mềm tại Việt Nam bao nhiêu một tháng? | D19: Không có trong tài liệu - phải từ chối, không bịa điều luật. | I19: Easy | J19: None | K19: No | L19: Từ chối: 'Dựa trên tài liệu được cung cấp, tôi không tìm thấy thông tin để trả lời câu hỏi này.' | M19: Not in documents | R19: Dựa trên tài liệu được cung cấp, tôi không tìm thấy thông tin để trả lời câu hỏi này. | U19: (no LLM call: early exit) | V19: 21.8 | X19: 0 | Y19: No | Z19: n/a | AA19: PASS | AB19: Từ chối đúng | AD19: =IF(AC19="",AA19,AC19)
A20: NEG_X_019 | B20: Negative | C20: Thủ tục ly hôn đơn phương tại tòa án gồm những bước nào? | D20: Không có trong tài liệu - phải từ chối, không bịa điều luật. | I20: Easy | J20: None | K20: No | L20: Từ chối: 'Dựa trên tài liệu được cung cấp, tôi không tìm thấy thông tin để trả lời câu hỏi này.' | M20: Other law | R20: Dựa trên tài liệu được cung cấp, tôi không tìm thấy thông tin để trả lời câu hỏi này. | U20: (no LLM call: early exit) | V20: 17.1 | X20: 0 | Y20: No | Z20: n/a | AA20: PASS | AB20: Từ chối đúng | AD20: =IF(AC20="",AA20,AC20)
A21: NEG_X_020 | B21: Negative | C21: Luật Bảo vệ môi trường quy định mức phạt xả thải vượt chuẩn là bao nhiêu? | D21: Không có trong tài liệu - phải từ chối, không bịa điều luật. | I21: Easy | J21: None | K21: No | L21: Từ chối: 'Dựa trên tài liệu được cung cấp, tôi không tìm thấy thông tin để trả lời câu hỏi này.' | M21: Other law | R21: Dựa trên tài liệu được cung cấp, tôi không tìm thấy thông tin để trả lời câu hỏi này. | U21: (no LLM call: early exit) | V21: 20.6 | X21: 0 | Y21: No | Z21: n/a | AA21: PASS | AB21: Từ chối đúng | AD21: =IF(AC21="",AA21,AC21)

Sheet Defects
A1: Defect ID | B1: Test Case | C1: Severity | D1: Title | E1: Steps to reproduce | F1: Expected | G1: Actual | H1: Auto reasons | I1: Status
A2: D-001 | B2: NEG_X_012 | C2: Medium | D2: Câu trả lời sai/thiếu nội dung | E2: 1. Mở RAG Lab / POST /api/rag/chat 2. Query: "Theo Bộ luật Lao động năm 2030, tuổi nghỉ hưu của lao động nam là bao nhiêu?" | F2: Không có trong tài liệu - phải từ chối, không bịa điều luật. | G2: Dựa trên lộ trình điều chỉnh tuổi nghỉ hưu đối với lao động nam trong điều kiện lao động bình thường, tuổi nghỉ hưu đạt mức 62 tuổi vào năm 2028 [SOURCE_1], [SOURCE_3]. Từ năm 2028 trở đi, tuổi nghỉ hưu của lao động nam là 62 tuổi [SOURCE_1]. Do đó, vào năm 2030, tuổi nghỉ hưu của lao động nam vẫn là **62 tuổi** [SOURCE_1]. | H2: Trả lời câu hỏi không có đáp án (nguy cơ bịa) | I2: Open (candidate)

Sheet Environment
A1: Item | B1: Value
A2: Report generated | B2: 2026-10-21T14:14:32
A3: Test execution | B3: 2026-10-21T14:07:11 → 2026-10-21T14:14:30
A4: Test file | B4: TC_Negative.xlsx (sha256 e8e04b26717130e8)
A5: Test cases | B5: 20
A6: API | B6: http://127.0.0.1:8001
A7: LLM provider override | B7: (server default)
A8: LLM models used (from responses) | B8: (no LLM call: early exit): 14; gemini-3.5-flash-lite: 6
A9: Git commit | B9: b1b412d + 30 uncommitted file(s) in src/, frontend/src, evaluation/
A10: Indexed documents | B10: 5
A11: Pages / elements / chunks / vectors | B11: 1428 / 21527 / 4654 / 4654
A12: Embedding model / device | B12: BAAI/bge-m3 / cpu
A13: config EMBEDDING_MODEL | B13: (default)
A14: config RERANKER_MODEL | B14: (default)
A15: config RETRIEVAL_TOP_K | B15: 10
A16: config RERANK_TOP_N | B16: (default)
A17: config RERANK_THRESHOLD | B17: (default)
A18: config MAX_CONTEXT_TOKENS | B18: (default)
A19: config LLM_PROVIDER | B19: gemini
A20: config LLM_MODEL | B20: gemini-3.6-flash
A21: config GEMINI_MODEL | B21: gemini-3.5-flash-lite
A22: config OPENAI_MODEL | B22: (default)
... A26: Group → document | B26: A: giao trinh Luat lao dong CB 2005 (1).pdf; B: so-tay-kien-thuc-phap-luat-lao-dong-cdi.pdf; C: luu-ban-nhap-tu-dong-3-4.pdf; D: ILO-VCCI_Labour-Law-Guide-Book-V04-Final.pdf; E: Văn-bản-hợp-nhất-18-VBHN-VPQH.pdf
