Workbook

Sheet Summary
A1: TC_LuatLD — Test Summary
A2: Effective Status = Final Status (tester) nếu đã điền, nếu không = Suggested Status (tự động).
A4: Status | B4: Count | C4: Rate
A5: PASS | B5: =COUNTIF(Results!$AA$2:$AA$101,"PASS") | C5: =B5/100
A6: PARTIAL | B6: =COUNTIF(Results!$AA$2:$AA$101,"PARTIAL") | C6: =B6/100
A7: FAIL | B7: =COUNTIF(Results!$AA$2:$AA$101,"FAIL") | C7: =B7/100
A8: BLOCKED | B8: =COUNTIF(Results!$AA$2:$AA$101,"BLOCKED") | C8: =B8/100
A9: Total | B9: =SUM(B5:B8)
A10: Reviewed by tester | B10: =COUNTA(Results!Z2:Z101)
A11: Median latency (s) | B11: 20.5
A13: Theo tài liệu
A14: Document | B14: Total | C14: PASS | D14: PARTIAL | E14: FAIL | F14: BLOCKED | G14: Pass rate
A15: giao trinh Luat lao dong CB 2005 (1) | B15: =COUNTIF(Results!$N$2:$N$101,A15) | C15: =COUNTIFS(Results!$N$2:$N$101,A15,Results!$AA$2:$AA$101,"PASS") | D15: =COUNTIFS(Results!$N$2:$N$101,A15,Results!$AA$2:$AA$101,"PARTIAL") | E15: =COUNTIFS(Results!$N$2:$N$101,A15,Results!$AA$2:$AA$101,"FAIL") | F15: =COUNTIFS(Results!$N$2:$N$101,A15,Results!$AA$2:$AA$101,"BLOCKED") | G15: =IF(B15=0,0,C15/B15)
A16: so-tay-kien-thuc-phap-luat-lao-dong-cdi | B16: =COUNTIF(Results!$N$2:$N$101,A16) | C16: =COUNTIFS(Results!$N$2:$N$101,A16,Results!$AA$2:$AA$101,"PASS") | D16: =COUNTIFS(Results!$N$2:$N$101,A16,Results!$AA$2:$AA$101,"PARTIAL") | E16: =COUNTIFS(Results!$N$2:$N$101,A16,Results!$AA$2:$AA$101,"FAIL") | F16: =COUNTIFS(Results!$N$2:$N$101,A16,Results!$AA$2:$AA$101,"BLOCKED") | G16: =IF(B16=0,0,C16/B16)
A17: luu-ban-nhap-tu-dong-3-4 | B17: =COUNTIF(Results!$N$2:$N$101,A17) | C17: =COUNTIFS(Results!$N$2:$N$101,A17,Results!$AA$2:$AA$101,"PASS") | D17: =COUNTIFS(Results!$N$2:$N$101,A17,Results!$AA$2:$AA$101,"PARTIAL") | E17: =COUNTIFS(Results!$N$2:$N$101,A17,Results!$AA$2:$AA$101,"FAIL") | F17: =COUNTIFS(Results!$N$2:$N$101,A17,Results!$AA$2:$AA$101,"BLOCKED") | G17: =IF(B17=0,0,C17/B17)
A18: ILO-VCCI_Labour-Law-Guide-Book-V04-Final | B18: =COUNTIF(Results!$N$2:$N$101,A18) | C18: =COUNTIFS(Results!$N$2:$N$101,A18,Results!$AA$2:$AA$101,"PASS") | D18: =COUNTIFS(Results!$N$2:$N$101,A18,Results!$AA$2:$AA$101,"PARTIAL") | E18: =COUNTIFS(Results!$N$2:$N$101,A18,Results!$AA$2:$AA$101,"FAIL") | F18: =COUNTIFS(Results!$N$2:$N$101,A18,Results!$AA$2:$AA$101,"BLOCKED") | G18: =IF(B18=0,0,C18/B18)
A19: Văn-bản-hợp-nhất-18-VBHN-VPQH | B19: =COUNTIF(Results!$N$2:$N$101,A19) | C19: =COUNTIFS(Results!$N$2:$N$101,A19,Results!$AA$2:$AA$101,"PASS") | D19: =COUNTIFS(Results!$N$2:$N$101,A19,Results!$AA$2:$AA$101,"PARTIAL") | E19: =COUNTIFS(Results!$N$2:$N$101,A19,Results!$AA$2:$AA$101,"FAIL") | F19: =COUNTIFS(Results!$N$2:$N$101,A19,Results!$AA$2:$AA$101,"BLOCKED") | G19: =IF(B19=0,0,C19/B19)
A21: Theo độ khó
A22: Retrieval Difficulty | B22: Total | C22: PASS | D22: PARTIAL | E22: FAIL | F22: BLOCKED | G22: Pass rate
A23: Easy | B23: =COUNTIF(Results!$I$2:$I$101,A23) | C23: =COUNTIFS(Results!$I$2:$I$101,A23,Results!$AA$2:$AA$101,"PASS") | D23: =COUNTIFS(Results!$I$2:$I$101,A23,Results!$AA$2:$AA$101,"PARTIAL") | E23: =COUNTIFS(Results!$I$2:$I$101,A23,Results!$AA$2:$AA$101,"FAIL") | F23: =COUNTIFS(Results!$I$2:$I$101,A23,Results!$AA$2:$AA$101,"BLOCKED") | G23: =IF(B23=0,0,C23/B23)
A24: Medium | B24: =COUNTIF(Results!$I$2:$I$101,A24) | C24: =COUNTIFS(Results!$I$2:$I$101,A24,Results!$AA$2:$AA$101,"PASS") | D24: =COUNTIFS(Results!$I$2:$I$101,A24,Results!$AA$2:$AA$101,"PARTIAL") | E24: =COUNTIFS(Results!$I$2:$I$101,A24,Results!$AA$2:$AA$101,"FAIL") | F24: =COUNTIFS(Results!$I$2:$I$101,A24,Results!$AA$2:$AA$101,"BLOCKED") | G24: =IF(B24=0,0,C24/B24)
A25: Hard | B25: =COUNTIF(Results!$I$2:$I$101,A25) | C25: =COUNTIFS(Results!$I$2:$I$101,A25,Results!$AA$2:$AA$101,"PASS") | D25: =COUNTIFS(Results!$I$2:$I$101,A25,Results!$AA$2:$AA$101,"PARTIAL") | E25: =COUNTIFS(Results!$I$2:$I$101,A25,Results!$AA$2:$AA$101,"FAIL") | F25: =COUNTIFS(Results!$I$2:$I$101,A25,Results!$AA$2:$AA$101,"BLOCKED") | G25: =IF(B25=0,0,C25/B25)
A27: Theo loại câu hỏi
A28: Category | B28: Total | C28: PASS | D28: PARTIAL | E28: FAIL | F28: BLOCKED | G28: Pass rate
A29: Definition | B29: =COUNTIF(Results!$B$2:$B$101,A29) | C29: =COUNTIFS(Results!$B$2:$B$101,A29,Results!$AA$2:$AA$101,"PASS") | D29: =COUNTIFS(Results!$B$2:$B$101,A29,Results!$AA$2:$AA$101,"PARTIAL") | E29: =COUNTIFS(Results!$B$2:$B$101,A29,Results!$AA$2:$AA$101,"FAIL") | F29: =COUNTIFS(Results!$B$2:$B$101,A29,Results!$AA$2:$AA$101,"BLOCKED") | G29: =IF(B29=0,0,C29/B29)
A30: List | B30: =COUNTIF(Results!$B$2:$B$101,A30) | C30: =COUNTIFS(Results!$B$2:$B$101,A30,Results!$AA$2:$AA$101,"PASS") | D30: =COUNTIFS(Results!$B$2:$B$101,A30,Results!$AA$2:$AA$101,"PARTIAL") | E30: =COUNTIFS(Results!$B$2:$B$101,A30,Results!$AA$2:$AA$101,"FAIL") | F30: =COUNTIFS(Results!$B$2:$B$101,A30,Results!$AA$2:$AA$101,"BLOCKED") | G30: =IF(B30=0,0,C30/B30)
A31: Direct Fact | B31: =COUNTIF(Results!$B$2:$B$101,A31) | C31: =COUNTIFS(Results!$B$2:$B$101,A31,Results!$AA$2:$AA$101,"PASS") | D31: =COUNTIFS(Results!$B$2:$B$101,A31,Results!$AA$2:$AA$101,"PARTIAL") | E31: =COUNTIFS(Results!$B$2:$B$101,A31,Results!$AA$2:$AA$101,"FAIL") | F31: =COUNTIFS(Results!$B$2:$B$101,A31,Results!$AA$2:$AA$101,"BLOCKED") | G31: =IF(B31=0,0,C31/B31)
A32: Concept | B32: =COUNTIF(Results!$B$2:$B$101,A32) | C32: =COUNTIFS(Results!$B$2:$B$101,A32,Results!$AA$2:$AA$101,"PASS") | D32: =COUNTIFS(Results!$B$2:$B$101,A32,Results!$AA$2:$AA$101,"PARTIAL") | E32: =COUNTIFS(Results!$B$2:$B$101,A32,Results!$AA$2:$AA$101,"FAIL") | F32: =COUNTIFS(Results!$B$2:$B$101,A32,Results!$AA$2:$AA$101,"BLOCKED") | G32: =IF(B32=0,0,C32/B32)
A33: Rule | B33: =COUNTIF(Results!$B$2:$B$101,A33) | C33: =COUNTIFS(Results!$B$2:$B$101,A33,Results!$AA$2:$AA$101,"PASS") | D33: =COUNTIFS(Results!$B$2:$B$101,A33,Results!$AA$2:$AA$101,"PARTIAL") | E33: =COUNTIFS(Results!$B$2:$B$101,A33,Results!$AA$2:$AA$101,"FAIL") | F33: =COUNTIFS(Results!$B$2:$B$101,A33,Results!$AA$2:$AA$101,"BLOCKED") | G33: =IF(B33=0,0,C33/B33)
A34: Comparison | B34: =COUNTIF(Results!$B$2:$B$101,A34) | C34: =COUNTIFS(Results!$B$2:$B$101,A34,Results!$AA$2:$AA$101,"PASS") | D34: =COUNTIFS(Results!$B$2:$B$101,A34,Results!$AA$2:$AA$101,"PARTIAL") | E34: =COUNTIFS(Results!$B$2:$B$101,A34,Results!$AA$2:$AA$101,"FAIL") | F34: =COUNTIFS(Results!$B$2:$B$101,A34,Results!$AA$2:$AA$101,"BLOCKED") | G34: =IF(B34=0,0,C34/B34)
A35: Scenario-based | B35: =COUNTIF(Results!$B$2:$B$101,A35) | C35: =COUNTIFS(Results!$B$2:$B$101,A35,Results!$AA$2:$AA$101,"PASS") | D35: =COUNTIFS(Results!$B$2:$B$101,A35,Results!$AA$2:$AA$101,"PARTIAL") | E35: =COUNTIFS(Results!$B$2:$B$101,A35,Results!$AA$2:$AA$101,"FAIL") | F35: =COUNTIFS(Results!$B$2:$B$101,A35,Results!$AA$2:$AA$101,"BLOCKED") | G35: =IF(B35=0,0,C35/B35)
A36: Multi-hop | B36: =COUNTIF(Results!$B$2:$B$101,A36) | C36: =COUNTIFS(Results!$B$2:$B$101,A36,Results!$AA$2:$AA$101,"PASS") | D36: =COUNTIFS(Results!$B$2:$B$101,A36,Results!$AA$2:$AA$101,"PARTIAL") | E36: =COUNTIFS(Results!$B$2:$B$101,A36,Results!$AA$2:$AA$101,"FAIL") | F36: =COUNTIFS(Results!$B$2:$B$101,A36,Results!$AA$2:$AA$101,"BLOCKED") | G36: =IF(B36=0,0,C36/B36)
A37: Source-awareness | B37: =COUNTIF(Results!$B$2:$B$101,A37) | C37: =COUNTIFS(Results!$B$2:$B$101,A37,Results!$AA$2:$AA$101,"PASS") | D37: =COUNTIFS(Results!$B$2:$B$101,A37,Results!$AA$2:$AA$101,"PARTIAL") | E37: =COUNTIFS(Results!$B$2:$B$101,A37,Results!$AA$2:$AA$101,"FAIL") | F37: =COUNTIFS(Results!$B$2:$B$101,A37,Results!$AA$2:$AA$101,"BLOCKED") | G37: =IF(B37=0,0,C37/B37)
A38: Synthesis | B38: =COUNTIF(Results!$B$2:$B$101,A38) | C38: =COUNTIFS(Results!$B$2:$B$101,A38,Results!$AA$2:$AA$101,"PASS") | D38: =COUNTIFS(Results!$B$2:$B$101,A38,Results!$AA$2:$AA$101,"PARTIAL") | E38: =COUNTIFS(Results!$B$2:$B$101,A38,Results!$AA$2:$AA$101,"FAIL") | F38: =COUNTIFS(Results!$B$2:$B$101,A38,Results!$AA$2:$AA$101,"BLOCKED") | G38: =IF(B38=0,0,C38/B38)
A39: Navigation | B39: =COUNTIF(Results!$B$2:$B$101,A39) | C39: =COUNTIFS(Results!$B$2:$B$101,A39,Results!$AA$2:$AA$101,"PASS") | D39: =COUNTIFS(Results!$B$2:$B$101,A39,Results!$AA$2:$AA$101,"PARTIAL") | E39: =COUNTIFS(Results!$B$2:$B$101,A39,Results!$AA$2:$AA$101,"FAIL") | F39: =COUNTIFS(Results!$B$2:$B$101,A39,Results!$AA$2:$AA$101,"BLOCKED") | G39: =IF(B39=0,0,C39/B39)
A40: False Premise | B40: =COUNTIF(Results!$B$2:$B$101,A40) | C40: =COUNTIFS(Results!$B$2:$B$101,A40,Results!$AA$2:$AA$101,"PASS") | D40: =COUNTIFS(Results!$B$2:$B$101,A40,Results!$AA$2:$AA$101,"PARTIAL") | E40: =COUNTIFS(Results!$B$2:$B$101,A40,Results!$AA$2:$AA$101,"FAIL") | F40: =COUNTIFS(Results!$B$2:$B$101,A40,Results!$AA$2:$AA$101,"BLOCKED") | G40: =IF(B40=0,0,C40/B40)
... A45: Procedure | B45: =COUNTIF(Results!$B$2:$B$101,A45) | C45: =COUNTIFS(Results!$B$2:$B$101,A45,Results!$AA$2:$AA$101,"PASS") | D45: =COUNTIFS(Results!$B$2:$B$101,A45,Results!$AA$2:$AA$101,"PARTIAL") | E45: =COUNTIFS(Results!$B$2:$B$101,A45,Results!$AA$2:$AA$101,"FAIL") | F45: =COUNTIFS(Results!$B$2:$B$101,A45,Results!$AA$2:$AA$101,"BLOCKED") | G45: =IF(B45=0,0,C45/B45)

Sheet Results
A1: Test Case ID | B1: Category | C1: Query | D1: Expected Answer | E1: Evidence | F1: Source Page | G1: Source Section | H1: Required Keywords / Key Concepts | I1: Retrieval Difficulty | J1: Expected Retrieval Type | K1: Is Answerable | L1: Expected Behavior | M1: Notes | N1: Document | O1: Actual Answer | P1: Cited Sources | Q1: Context Sources | R1: LLM Model | S1: Latency (s) | T1: Keyword Coverage | U1: Expected-Answer Recall | V1: Cited Expected Doc | W1: Page Match | X1: Suggested Status | Y1: Auto Reasons | Z1: Final Status | AA1: Effective Status | AB1: Defect ID | AC1: Tester Note
A2: LAW_A_001 | B2: Definition | C2: Theo giáo trình, đối tượng điều chỉnh của Luật lao động gồm những nhóm quan hệ nào? | D2: Gồm quan hệ lao động và các quan hệ liên quan chặt chẽ hoặc phát sinh từ quan hệ lao động. | E2: Căn cứ: phần “Bài 1 - Đối tượng điều chỉnh”, trang 3. Nội dung được tài liệu xác nhận: Gồm quan hệ lao động và các quan hệ liên quan chặt chẽ hoặc phát sinh từ quan hệ lao động. | F2: 3 | G2: Bài 1 - Đối tượng điều chỉnh | H2: quan hệ lao động | quan hệ liên quan | I2: Easy | J2: Single Chunk | K2: Yes | L2: Answer from document | N2: giao trinh Luat lao dong CB 2005 (1) | O2: Theo giáo trình, đối tượng điều chỉnh của Luật lao động bao gồm hai nhóm quan hệ xã hội [SOURCE_1]: 1. **Quan hệ lao động** [SOURCE_1]. 2. **Các quan hệ liên quan đến quan hệ lao động** (phát sinh trong quá trình sử dụng lao động) [SOURCE_1]. Cụ thể, đó là mối quan hệ xã hội phát sinh giữa một bên là người lao động làm công ăn lương với một bên là cá nhân hoặc tổ chức sử dụng, thuê mướn có trả công cho người lao động và các quan hệ khác có liên quan chặt chẽ hoặc phát sinh từ quan hệ lao động [SOURCE_1]. | P2: [SOURCE_1] giao trinh Luat lao dong CB 2005 (1) | tr.3 | BÀI 1 > KHÁI NIỆM LUẬT LAO ĐỘNG VIỆT NAM > I - ĐỐI TƯỢNG VÀ | 0.9984 | Q2: [SOURCE_1] giao trinh Luat lao dong CB 2005 (1) | tr.3 | BÀI 1 > KHÁI NIỆM LUẬT LAO ĐỘNG VIỆT NAM > I - ĐỐI TƯỢNG VÀ | 0.9984 [SOURCE_2] giao trinh Luat lao dong CB 2005 (1) | tr.7 | 2 - Phương pháp điều chỉnh của luật lao động | 0.9587 [SOURCE_3] giao trinh Luat lao dong CB 2005 (1) | tr.7 | (7) - Quan hệ về quản lý lao động | 0.9279 [SOURCE_4] giao trinh Luat lao dong CB 2005 (1) | tr.3 | a - Quan hệ lao động | 0.8305 [SOURCE_5] giao trinh Luat lao dong CB 2005 (1) | tr.6 | (4) Quan hệ về bảo hiểm xã hội | 0.8054 | R2: GeminiProvider | S2: 19 | T2: 1 | U2: 1 | V2: Yes | W2: Yes | X2: PASS | AA2: =IF(Z2="",X2,Z2)
A3: LAW_A_002 | B3: Definition | C3: Quan hệ lao động được giáo trình mô tả là gì? | D3: Là quan hệ giữa con người với con người trong lao động nhằm tạo ra các giá trị vật chất, tinh thần phục vụ bản thân và xã hội. | E3: Căn cứ: phần “Bài 1 - Quan hệ lao động”, trang 3. Nội dung được tài liệu xác nhận: Là quan hệ giữa con người với con người trong lao động nhằm tạo ra các giá trị vật chất, tinh thần phục vụ bản thân và xã hội. | F3: 3 | G3: Bài 1 - Quan hệ lao động | H3: lao động | giá trị vật chất | tinh thần | I3: Easy | J3: Single Chunk | K3: Yes | L3: Answer from document | N3: giao trinh Luat lao dong CB 2005 (1) | O3: Theo Giáo trình Luật Lao động cơ bản, quan hệ lao động được mô tả như sau: * Quan hệ lao động vừa có tính kinh tế, vừa có tính xã hội [SOURCE_1]. * Quan hệ giữa con người với con người trong lao động nhằm tạo ra những giá trị vật chất, tinh thần phục vụ chính bản thân và xã hội gọi là quan hệ lao động [SOURCE_3]. * Quan hệ lao động là biểu hiện một mặt của quan hệ sản xuất và chịu sự chi phối của quan hệ sở hữu [SOURCE_3]. * Ở đâu có tổ chức lao động, có hợp tác và phân công lao động thì ở đó tồn tại quan hệ lao động [SOURCE_3]. * Trong số các quan hệ lao động tồn tại trong đời sống xã hội, Luật lao động chủ yếu điều chỉnh quan hệ lao động giữa người lao động làm công ăn lương với người sử dụng lao động thuộc mọi thành phần kinh tế (xác lập trên cơ sở hợp đồng lao động) [SOURCE_3]. | P3: [SOURCE_1] giao trinh Luat lao dong CB 2005 (1) | tr.13 | Giáo trình Luật Lao động cơ bản | 0.9737 [SOURCE_3] giao trinh Luat lao dong CB 2005 (1) | tr.3 | a - Quan hệ lao động | 0.8496 | Q3: [SOURCE_1] giao trinh Luat lao dong CB 2005 (1) | tr.13 | Giáo trình Luật Lao động cơ bản | 0.9737 [SOURCE_2] giao trinh Luat lao dong CB 2005 (1) | tr.3 | a - Quan hệ lao động | 0.8655 [SOURCE_3] giao trinh Luat lao dong CB 2005 (1) | tr.3 | a - Quan hệ lao động | 0.8496 [SOURCE_4] luu-ban-nhap-tu-dong-3-4 | tr.69 | Điều 3. Giải thích từ ngữ ữ | 0.8055 [SOURCE_5] luu-ban-nhap-tu-dong-3-4 | tr.72 | Điều 7. Quan hệ lao động | 0.7175 | R3: GeminiProvider | S3: 26.6 | T3: 1 | U3: 1 | V3: Yes | W3: Yes | X3: PASS | AA3: =IF(Z3="",X3,Z3)
A4: LAW_A_003 | B4: List | C4: Giáo trình liệt kê những quan hệ nào liên quan đến quan hệ lao động? | D4: Gồm quan hệ về việc làm, học nghề, bồi thường thiệt hại, bảo hiểm xã hội, quan hệ với Công đoàn/đại diện tập thể lao động, giải quyết tranh chấp và đình công, và quản lý lao động. | E4: Căn cứ: phần “Bài 1 - Các quan hệ liên quan”, trang 5. Nội dung được tài liệu xác nhận: Gồm quan hệ về việc làm, học nghề, bồi thường thiệt hại, bảo hiểm xã hội, quan hệ với Công đoàn/đại diện tập thể lao động, giải quyết tranh chấp và đình công, và quản lý lao động. | F4: 5 | G4: Bài 1 - Các quan hệ liên quan | H4: việc làm | học nghề | bồi thường | BHXH | công đoàn | tranh chấp | quản lý | I4: Easy | J4: Single Chunk | K4: Yes | L4: Answer from document | N4: giao trinh Luat lao dong CB 2005 (1) | O4: Theo giáo trình, các quan hệ có liên quan chặt chẽ với quan hệ lao động bao gồm [SOURCE_1]: * Quan hệ về việc làm [SOURCE_1]; * Quan hệ học nghề [SOURCE_1]; * Quan hệ về bồi thường thiệt hại [SOURCE_1]; * Quan hệ về bảo hiểm xã hội [SOURCE_1]; * Quan hệ giữa người sử dụng lao động với tổ chức Công đoàn, đại diện của tập thể người lao động [SOURCE_1]; * Quan hệ về giải quyết các tranh chấp lao động và các cuộc đình công [SOURCE_1]; * Quan hệ về quản lý lao động [SOURCE_1]. | P4: [SOURCE_1] giao trinh Luat lao dong CB 2005 (1) | tr.4 | b - Các quan hệ liên quan đến quan hệ lao động | 0.9891 | Q4: [SOURCE_1] giao trinh Luat lao dong CB 2005 (1) | tr.4 | b - Các quan hệ liên quan đến quan hệ lao động | 0.9891 [SOURCE_2] giao trinh Luat lao dong CB 2005 (1) | tr.13 | Giáo trình Luật Lao động cơ bản | 0.9326 [SOURCE_3] giao trinh Luat lao dong CB 2005 (1) | tr.3 | a - Quan hệ lao động | 0.9083 [SOURCE_4] luu-ban-nhap-tu-dong-3-4 | tr.72 | Điều 7. Quan hệ lao động | 0.8941 [SOURCE_5] giao trinh Luat lao dong CB 2005 (1) | tr.3 | a - Quan hệ lao động | 0.891 | R4: GeminiProvider | S4: 22.5 | T4: 1 | U4: 1 | V4: Yes | W4: Yes | X4: PASS | AA4: =IF(Z4="",X4,Z4)
A5: LAW_A_004 | B5: Definition | C5: Theo giáo trình, quan hệ pháp luật lao động là gì? | D5: Là các quan hệ phát sinh trong quá trình sử dụng sức lao động, được các quy phạm pháp luật lao động điều chỉnh. | E5: Căn cứ: phần “Bài 2 - Khái niệm”, trang 14. Nội dung được tài liệu xác nhận: Là các quan hệ phát sinh trong quá trình sử dụng sức lao động, được các quy phạm pháp luật lao động điều chỉnh. | F5: 14 | G5: Bài 2 - Khái niệm | H5: sử dụng sức lao động | quy phạm pháp luật lao động | I5: Easy | J5: Single Chunk | K5: Yes | L5: Answer from document | N5: giao trinh Luat lao dong CB 2005 (1) | O5: Theo giáo trình, quan hệ pháp luật lao động là các quan hệ phát sinh trong quá trình sử dụng sức lao động của người lao động ở các cơ quan Nhà nước, các tổ chức, các hợp tác xã, các doanh nghiệp thuộc mọi thành phần kinh tế và các gia đình hay cá nhân có thuê mướn lao động, được các quy phạm pháp luật lao động điều chỉnh [SOURCE_2]. Quan hệ pháp luật lao động thể hiện sự ràng buộc trách nhiệm giữa người lao động làm công ăn lương với người sử dụng lao động [SOURCE_2]: * **Đối với người lao động:** Khi tham gia quan hệ này, người lao động phải hoàn thành công việc như đã thỏa thuận trong hợp đồng lao động, chấp hành nội quy lao động và chịu sự quản lý, điều hành của người chủ [SOURCE_2]. * **Đối với người sử dụng lao động:** Phải đảm bảo trả lương và các chế độ khác cho người lao động theo thỏa thuận trong hợp đồng lao động phù hợp với pháp luật và thỏa ước lao động tập thể [SOURCE_2]. | P5: [SOURCE_2] giao trinh Luat lao dong CB 2005 (1) | tr.14 | BÀI 2 > QUAN HỆ PHÁP LUẬT LAO ĐỘNG > I - KHÁI NIỆM VÀ ĐẶC ĐI | 0.9835 | Q5: [SOURCE_1] giao trinh Luat lao dong CB 2005 (1) | tr.13 | Giáo trình Luật Lao động cơ bản | 0.9936 [SOURCE_2] giao trinh Luat lao dong CB 2005 (1) | tr.14 | BÀI 2 > QUAN HỆ PHÁP LUẬT LAO ĐỘNG > I - KHÁI NIỆM VÀ ĐẶC ĐI | 0.9835 [SOURCE_3] giao trinh Luat lao dong CB 2005 (1) | tr.14 | 2. Đặc điểm của quan hệ pháp luật lao động | 0.9708 [SOURCE_4] giao trinh Luat lao dong CB 2005 (1) | tr.14 | 2. Đặc điểm của quan hệ pháp luật lao động | 0.9608 [SOURCE_5] giao trinh Luat lao dong CB 2005 (1) | tr.18 | 2. Nội dung của quan hệ pháp luật lao động | 0.9575 | R5: GeminiProvider | S5: 17.6 | T5: 1 | U5: 1 | V5: Yes | W5: Yes | X5: PASS | AA5: =IF(Z5="",X5,Z5)
A6: LAW_A_005 | B6: Direct Fact | C6: Ba loại quan hệ về việc làm chủ yếu được giáo trình nêu là gì? | D6: Quan hệ bảo đảm việc làm giữa Nhà nước và NLĐ; giữa NSDLĐ và NLĐ; và giữa NLĐ với các trung tâm dịch vụ việc làm. | E6: Căn cứ: phần “Bài 1 - Quan hệ việc làm”, trang 5. Nội dung được tài liệu xác nhận: Quan hệ bảo đảm việc làm giữa Nhà nước và NLĐ; giữa NSDLĐ và NLĐ; và giữa NLĐ với các trung tâm dịch vụ việc làm. | F6: 5 | G6: Bài 1 - Quan hệ việc làm | H6: Nhà nước | NSDLĐ | trung tâm dịch vụ việc làm | I6: Easy | J6: Single Chunk | K6: Yes | L6: Answer from document | N6: giao trinh Luat lao dong CB 2005 (1) | O6: Dựa trên tài liệu được cung cấp, ba loại quan hệ về việc làm chủ yếu bao gồm: 1. Quan hệ về đảm bảo việc làm giữa Nhà nước và người lao động [SOURCE_1]. 2. Quan hệ về đảm bảo việc làm giữa người sử dụng lao động và người lao động [SOURCE_1]. 3. Quan hệ giữa người lao động và các trung tâm dịch vụ việc làm [SOURCE_1]. | P6: [SOURCE_1] giao trinh Luat lao dong CB 2005 (1) | tr.5 | (1) Quan hệ về việc làm | 0.9905 | Q6: [SOURCE_1] giao trinh Luat lao dong CB 2005 (1) | tr.5 | (1) Quan hệ về việc làm | 0.9905 [SOURCE_2] giao trinh Luat lao dong CB 2005 (1) | tr.4 | b - Các quan hệ liên quan đến quan hệ lao động | 0.5222 | R6: GeminiProvider | S6: 20.3 | T6: 1 | U6: 1 | V6: Yes | W6: Yes | X6: PASS | AA6: =IF(Z6="",X6,Z6)
A7: LAW_A_006 | B7: Concept | C7: Quan hệ học nghề có thể tồn tại dưới những dạng nào? | D7: Có thể là quan hệ độc lập hoặc là quan hệ phụ thuộc quan hệ lao động. | E7: Căn cứ: phần “Bài 1 - Quan hệ học nghề”, trang 5. Nội dung được tài liệu xác nhận: Có thể là quan hệ độc lập hoặc là quan hệ phụ thuộc quan hệ lao động. | F7: 5 | G7: Bài 1 - Quan hệ học nghề | H7: độc lập | phụ thuộc quan hệ lao động | I7: Easy | J7: Single Chunk | K7: Yes | L7: Answer from document | N7: giao trinh Luat lao dong CB 2005 (1) | O7: Dựa trên tài liệu được cung cấp, quan hệ học nghề vừa có thể là một quan hệ độc lập, vừa có thể là một quan hệ phụ thuộc quan hệ lao động [SOURCE_1]. | P7: [SOURCE_1] giao trinh Luat lao dong CB 2005 (1) | tr.5 | (2) Quan hệ học nghề | 0.8816 | Q7: [SOURCE_1] giao trinh Luat lao dong CB 2005 (1) | tr.5 | (2) Quan hệ học nghề | 0.8816 [SOURCE_2] giao trinh Luat lao dong CB 2005 (1) | tr.5 | (2) Quan hệ học nghề | 0.4338 | R7: GeminiProvider | S7: 19 | T7: 1 | U7: 1 | V7: Yes | W7: Yes | X7: PASS | AA7: =IF(Z7="",X7,Z7)
A8: LAW_A_007 | B8: Definition | C8: Theo giáo trình, tiền lương được nhìn nhận như thế nào trong quan hệ lao động? | D8: Tiền lương được xem là giá cả của sức lao động và việc trả lương dựa trên thỏa thuận, trong khuôn khổ pháp luật. | E8: Căn cứ: phần “Bài 1/Bài 6 - Tiền lương”, trang None. Nội dung được tài liệu xác nhận: Tiền lương được xem là giá cả của sức lao động và việc trả lương dựa trên thỏa thuận, trong khuôn khổ pháp luật. | G8: Bài 1/Bài 6 - Tiền lương | H8: giá cả sức lao động | thỏa thuận | I8: Easy | J8: Single Chunk | K8: Yes | L8: Answer from document | N8: giao trinh Luat lao dong CB 2005 (1) | O8: Theo tài liệu được cung cấp, tiền lương trong quan hệ lao động được nhìn nhận và quy định như sau: * **Là một mục tiêu kinh tế:** Trong quan hệ lao động, tiền lương được nhìn nhận là một trong những mục tiêu kinh tế (bên cạnh lợi nhuận, sự tăng trưởng trong sản xuất, kinh doanh) mà Luật lao động phải xem xét kết hợp hài hòa với việc giải quyết các vấn đề xã hội [SOURCE_1]. * **Định nghĩa về tiền lương:** * Tiền lương được hiểu là số lượng tiền tệ mà người sử dụng lao động trả cho người lao động khi người lao động hoàn thành công việc theo chức năng, nhiệm vụ do pháp luật quy định, hoặc do hai bên đã thỏa thuận trong hợp đồng lao động [SOURCE_2]. * Tiền lương cũng là số tiền trả theo thỏa thuận để thực hiện công việc, bao gồm mức lương theo công việc hoặc chức danh, phụ cấp lương và các khoản bổ sung khác [SOURCE_3]. * **Cơ chế xác định và trả lương:** * Tiền lương do hai bên thỏa thuận trong hợp đồng lao động và được trả theo năng suất lao động, chất lượng và hiệu quả công việc [SOURCE_2]. * Mức lương theo công việc hoặc chức danh không được thấp hơn mức lương tối thiểu do Nhà nước quy định [SOURCE_2], [SOURCE_3]. * Lương được trả bằng tiền mặt, hoặc có thể trả một phần bằng séc/ngân phiếu do Nhà nước phát hành theo thỏa thuận của hai bên với điều kiện không gây thiệt hại, phiền hà cho người lao động [SOURCE_2]. * Người sử dụng lao động phải bảo đảm trả lương bình đẳng, không phân biệt giới tính đối với người lao động làm công việc có giá trị như nhau [SOURCE_3]. | P8: [SOURCE_1] giao trinh Luat lao dong CB 2005 (1) | tr.13 | Giáo trình Luật Lao động cơ bản | 0.7146 [SOURCE_2] giao trinh Luat lao dong CB 2005 (1) | tr.58 | BÀI 6 > TIỀN LƯƠNG > I. KHÁI QUÁT CHUNG VỀ TIỀN LƯƠNG > 1. Đ | 0.4023 [SOURCE_3] luu-ban-nhap-tu-dong-3-4 | tr.31 | Chương VI > Điều 90. Tiền lương | 0.3612 | Q8: [SOURCE_1] giao trinh Luat lao dong CB 2005 (1) | tr.13 | Giáo trình Luật Lao động cơ bản | 0.7146 [SOURCE_2] giao trinh Luat lao dong CB 2005 (1) | tr.58 | BÀI 6 > TIỀN LƯƠNG > I. KHÁI QUÁT CHUNG VỀ TIỀN LƯƠNG > 1. Đ | 0.4023 [SOURCE_3] luu-ban-nhap-tu-dong-3-4 | tr.31 | Chương VI > Điều 90. Tiền lương | 0.3612 | R8: GeminiProvider | S8: 22.6 | T8: 0.5 | U8: 0.68421053 | V8: Yes | W8: n/a | X8: PARTIAL | Y8: Thiếu từ khóa (50%) | AA8: =IF(Z8="",X8,Z8)
A9: LAW_A_008 | B9: Direct Fact | C9: Theo giáo trình, làm thêm vào ngày thường được trả ít nhất bao nhiêu phần trăm? | D9: Ít nhất bằng 150% đơn giá tiền lương hoặc tiền lương thực trả của công việc đang làm. | E9: Căn cứ: phần “Bài 6 - Trả lương làm thêm giờ”, trang 59. Nội dung được tài liệu xác nhận: Ít nhất bằng 150% đơn giá tiền lương hoặc tiền lương thực trả của công việc đang làm. | F9: 59 | G9: Bài 6 - Trả lương làm thêm giờ | H9: 150% | ngày thường | I9: Medium | J9: Single Chunk | K9: Yes | L9: Answer from document | N9: giao trinh Luat lao dong CB 2005 (1) | O9: Theo tài liệu được cung cấp, người lao động làm thêm giờ vào ngày thường được trả lương ít nhất bằng **150%** tính theo đơn giá tiền lương hoặc tiền lương theo công việc đang làm [SOURCE_1][SOURCE_2][SOURCE_3][SOURCE_4][SOURCE_5]. | P9: [SOURCE_1] so-tay-kien-thuc-phap-luat-lao-dong-cdi | tr.19 | Trả lời: | 0.9585 [SOURCE_2] giao trinh Luat lao dong CB 2005 (1) | tr.59 | 4. Trả lương khi làm thêm giờ | 0.9547 [SOURCE_3] Văn-bản-hợp-nhất-18-VBHN-VPQH | tr.38 | Điều 98. Tiền lương làm thêm giờ, làm việc vào ban đêm | 0.9278 [SOURCE_4] ILO-VCCI_Labour-Law-Guide-Book-V04-Final | tr.100 | 1. Tiền lương làm thêm giờ225 > (a) Đối với NLĐ hưởng lương | 0.9243 [SOURCE_5] giao trinh Luat lao dong CB 2005 (1) | tr.80 | · Các điều kiện và nguyên tắc làm thêm đến 300 giờ trong một | 0.8973 | Q9: [SOURCE_1] so-tay-kien-thuc-phap-luat-lao-dong-cdi | tr.19 | Trả lời: | 0.9585 [SOURCE_2] giao trinh Luat lao dong CB 2005 (1) | tr.59 | 4. Trả lương khi làm thêm giờ | 0.9547 [SOURCE_3] Văn-bản-hợp-nhất-18-VBHN-VPQH | tr.38 | Điều 98. Tiền lương làm thêm giờ, làm việc vào ban đêm | 0.9278 [SOURCE_4] ILO-VCCI_Labour-Law-Guide-Book-V04-Final | tr.100 | 1. Tiền lương làm thêm giờ225 > (a) Đối với NLĐ hưởng lương | 0.9243 [SOURCE_5] giao trinh Luat lao dong CB 2005 (1) | tr.80 | · Các điều kiện và nguyên tắc làm thêm đến 300 giờ trong một | 0.8973 | R9: GeminiProvider | S9: 19.8 | T9: 1 | U9: 0.93333333 | V9: Yes | W9: Yes | X9: PASS | AA9: =IF(Z9="",X9,Z9)
A10: LAW_A_009 | B10: Direct Fact | C10: Theo giáo trình, làm thêm vào ngày nghỉ hằng tuần được trả ít nhất bao nhiêu? | D10: Ít nhất bằng 200%. | E10: Căn cứ: phần “Bài 6 - Trả lương làm thêm giờ”, trang 59. Nội dung được tài liệu xác nhận: Ít nhất bằng 200%. | F10: 59 | G10: Bài 6 - Trả lương làm thêm giờ | H10: 200% | ngày nghỉ hàng tuần | I10: Medium | J10: Single Chunk | K10: Yes | L10: Answer from document | N10: giao trinh Luat lao dong CB 2005 (1) | O10: Theo giáo trình, người lao động làm thêm giờ vào ngày nghỉ hàng tuần được trả lương ít nhất bằng 200% tính theo đơn giá tiền lương hoặc tiền lương thực trả của công việc đang làm [SOURCE_4], [SOURCE_5]. | P10: [SOURCE_4] giao trinh Luat lao dong CB 2005 (1) | tr.59 | 4. Trả lương khi làm thêm giờ | 0.9096 [SOURCE_5] giao trinh Luat lao dong CB 2005 (1) | tr.80 | · Các điều kiện và nguyên tắc làm thêm đến 300 giờ trong một | 0.8598 | Q10: [SOURCE_1] so-tay-kien-thuc-phap-luat-lao-dong-cdi | tr.19 | Trả lời: | 0.9454 [SOURCE_2] Văn-bản-hợp-nhất-18-VBHN-VPQH | tr.38 | Điều 98. Tiền lương làm thêm giờ, làm việc vào ban đêm | 0.9207 [SOURCE_3] ILO-VCCI_Labour-Law-Guide-Book-V04-Final | tr.100 | 1. Tiền lương làm thêm giờ225 > (a) Đối với NLĐ hưởng lương | 0.9207 [SOURCE_4] giao trinh Luat lao dong CB 2005 (1) | tr.59 | 4. Trả lương khi làm thêm giờ | 0.9096 [SOURCE_5] giao trinh Luat lao dong CB 2005 (1) | tr.80 | · Các điều kiện và nguyên tắc làm thêm đến 300 giờ trong một | 0.8598 | R10: GeminiProvider | S10: 17.5 | T10: 1 | U10: 1 | V10: Yes | W10: Yes | X10: PASS | AA10: =IF(Z10="",X10,Z10)
A11: LAW_A_010 | B11: Direct Fact | C11: Theo giáo trình, làm thêm vào ngày lễ/ngày nghỉ hưởng lương được trả ít nhất bao nhiêu? | D11: Ít nhất bằng 300% theo quy định được tài liệu trình bày. | E11: Căn cứ: phần “Bài 6 - Trả lương làm thêm giờ”, trang 59. Nội dung được tài liệu xác nhận: Ít nhất bằng 300% theo quy định được tài liệu trình bày. | F11: 59 | G11: Bài 6 - Trả lương làm thêm giờ | H11: 300% | ngày lễ | nghỉ hưởng lương | I11: Medium | J11: Single Chunk | K11: Yes | L11: Answer from document | N11: giao trinh Luat lao dong CB 2005 (1) | O11: Theo giáo trình, người lao động làm thêm vào ngày lễ, ngày nghỉ có hưởng lương được trả lương ít nhất bằng 300% tính theo đơn giá tiền lương hoặc tiền lương thực trả của công việc đang làm [SOURCE_2]. (Thông tin này cũng đồng nhất với các văn bản pháp luật và tài liệu hướng dẫn liên quan [SOURCE_1], [SOURCE_3], [SOURCE_4], [SOURCE_5]). | P11: [SOURCE_1] so-tay-kien-thuc-phap-luat-lao-dong-cdi | tr.19 | Trả lời: | 0.9537 [SOURCE_2] giao trinh Luat lao dong CB 2005 (1) | tr.59 | 4. Trả lương khi làm thêm giờ | 0.9412 [SOURCE_3] Văn-bản-hợp-nhất-18-VBHN-VPQH | tr.38 | Điều 98. Tiền lương làm thêm giờ, làm việc vào ban đêm | 0.9356 [SOURCE_4] luu-ban-nhap-tu-dong-3-4 | tr.424 | Điều 25. Tiền lương làm thêm giờ, làm việc vào ban đêm | 0.9305 [SOURCE_5] ILO-VCCI_Labour-Law-Guide-Book-V04-Final | tr.100 | 1. Tiền lương làm thêm giờ225 > (a) Đối với NLĐ hưởng lương | 0.9082 | Q11: [SOURCE_1] so-tay-kien-thuc-phap-luat-lao-dong-cdi | tr.19 | Trả lời: | 0.9537 [SOURCE_2] giao trinh Luat lao dong CB 2005 (1) | tr.59 | 4. Trả lương khi làm thêm giờ | 0.9412 [SOURCE_3] Văn-bản-hợp-nhất-18-VBHN-VPQH | tr.38 | Điều 98. Tiền lương làm thêm giờ, làm việc vào ban đêm | 0.9356 [SOURCE_4] luu-ban-nhap-tu-dong-3-4 | tr.424 | Điều 25. Tiền lương làm thêm giờ, làm việc vào ban đêm | 0.9305 [SOURCE_5] ILO-VCCI_Labour-Law-Guide-Book-V04-Final | tr.100 | 1. Tiền lương làm thêm giờ225 > (a) Đối với NLĐ hưởng lương | 0.9082 | R11: GeminiProvider | S11: 18.6 | T11: 0.66666667 | U11: 0.625 | V11: Yes | W11: Yes | X11: PARTIAL | Y11: Thiếu từ khóa (67%) | AA11: =IF(Z11="",X11,Z11)
A12: LAW_A_011 | B12: Rule | C12: Giới hạn làm thêm giờ mà giáo trình nêu là bao nhiêu? | D12: Không quá 4 giờ trong một ngày, 200 giờ trong một năm; một số trường hợp đặc biệt không quá 300 giờ trong một năm. | E12: Căn cứ: phần “Bài 7 - Làm thêm giờ”, trang 79. Nội dung được tài liệu xác nhận: Không quá 4 giờ trong một ngày, 200 giờ trong một năm; một số trường hợp đặc biệt không quá 300 giờ trong một năm. | F12: 79 | G12: Bài 7 - Làm thêm giờ | H12: 4 giờ/ngày | 200 giờ/năm | 300 giờ/năm | I12: Medium | J12: Single Chunk | K12: Yes | L12: Answer from document | N12: giao trinh Luat lao dong CB 2005 (1) | O12: Theo các tài liệu được cung cấp, giới hạn số giờ làm thêm được quy định cụ thể theo ngày, theo tháng và theo năm như sau: **1. Giới hạn theo ngày:** * Tổng số giờ làm thêm không quá **50% số giờ làm việc bình thường trong 01 ngày** khi làm thêm vào ngày làm việc bình thường [SOURCE_3], [SOURCE_4]. * Trường hợp áp dụng quy định thời giờ làm việc bình thường theo tuần, làm việc không trọn thời gian, hoặc làm thêm vào ngày nghỉ lễ, tết, ngày nghỉ hằng tuần thì tổng số giờ làm việc bình thường và số giờ làm thêm **không quá 12 giờ trong 01 ngày** [SOURCE_3], [SOURCE_4]. **2. Giới hạn theo tháng:** * Theo quy định cũ (Điều 106) là **không quá 30 giờ trong 01 tháng** [SOURCE_3]. * Từ ngày 01/01/2021, tổng số giờ làm thêm của người lao động **không quá 40 giờ trong 01 tháng** [SOURCE_4]. **3. Giới hạn theo năm:** * Tổng số giờ làm thêm **không quá 200 giờ trong 01 năm** [SOURCE_3]. * Đối với một số trường hợp đặc biệt do Chính phủ quy định (như giải quyết công việc đòi hỏi trình độ kỹ thuật cao mà thị trường không cung ứng đủ, công việc cấp bách không thể trì hoãn, dịch vụ công, khám chữa bệnh, giáo dục,...), số giờ làm thêm được phép tối đa **không quá 300 giờ trong 01 năm** [SOURCE_1], [SOURCE_2], [SOURCE_3 | P12: [SOURCE_1] ILO-VCCI_Labour-Law-Guide-Book-V04-Final | tr.112 | (ii) Giới hạn số giờ làm thêm trong năm | 0.6783 [SOURCE_2] ILO-VCCI_Labour-Law-Guide-Book-V04-Final | tr.112 | (ii) Giới hạn số giờ làm thêm trong năm | 0.4942 [SOURCE_3] luu-ban-nhap-tu-dong-3-4 | tr.101 | Điều 106. Làm thêm giờ | 0.4728 [SOURCE_4] ILO-VCCI_Labour-Law-Guide-Book-V04-Final | tr.111 | (i) Giới hạn số giờ làm thêm trong ngày và trong tháng | 0.436 | Q12: [SOURCE_1] ILO-VCCI_Labour-Law-Guide-Book-V04-Final | tr.112 | (ii) Giới hạn số giờ làm thêm trong năm | 0.6783 [SOURCE_2] ILO-VCCI_Labour-Law-Guide-Book-V04-Final | tr.112 | (ii) Giới hạn số giờ làm thêm trong năm | 0.4942 [SOURCE_3] luu-ban-nhap-tu-dong-3-4 | tr.101 | Điều 106. Làm thêm giờ | 0.4728 [SOURCE_4] ILO-VCCI_Labour-Law-Guide-Book-V04-Final | tr.111 | (i) Giới hạn số giờ làm thêm trong ngày và trong tháng | 0.436 | R12: GeminiProvider | S12: 24.6 | T12: 0 | U12: 1 | V12: No | W12: No | X12: PARTIAL | Y12: Thiếu từ khóa (0%); Không trích tài liệu mong đợi (không có trong ngữ cảnh); Không trích đúng trang 79 (±1) | AA12: =IF(Z12="",X12,Z12)
A13: LAW_A_012 | B13: Concept | C13: Vì sao phương pháp thỏa thuận có vai trò quan trọng trong Luật lao động theo giáo trình? | D13: Vì quan hệ lao động có bản chất tự do thương lượng; các bên thỏa thuận trên cơ sở tự nguyện, bình đẳng để cùng có lợi và thực hiện nghĩa vụ. | E13: Căn cứ: phần “Bài 1 - Phương pháp điều chỉnh” Nội dung được tài liệu xác nhận: Vì quan hệ lao động có bản chất tự do thương lượng; các bên thỏa thuận trên cơ sở tự nguyện, bình đẳng để cùng có lợi và thực hiện nghĩa vụ. | G13: Bài 1 - Phương pháp điều chỉnh | H13: thỏa thuận | tự nguyện | bình đẳng | cùng có lợi | I13: Medium | J13: Single Chunk | K13: Yes | L13: Answer from document | N13: giao trinh Luat lao dong CB 2005 (1) | O13: Theo giáo trình, phương pháp thỏa thuận có vai trò quan trọng trong Luật lao động vì các lý do sau: * **Xuất phát từ bản chất của quan hệ lao động:** Bản chất của quan hệ lao động là tự do thương lượng [SOURCE_2]. * **Phạm vi áp dụng chủ đạo:** Phương pháp này chủ yếu áp dụng trong trường hợp xác lập quan hệ lao động giữa người lao động với người sử dụng lao động, và trong việc xác lập thỏa ước lao động tập thể [SOURCE_2]. * **Bảo đảm lợi ích và nghĩa vụ của các bên:** Khi tham gia vào quan hệ lao động, các bên cùng nhau thỏa thuận các vấn đề liên quan trong quá trình lao động trên cơ sở tự nguyện, bình đẳng [SOURCE_1], [SOURCE_2]. Việc này nhằm đảm bảo cho cả hai bên cùng có lợi và tạo điều kiện thuận lợi để các bên thực hiện tốt các | P13: [SOURCE_1] giao trinh Luat lao dong CB 2005 (1) | tr.7 | a - Phương pháp thỏa thuận | 0.9808 [SOURCE_2] giao trinh Luat lao dong CB 2005 (1) | tr.7 | a - Phương pháp thỏa thuận | 0.9449 | Q13: [SOURCE_1] giao trinh Luat lao dong CB 2005 (1) | tr.7 | a - Phương pháp thỏa thuận | 0.9808 [SOURCE_2] giao trinh Luat lao dong CB 2005 (1) | tr.7 | a - Phương pháp thỏa thuận | 0.9449 [SOURCE_3] giao trinh Luat lao dong CB 2005 (1) | tr.49 | 4. Ý nghĩa của thỏa ước lao động tập thể | 0.3944 | R13: GeminiProvider | S13: 27.4 | T13: 1 | U13: 1 | V13: Yes | W13: n/a | X13: PASS | AA13: =IF(Z13="",X13,Z13)
A14: LAW_A_013 | B14: Comparison | C14: Phương pháp thỏa thuận trong Luật lao động khác Luật dân sự ở điểm nào theo giáo trình? | D14: Giáo trình cho rằng trong dân sự các chủ thể bình đẳng và độc lập về địa vị kinh tế nên thỏa thuận được sử dụng triệt để; trong lao động, thỏa thuận chịu ảnh hưởng bởi quan hệ phụ thuộc và các giới hạn bảo vệ lao động. | E14: Căn cứ: phần “Bài 1 - Phương pháp điều chỉnh” Nội dung được tài liệu xác nhận: Giáo trình cho rằng trong dân sự các chủ thể bình đẳng và độc lập về địa vị kinh tế nên thỏa thuận được sử dụng triệt để; trong lao động, thỏa thuận chịu ảnh hưởng bởi quan hệ phụ thuộc và các giới hạn bảo vệ lao động. | G14: Bài 1 - Phương pháp điều chỉnh | H14: dân sự | lao động | bình đẳng | phụ thuộc | I14: Medium | J14: Multiple Chunks | K14: Yes | L14: Answer from document | N14: giao trinh Luat lao dong CB 2005 (1) | O14: Dựa trên tài liệu được cung cấp, phương pháp thỏa thuận trong Luật lao động khác với Luật dân sự ở các điểm sau [SOURCE_1]: * **Trong Luật dân sự:** * Các chủ thể tham gia quan hệ xã hội bình đẳng và độc lập với nhau về địa vị kinh tế [SOURCE_1]. * Phương pháp thỏa thuận được sử dụng triệt để và tác động lên các quan hệ dân sự trong suốt quá trình từ khi xác lập đến khi chấm dứt [SOURCE_1]. * **Trong Luật lao động:** * Các chủ thể tham gia vào quan hệ lao động không bình đẳng về địa vị và không độc lập với nhau về tổ chức [SOURCE_1]. * Nhà nước bằng pháp luật đặt ra những quy định nhằm bảo vệ và nâng cao vị trí của người lao động để họ bình đẳng với người sử dụng lao động [SOURCE_1]. * Tuy là sự tự do, thương lượng, tự nguyện thỏa thuận trong khuôn khổ pháp luật, nhưng trong quan hệ lao động luôn có yếu tố quản lý [SOURCE_1]. | P14: [SOURCE_1] giao trinh Luat lao dong CB 2005 (1) | tr.7 | a - Phương pháp thỏa thuận | 0.9941 | Q14: [SOURCE_1] giao trinh Luat lao dong CB 2005 (1) | tr.7 | a - Phương pháp thỏa thuận | 0.9941 [SOURCE_2] giao trinh Luat lao dong CB 2005 (1) | tr.7 | a - Phương pháp thỏa thuận | 0.8212 | R14: GeminiProvider | S14: 29.2 | T14: 0.75 | U14: 0.73684211 | V14: Yes | W14: n/a | X14: PASS | AA14: =IF(Z14="",X14,Z14)
A15: LAW_A_014 | B15: Concept | C15: Quan hệ bồi thường thiệt hại trong lao động phát sinh khi nào? | D15: Phát sinh khi một chủ thể trong quá trình thực hiện quyền, nghĩa vụ lao động gây thiệt hại về sức khỏe, tính mạng, tài sản hoặc lợi ích của bên kia. | E15: Căn cứ: phần “Bài 1 - Bồi thường thiệt hại”, trang 6. Nội dung được tài liệu xác nhận: Phát sinh khi một chủ thể trong quá trình thực hiện quyền, nghĩa vụ lao động gây thiệt hại về sức khỏe, tính mạng, tài sản hoặc lợi ích của bên kia. | F15: 6 | G15: Bài 1 - Bồi thường thiệt hại | H15: thiệt hại | sức khỏe | tính mạng | tài sản | I15: Medium | J15: Single Chunk | K15: Yes | L15: Answer from document | N15: giao trinh Luat lao dong CB 2005 (1) | O15: Theo tài liệu được cung cấp, quan hệ bồi thường thiệt hại trong lao động phát sinh khi các chủ thể khi tham gia quan hệ lao động thực hiện các quyền và nghĩa vụ lao động, mà một trong các chủ thể gây thiệt hại về sức khỏe, tính mạng, tài sản, hoặc lợi ích của bên kia [SOURCE_1]. | P15: [SOURCE_1] giao trinh Luat lao dong CB 2005 (1) | tr.5 | (2) Quan hệ học nghề | 0.9279 | Q15: [SOURCE_1] giao trinh Luat lao dong CB 2005 (1) | tr.5 | (2) Quan hệ học nghề | 0.9279 [SOURCE_2] giao trinh Luat lao dong CB 2005 (1) | tr.5 | (2) Quan hệ học nghề | 0.8897 [SOURCE_3] giao trinh Luat lao dong CB 2005 (1) | tr.95 | - Có quan hệ nhân quả giữa hành vi vi phạm và thiệt hại tài | 0.5862 [SOURCE_4] luu-ban-nhap-tu-dong-3-4 | tr.41 | Mục 2. TRÁCH NHIỆM VẬT CHẤT > Điều 129. Bồi thường thiệt hại | 0.411 | R15: GeminiProvider | S15: 17.9 | T15: 1 | U15: 0.92 | V15: Yes | W15: Yes | X15: PASS | AA15: =IF(Z15="",X15,Z15)
A16: LAW_A_015 | B16: Scenario-based | C16: Một NLĐ gây thiệt hại tài sản cho NSDLĐ khi thực hiện nghĩa vụ lao động. Theo cách phân loại của giáo trình, đây thuộc nhóm quan hệ nào? | D16: Thuộc quan hệ về bồi thường thiệt hại liên quan đến quan hệ lao động. | E16: Căn cứ: phần “Bài 1 - Bồi thường thiệt hại”, trang 5. Nội dung được tài liệu xác nhận: Thuộc quan hệ về bồi thường thiệt hại liên quan đến quan hệ lao động. | F16: 5 | G16: Bài 1 - Bồi thường thiệt hại | H16: bồi thường thiệt hại | tài sản | I16: Hard | J16: Single Chunk | K16: Yes | L16: Answer from document | N16: giao trinh Luat lao dong CB 2005 (1) | O16: Theo cách phân loại của giáo trình, trường hợp người lao động gây thiệt hại tài sản cho người sử dụng lao động khi thực hiện nghĩa vụ lao động thuộc nhóm **Quan hệ bồi thường thiệt hại tài sản** [SOURCE_1] (thuộc nhóm tổng quát là **Quan hệ về bồi thường thiệt hại** [SOURCE_2]). Cụ thể, khi thực hiện các quyền và nghĩa vụ lao động, nếu một trong các chủ thể gây thiệt hại tài sản cho bên kia thì sẽ phát sinh quan hệ về bồi thường thiệt hại [SOURCE_2], và quan hệ bồi thường thiệt hại tài sản là một trong ba loại của quan hệ pháp luật về bồi thường thiệt hại này [SOURCE_1]. | P16: [SOURCE_1] giao trinh Luat lao dong CB 2005 (1) | tr.5 | (2) Quan hệ học nghề | 0.9491 [SOURCE_2] giao trinh Luat lao dong CB 2005 (1) | tr.5 | (2) Quan hệ học nghề | 0.8208 | Q16: [SOURCE_1] giao trinh Luat lao dong CB 2005 (1) | tr.5 | (2) Quan hệ học nghề | 0.9491 [SOURCE_2] giao trinh Luat lao dong CB 2005 (1) | tr.5 | (2) Quan hệ học nghề | 0.8208 [SOURCE_3] giao trinh Luat lao dong CB 2005 (1) | tr.95 | - Có quan hệ nhân quả giữa hành vi vi phạm và thiệt hại tài | 0.6305 [SOURCE_4] ILO-VCCI_Labour-Law-Guide-Book-V04-Final | tr.10 | CHƯƠNG I. QUAN HỆ LAO ĐỘNG VÀ HỢP ĐỒNG LAO ĐỘNG > I. QUAN HỆ | 0.5306 [SOURCE_5] giao trinh Luat lao dong CB 2005 (1) | tr.95 | IV. TRÁCH NHIỆM VẬT CHẤT TRONG QUAN HỆ LAO ĐỘNG > 1. Khái ni | 0.422 | R16: GeminiProvider | S16: 20.5 | T16: 1 | U16: 0.92307692 | V16: Yes | W16: Yes | X16: PASS | AA16: =IF(Z16="",X16,Z16)
A17: LAW_A_016 | B17: Scenario-based | C17: Một người tìm việc thông qua trung tâm dịch vụ việc làm. Theo giáo trình, quan hệ này có nằm trong đối tượng điều chỉnh của Luật lao động không? | D17: Có. Đây là một dạng quan hệ về việc làm giữa NLĐ và trung tâm dịch vụ việc làm, được xếp vào các quan hệ liên quan đến quan hệ lao động. | E17: Căn cứ: phần “Bài 1 - Quan hệ việc làm”, trang 5. Nội dung được tài liệu xác nhận: Có. Đây là một dạng quan hệ về việc làm giữa NLĐ và trung tâm dịch vụ việc làm, được xếp vào các quan hệ liên quan đến quan hệ lao động. | F17: 5 | G17: Bài 1 - Quan hệ việc làm | H17: NLĐ | trung tâm dịch vụ việc làm | quan hệ việc làm | I17: Hard | J17: Single Chunk | K17: Yes | L17: Answer from document | N17: giao trinh Luat lao dong CB 2005 (1) | O17: Dựa trên tài liệu được cung cấp, tôi không tìm thấy thông tin để trả lời câu hỏi này. | Q17: [SOURCE_1] giao trinh Luat lao dong CB 2005 (1) | tr.3 | BÀI 1 > KHÁI NIỆM LUẬT LAO ĐỘNG VIỆT NAM > I - ĐỐI TƯỢNG VÀ | 0.9622 [SOURCE_2] giao trinh Luat lao dong CB 2005 (1) | tr.3 | a - Quan hệ lao động | 0.6522 [SOURCE_3] luu-ban-nhap-tu-dong-3-4 | tr.73 | Điều 10. Quyền làm việc của người lao động | 0.5572 | R17: GeminiProvider | S17: 24.5 | T17: 0 | U17: 0 | V17: No | W17: No | X17: FAIL | Y17: Từ chối trả lời dù câu hỏi có đáp án | AA17: =IF(Z17="",X17,Z17)
A18: LAW_A_017 | B18: Multi-hop | C18: Từ cách giáo trình xác định đối tượng và phương pháp điều chỉnh, hãy giải thích vì sao HĐLĐ vừa mang tính thỏa thuận vừa chịu giới hạn pháp luật. | D18: Các bên tự do, bình đẳng, tự nguyện thỏa thuận về quá trình lao động, nhưng pháp luật đặt ra khung/chuẩn mực, trong đó quyền lợi thường được ấn định mức tối thiểu và nghĩa vụ ở mức tối đa để bảo vệ quan hệ lao động. | E18: Căn cứ: phần “Bài 1 - Đối tượng & phương pháp”, trang 4. Nội dung được tài liệu xác nhận: Các bên tự do, bình đẳng, tự nguyện thỏa thuận về quá trình lao động, nhưng pháp luật đặt ra khung/chuẩn mực, trong đó quyền lợi thường được ấn định mức tối thiểu và nghĩa vụ ở mức tối đa để bảo vệ quan hệ lao động. | F18: 4 | G18: Bài 1 - Đối tượng & phương pháp | H18: tự do thỏa thuận | khung pháp lý | quyền tối thiểu | nghĩa vụ tối đa | I18: Hard | J18: Multiple Chunks | K18: Yes | L18: Answer from document | N18: giao trinh Luat lao dong CB 2005 (1) | O18: Dựa trên tài liệu được cung cấp, HĐLĐ (hay quan hệ lao động) vừa mang tính thỏa thuận vừa chịu giới hạn pháp luật vì những lý do sau: * **Mang tính thỏa thuận:** Trong Luật lao động, phương pháp thỏa thuận cho phép hai bên cùng nhau thỏa thuận các vấn đề liên quan trong quá trình lao động trên cơ sở tự nguyện, bình đẳng nhằm bảo đảm cho hai bên cùng có lợi [SOURCE | Q18: [SOURCE_1] giao trinh Luat lao dong CB 2005 (1) | tr.7 | a - Phương pháp thỏa thuận | 0.5369 [SOURCE_2] giao trinh Luat lao dong CB 2005 (1) | tr.7 | 2 - Phương pháp điều chỉnh của luật lao động | 0.4546 [SOURCE_3] giao trinh Luat lao dong CB 2005 (1) | tr.182 | 5. Đặc điểm và phân loại thẩm quyền của công đoàn > a. Đặc đ | 0.4193 | R18: GeminiProvider | S18: 21.1 | T18: 0 | U18: 0.53846154 | V18: No | W18: No | X18: PARTIAL | Y18: Thiếu từ khóa (0%); Không trích tài liệu mong đợi (có trong ngữ cảnh); Không trích đúng trang 4 (±1) | AA18: =IF(Z18="",X18,Z18)
A19: LAW_A_018 | B19: Multi-hop | C19: Giáo trình liên hệ quan hệ tranh chấp lao động và đình công với mục tiêu ổn định quan hệ lao động như thế nào? | D19: Việc giải quyết tranh chấp/đình công do các cơ quan, tổ chức có thẩm quyền thực hiện nhằm bảo đảm quyền lợi các bên và duy trì sự hài hòa, ổn định của quan hệ lao động. | E19: Căn cứ: phần “Bài 1 - Tranh chấp lao động”, trang 7. Nội dung được tài liệu xác nhận: Việc giải quyết tranh chấp/đình công do các cơ quan, tổ chức có thẩm quyền thực hiện nhằm bảo đảm quyền lợi các bên và duy trì sự hài hòa, ổn định của quan hệ lao động. | F19: 7 | G19: Bài 1 - Tranh chấp lao động | H19: tranh chấp | đình công | cơ quan thẩm quyền | hài hòa | ổn định | I19: Hard | J19: Single Chunk | K19: Yes | L19: Answer from document | N19: giao trinh Luat lao dong CB 2005 (1) | W19: n/a | X19: BLOCKED | Y19: Lỗi API: HTTP 500: {"detail":"RAG Chat lỗi: Gemini API đã vượt quota/rate limit. Chi tiết: 429 RESOURCE_EXHAUSTED. {'error': {'code': 429, 'message': 'You exceeded your current quota, please check your plan and billing details. For more information on this error, head to: https://ai.google.dev/gemini-api/docs/rate-limits. To monitor your current usage, head to: https://ai.dev/rate-limit. \\n* Quota exceeded for metric: generativelanguage.googleapis.com/generate_content_free_tier_requests, limit: 20, model: gemini- | AA19: =IF(Z19="",X19,Z19)
A20: LAW_A_019 | B20: Source-awareness | C20: Nếu hỏi “quy định hiện hành năm 2026 về làm thêm giờ”, RAG có nên chỉ dùng con số trong giáo trình 2005 không? | D20: Không nên. Giáo trình là nguồn lịch sử/giảng dạy cũ; hệ thống phải nhận diện thời điểm của nguồn và không trình bày quy định trong tài liệu này như pháp luật hiện hành năm 2026 nếu không có nguồn cập nhật. | E20: Căn cứ: phần “Lưu ý nguồn/tính thời điểm”, trang 1. Nội dung được tài liệu xác nhận: Không nên. Giáo trình là nguồn lịch sử/giảng dạy cũ; hệ thống phải nhận diện thời điểm của nguồn và không trình bày quy định trong tài liệu này như pháp luật hiện hành năm 2026 nếu không có nguồn cập nhật. | F20: 1 | G20: Lưu ý nguồn/tính thời điểm | H20: nguồn 2005 | lịch sử | không suy diễn hiện hành | I20: Hard | J20: Multiple Chunks | K20: Yes | L20: Answer with temporal caveat | M20: Tests temporal grounding. | N20: giao trinh Luat lao dong CB 2005 (1) | O20: Dựa trên tài liệu được cung cấp, tôi không tìm thấy thông tin để trả lời câu hỏi này. | R20: (no LLM call: early exit) | S20: 17.8 | T20: 0 | U20: 0 | V20: No | W20: No | X20: FAIL | Y20: Từ chối trả lời dù câu hỏi có đáp án | AA20: =IF(Z20="",X20,Z20)
A21: LAW_A_020 | B21: Synthesis | C21: Theo giáo trình, vì sao Luật lao động không chỉ điều chỉnh việc “đi làm nhận lương” mà còn bao phủ nhiều quan hệ khác? | D21: Vì ngoài quan hệ lao động làm công ăn lương, quá trình sử dụng lao động còn phát sinh các quan hệ gắn chặt như việc làm, học nghề, bồi thường, BHXH, công đoàn, tranh chấp/đình công và quản lý lao động; các quan hệ này cần được điều chỉnh để quan hệ lao động vận hành ổn định. | E21: Căn cứ: phần “Bài 1 - Tổng hợp” Nội dung được tài liệu xác nhận: Vì ngoài quan hệ lao động làm công ăn lương, quá trình sử dụng lao động còn phát sinh các quan hệ gắn chặt như việc làm, học nghề, bồi thường, BHXH, công đoàn, tranh chấp/đình công và quản lý lao động; các quan hệ này cần được điều chỉnh để quan hệ lao động vận hành ổn định. | G21: Bài 1 - Tổng hợp | H21: quan hệ lao động | quan hệ liên quan | ổn định | I21: Hard | J21: Multiple Chunks | K21: Yes | L21: Answer from document | N21: giao trinh Luat lao dong CB 2005 (1) | W21: n/a | X21: BLOCKED | Y21: Lỗi API: chưa chạy | AA21: =IF(Z21="",X21,Z21)
A22: LAW_B_001 | B22: Direct Fact | C22: Theo sổ tay, hợp đồng lao động có thể được giao kết bằng lời nói trong trường hợp nào? | D22: Theo tài liệu, giao kết bằng lời nói áp dụng với công việc tạm thời có thời hạn dưới 03 tháng. | E22: Căn cứ: phần “Phần I - Hợp đồng lao động”, trang 11. Nội dung được tài liệu xác nhận: Theo tài liệu, giao kết bằng lời nói áp dụng với công việc tạm thời có thời hạn dưới 03 tháng. | F22: 11 | G22: Phần I - Hợp đồng lao động | H22: lời nói | tạm thời | dưới 03 tháng | I22: Easy | J22: Single Chunk | K22: Yes | L22: Answer from document | N22: so-tay-kien-thuc-phap-luat-lao-dong-cdi | W22: n/a | X22: BLOCKED | Y22: Lỗi API: chưa chạy | AA22: =IF(Z22="",X22,Z22)
A23: LAW_B_002 | B23: Concept | C23: Vì sao sổ tay khuyến nghị nên ký hợp đồng lao động? | D23: Vì hợp đồng thể hiện thỏa thuận về công việc, lương, điều kiện làm việc, quyền và nghĩa vụ và là căn cứ xem xét khi phát sinh tranh chấp. | E23: Căn cứ: phần “Phần I - Hợp đồng lao động” Nội dung được tài liệu xác nhận: Vì hợp đồng thể hiện thỏa thuận về công việc, lương, điều kiện làm việc, quyền và nghĩa vụ và là căn cứ xem xét khi phát sinh tranh chấp. | G23: Phần I - Hợp đồng lao động | H23: thỏa thuận | căn cứ | tranh chấp | I23: Easy | J23: Single Chunk | K23: Yes | L23: Answer from document | N23: so-tay-kien-thuc-phap-luat-lao-dong-cdi | W23: n/a | X23: BLOCKED | Y23: Lỗi API: chưa chạy | AA23: =IF(Z23="",X23,Z23)
A24: LAW_B_003 | B24: Direct Fact | C24: Sổ tay có đề cập nội dung “khi nào được ký HĐLĐ không xác định thời hạn” ở phần nào? | D24: Nội dung này nằm trong Phần I - Hợp đồng lao động. | E24: Căn cứ: phần “Phần I - Hợp đồng lao động”, trang 6. Nội dung được tài liệu xác nhận: Nội dung này nằm trong Phần I - Hợp đồng lao động. | F24: 6 | G24: Phần I - Hợp đồng lao động | H24: HĐLĐ không xác định thời hạn | I24: Easy | J24: Single Chunk | K24: Yes | L24: Answer from document | N24: so-tay-kien-thuc-phap-luat-lao-dong-cdi | W24: n/a | X24: BLOCKED | Y24: Lỗi API: chưa chạy | AA24: =IF(Z24="",X24,Z24)
A25: LAW_B_004 | B25: Direct Fact | C25: Sổ tay xếp quy định về thử việc vào nhóm nội dung nào? | D25: Thuộc Phần I - Hợp đồng lao động. | E25: Căn cứ: phần “Phần I - Hợp đồng lao động”, trang 6. Nội dung được tài liệu xác nhận: Thuộc Phần I - Hợp đồng lao động. | F25: 6 | G25: Phần I - Hợp đồng lao động | H25: thử việc | hợp đồng lao động | I25: Easy | J25: Single Chunk | K25: Yes | L25: Answer from document | N25: so-tay-kien-thuc-phap-luat-lao-dong-cdi | W25: n/a | X25: BLOCKED | Y25: Lỗi API: chưa chạy | AA25: =IF(Z25="",X25,Z25)
A26: LAW_B_005 | B26: Direct Fact | C26: Sổ tay xếp trả tiền lương làm thêm giờ vào phần nào? | D26: Thuộc Phần II - Tiền lương. | E26: Căn cứ: phần “Phần II - Tiền lương”, trang 6. Nội dung được tài liệu xác nhận: Thuộc Phần II - Tiền lương. | F26: 6 | G26: Phần II - Tiền lương | H26: làm thêm giờ | tiền lương | I26: Easy | J26: Single Chunk | K26: Yes | L26: Answer from document | N26: so-tay-kien-thuc-phap-luat-lao-dong-cdi | W26: n/a | X26: BLOCKED | Y26: Lỗi API: chưa chạy | AA26: =IF(Z26="",X26,Z26)
A27: LAW_B_006 | B27: Direct Fact | C27: Sổ tay xếp nghỉ giữa giờ, nghỉ phép và nghỉ việc riêng vào phần nào? | D27: Thuộc Phần III - Thời gian làm việc và nghỉ ngơi. | E27: Căn cứ: phần “Phần III - Thời gian làm việc và nghỉ ngơi”, trang 6. Nội dung được tài liệu xác nhận: Thuộc Phần III - Thời gian làm việc và nghỉ ngơi. | F27: 6 | G27: Phần III - Thời gian làm việc và nghỉ ngơi | H27: nghỉ giữa giờ | nghỉ phép | nghỉ việc riêng | I27: Easy | J27: Single Chunk | K27: Yes | L27: Answer from document | N27: so-tay-kien-thuc-phap-luat-lao-dong-cdi | W27: n/a | X27: BLOCKED | Y27: Lỗi API: chưa chạy | AA27: =IF(Z27="",X27,Z27)
A28: LAW_B_007 | B28: Direct Fact | C28: Sổ tay xếp tai nạn lao động và bệnh nghề nghiệp vào phần nào? | D28: Thuộc Phần IV - An toàn lao động. | E28: Căn cứ: phần “Phần IV - An toàn lao động”, trang 6. Nội dung được tài liệu xác nhận: Thuộc Phần IV - An toàn lao động. | F28: 6 | G28: Phần IV - An toàn lao động | H28: an toàn lao động | tai nạn | bệnh nghề nghiệp | I28: Easy | J28: Single Chunk | K28: Yes | L28: Answer from document | N28: so-tay-kien-thuc-phap-luat-lao-dong-cdi | W28: n/a | X28: BLOCKED | Y28: Lỗi API: chưa chạy | AA28: =IF(Z28="",X28,Z28)
A29: LAW_B_008 | B29: Scenario-based | C29: Một người làm việc tạm thời 2 tháng, hai bên chỉ thỏa thuận miệng về lương và an toàn lao động. Theo tình huống trong sổ tay, có được coi là đã giao kết HĐLĐ không? | D29: Có. Tài liệu kết luận trường hợp làm tạm thời 2 tháng thuộc trường hợp có thể giao kết bằng lời nói theo quy định mà sổ tay viện dẫn. | E29: Căn cứ: phần “Phần I - Hợp đồng lao động” Nội dung được tài liệu xác nhận: Có. Tài liệu kết luận trường hợp làm tạm thời 2 tháng thuộc trường hợp có thể giao kết bằng lời nói theo quy định mà sổ tay viện dẫn. | G29: Phần I - Hợp đồng lao động | H29: 2 tháng | lời nói | giao kết HĐLĐ | I29: Medium | J29: Single Chunk | K29: Yes | L29: Answer from document | N29: so-tay-kien-thuc-phap-luat-lao-dong-cdi | W29: n/a | X29: BLOCKED | Y29: Lỗi API: chưa chạy | AA29: =IF(Z29="",X29,Z29)
A30: LAW_B_009 | B30: Concept | C30: Hợp đồng lao động có ý nghĩa gì khi xảy ra tranh chấp theo sổ tay? | D30: Là căn cứ thể hiện các thỏa thuận của các bên để xem xét quyền, nghĩa vụ và giải quyết tranh chấp. | E30: Căn cứ: phần “Phần I - Hợp đồng lao động” Nội dung được tài liệu xác nhận: Là căn cứ thể hiện các thỏa thuận của các bên để xem xét quyền, nghĩa vụ và giải quyết tranh chấp. | G30: Phần I - Hợp đồng lao động | H30: căn cứ | quyền nghĩa vụ | tranh chấp | I30: Medium | J30: Single Chunk | K30: Yes | L30: Answer from document | N30: so-tay-kien-thuc-phap-luat-lao-dong-cdi | W30: n/a | X30: BLOCKED | Y30: Lỗi API: chưa chạy | AA30: =IF(Z30="",X30,Z30)
A31: LAW_B_010 | B31: Navigation | C31: Muốn tìm câu trả lời về việc công ty có được giữ văn bằng gốc của NLĐ hay không, cần truy xuất phần nào của sổ tay? | D31: Phần VIII - Khiếu nại, khiếu kiện về lao động. | E31: Căn cứ: phần “Phần VIII - Khiếu nại, khiếu kiện”, trang 7. Nội dung được tài liệu xác nhận: Phần VIII - Khiếu nại, khiếu kiện về lao động. | F31: 7 | G31: Phần VIII - Khiếu nại, khiếu kiện | H31: văn bằng gốc | khiếu nại | khiếu kiện | I31: Medium | J31: Single Chunk | K31: Yes | L31: Answer from document | N31: so-tay-kien-thuc-phap-luat-lao-dong-cdi | W31: n/a | X31: BLOCKED | Y31: Lỗi API: chưa chạy | AA31: =IF(Z31="",X31,Z31)
A32: LAW_B_011 | B32: Navigation | C32: Muốn tìm quy trình tiến hành đình công và tiền lương trong ngày đình công, cần truy xuất phần nào? | D32: Phần VII - Đình công. | E32: Căn cứ: phần “Phần VII - Đình công”, trang 7. Nội dung được tài liệu xác nhận: Phần VII - Đình công. | F32: 7 | G32: Phần VII - Đình công | H32: đình công | trình tự | tiền lương | I32: Medium | J32: Single Chunk | K32: Yes | L32: Answer from document | N32: so-tay-kien-thuc-phap-luat-lao-dong-cdi | W32: n/a | X32: BLOCKED | Y32: Lỗi API: chưa chạy | AA32: =IF(Z32="",X32,Z32)
A33: LAW_B_012 | B33: Navigation | C33: Câu hỏi về quyền lợi của phụ nữ mang thai và chế độ nghỉ thai sản nằm ở phần nào? | D33: Phần VI - Chế độ đối với lao động nữ. | E33: Căn cứ: phần “Phần VI - Lao động nữ”, trang 7. Nội dung được tài liệu xác nhận: Phần VI - Chế độ đối với lao động nữ. | F33: 7 | G33: Phần VI - Lao động nữ | H33: mang thai | thai sản | lao động nữ | I33: Medium | J33: Single Chunk | K33: Yes | L33: Answer from document | N33: so-tay-kien-thuc-phap-luat-lao-dong-cdi | W33: n/a | X33: BLOCKED | Y33: Lỗi API: chưa chạy | AA33: =IF(Z33="",X33,Z33)
A34: LAW_B_013 | B34: Navigation | C34: Câu hỏi về sa thải trái pháp luật và trách nhiệm của NSDLĐ khi sa thải trái pháp luật nằm ở đâu? | D34: Phần V - Kỷ luật lao động. | E34: Căn cứ: phần “Phần V - Kỷ luật lao động”, trang 7. Nội dung được tài liệu xác nhận: Phần V - Kỷ luật lao động. | F34: 7 | G34: Phần V - Kỷ luật lao động | H34: sa thải trái pháp luật | trách nhiệm NSDLĐ | I34: Medium | J34: Single Chunk | K34: Yes | L34: Answer from document | N34: so-tay-kien-thuc-phap-luat-lao-dong-cdi | W34: n/a | X34: BLOCKED | Y34: Lỗi API: chưa chạy | AA34: =IF(Z34="",X34,Z34)
A35: LAW_B_014 | B35: Navigation | C35: Nếu NLĐ làm mất tài sản của doanh nghiệp, sổ tay định hướng tra cứu nội dung nào? | D35: Tra cứu câu hỏi “Bồi thường thiệt hại do làm mất tài sản?” trong Phần V - Kỷ luật lao động. | E35: Căn cứ: phần “Phần V - Kỷ luật lao động”, trang 7. Nội dung được tài liệu xác nhận: Tra cứu câu hỏi “Bồi thường thiệt hại do làm mất tài sản?” trong Phần V - Kỷ luật lao động. | F35: 7 | G35: Phần V - Kỷ luật lao động | H35: bồi thường | mất tài sản | kỷ luật | I35: Medium | J35: Single Chunk | K35: Yes | L35: Answer from document | N35: so-tay-kien-thuc-phap-luat-lao-dong-cdi | W35: n/a | X35: BLOCKED | Y35: Lỗi API: chưa chạy | AA35: =IF(Z35="",X35,Z35)
A36: LAW_B_015 | B36: Multi-hop | C36: Một NLĐ vừa hỏi về nghỉ phép vừa hỏi về lương làm thêm giờ. RAG cần lấy tối thiểu từ những phần nào của sổ tay? | D36: Ít nhất từ Phần II - Tiền lương (lương làm thêm giờ) và Phần III - Thời gian làm việc và nghỉ ngơi (nghỉ phép). | E36: Căn cứ: phần “Phần II + III”, trang 6. Nội dung được tài liệu xác nhận: Ít nhất từ Phần II - Tiền lương (lương làm thêm giờ) và Phần III - Thời gian làm việc và nghỉ ngơi (nghỉ phép). | F36: 6 | G36: Phần II + III | H36: tiền lương | làm thêm | nghỉ phép | I36: Hard | J36: Multiple Chunks | K36: Yes | L36: Answer from document | N36: so-tay-kien-thuc-phap-luat-lao-dong-cdi | W36: n/a | X36: BLOCKED | Y36: Lỗi API: chưa chạy | AA36: =IF(Z36="",X36,Z36)
A37: LAW_B_016 | B37: Multi-hop | C37: Một vụ việc có tai nạn lao động và sau đó phát sinh khiếu kiện. Để trả lời theo cấu trúc sổ tay, cần kết hợp những phần nào? | D37: Cần kết hợp Phần IV - An toàn lao động với Phần VIII - Khiếu nại, khiếu kiện về lao động. | E37: Căn cứ: phần “Phần IV + VIII”, trang 6. Nội dung được tài liệu xác nhận: Cần kết hợp Phần IV - An toàn lao động với Phần VIII - Khiếu nại, khiếu kiện về lao động. | F37: 6 | G37: Phần IV + VIII | H37: tai nạn lao động | khiếu nại | khiếu kiện | I37: Hard | J37: Multiple Chunks | K37: Yes | L37: Answer from document | N37: so-tay-kien-thuc-phap-luat-lao-dong-cdi | W37: n/a | X37: BLOCKED | Y37: Lỗi API: chưa chạy | AA37: =IF(Z37="",X37,Z37)
A38: LAW_B_017 | B38: False Premise | C38: “Mọi hợp đồng lao động đều bắt buộc phải lập thành văn bản” có phù hợp với nội dung sổ tay không? | D38: Không. Sổ tay nêu hai hình thức là văn bản và lời nói, trong đó lời nói được áp dụng cho công việc tạm thời dưới 03 tháng theo quy định mà tài liệu viện dẫn. | E38: Căn cứ: phần “Phần I - Hợp đồng lao động”, trang None. Nội dung được tài liệu xác nhận: Không. Sổ tay nêu hai hình thức là văn bản và lời nói, trong đó lời nói được áp dụng cho công việc tạm thời dưới 03 tháng theo quy định mà tài liệu viện dẫn. | G38: Phần I - Hợp đồng lao động | H38: văn bản | lời nói | dưới 03 tháng | I38: Hard | J38: Single Chunk | K38: Yes | L38: Answer from document | N38: so-tay-kien-thuc-phap-luat-lao-dong-cdi | W38: n/a | X38: BLOCKED | Y38: Lỗi API: chưa chạy | AA38: =IF(Z38="",X38,Z38)
A39: LAW_B_018 | B39: Source-awareness | C39: Nếu người dùng hỏi pháp luật hiện hành 2026, RAG có nên trả lời trực tiếp theo ngưỡng “dưới 03 tháng” của sổ tay không? | D39: Không nên coi đó là quy định hiện hành chỉ dựa vào sổ tay này. Cần nêu đây là nội dung của tài liệu và ưu tiên/đối chiếu nguồn pháp luật cập nhật hơn nếu câu hỏi yêu cầu hiện hành. | E39: Căn cứ: phần “Phần I - Hợp đồng lao động”, trang 11. Nội dung được tài liệu xác nhận: Không nên coi đó là quy định hiện hành chỉ dựa vào sổ tay này. Cần nêu đây là nội dung của tài liệu và ưu tiên/đối chiếu nguồn pháp luật cập nhật hơn nếu câu hỏi yêu cầu hiện hành. | F39: 11 | G39: Phần I - Hợp đồng lao động | H39: nguồn cũ | thời điểm | quy định hiện hành | I39: Hard | J39: Multiple Chunks | K39: Yes | L39: Answer with temporal caveat | M39: Tests outdated-source handling. | N39: so-tay-kien-thuc-phap-luat-lao-dong-cdi | W39: n/a | X39: BLOCKED | Y39: Lỗi API: chưa chạy | AA39: =IF(Z39="",X39,Z39)
A40: LAW_B_019 | B40: Synthesis | C40: Sổ tay được thiết kế theo hình thức nào và điều đó có ý nghĩa gì cho RAG? | D40: Tài liệu được thiết kế dạng Hỏi - Đáp, với thông tin và giải thích ngắn gọn; các câu hỏi dựa trên tình huống thực tế. Với RAG, cấu trúc này phù hợp cho truy xuất theo câu hỏi/tình huống nhưng vẫn cần giữ đúng bối cảnh và thời điểm của nguồn. | E40: Căn cứ: phần “Giới thiệu”, trang 5. Nội dung được tài liệu xác nhận: Tài liệu được thiết kế dạng Hỏi - Đáp, với thông tin và giải thích ngắn gọn; các câu hỏi dựa trên tình huống thực tế. Với RAG, cấu trúc này phù hợp cho truy xuất theo câu hỏi/tình huống nhưng vẫn cần giữ đúng bối cảnh và thời điểm của nguồn. | F40: 5 | G40: Giới thiệu | H40: Hỏi-Đáp | tình huống thực tế | ngắn gọn | I40: Hard | J40: Single Chunk | K40: Yes | L40: Answer from document | N40: so-tay-kien-thuc-phap-luat-lao-dong-cdi | W40: n/a | X40: BLOCKED | Y40: Lỗi API: chưa chạy | AA40: =IF(Z40="",X40,Z40)
A41: LAW_B_020 | B41: Synthesis | C41: Một chatbot nhận câu hỏi “bị sa thải khi đang mang thai thì quyền lợi thế nào?”. Theo mục lục sổ tay, retrieval nên mở rộng sang những nhóm nội dung nào? | D41: Nên truy xuất ít nhất Phần V - Kỷ luật lao động và Phần VI - Chế độ đối với lao động nữ; tùy câu hỏi về khiếu kiện có thể cần thêm Phần VIII. | E41: Căn cứ: phần “Phần V + VI (+ VIII)”, trang 7. Nội dung được tài liệu xác nhận: Nên truy xuất ít nhất Phần V - Kỷ luật lao động và Phần VI - Chế độ đối với lao động nữ; tùy câu hỏi về khiếu kiện có thể cần thêm Phần VIII. | F41: 7 | G41: Phần V + VI (+ VIII) | H41: sa thải | mang thai | lao động nữ | khiếu kiện | I41: Hard | J41: Multiple Chunks | K41: Yes | L41: Answer from document | N41: so-tay-kien-thuc-phap-luat-lao-dong-cdi | W41: n/a | X41: BLOCKED | Y41: Lỗi API: chưa chạy | AA41: =IF(Z41="",X41,Z41)
A42: LAW_C_001 | B42: Direct Fact | C42: Bộ tổng hợp văn bản được cập nhật đến thời điểm nào? | D42: Được cập nhật đến hết tháng 3/2020. | E42: Căn cứ: phần “Bìa”, trang 1. Nội dung được tài liệu xác nhận: Được cập nhật đến hết tháng 3/2020. | F42: 1 | G42: Bìa | H42: 03/2020 | cập nhật | I42: Easy | J42: Single Chunk | K42: Yes | L42: Answer from document | N42: luu-ban-nhap-tu-dong-3-4 | W42: n/a | X42: BLOCKED | Y42: Lỗi API: chưa chạy | AA42: =IF(Z42="",X42,Z42)
A43: LAW_C_002 | B43: Direct Fact | C43: Văn bản đầu tiên trong mục lục của bộ tổng hợp là văn bản nào? | D43: Bộ luật Lao động số 45/2019/QH14 ngày 20/11/2019. | E43: Căn cứ: phần “Mục lục”, trang 2. Nội dung được tài liệu xác nhận: Bộ luật Lao động số 45/2019/QH14 ngày 20/11/2019. | F43: 2 | G43: Mục lục | H43: 45/2019/QH14 | 20/11/2019 | I43: Easy | J43: Single Chunk | K43: Yes | L43: Answer from document | N43: luu-ban-nhap-tu-dong-3-4 | W43: n/a | X43: BLOCKED | Y43: Lỗi API: chưa chạy | AA43: =IF(Z43="",X43,Z43)
A44: LAW_C_003 | B44: Direct Fact | C44: Bộ tổng hợp có chứa Luật An toàn, vệ sinh lao động không? | D44: Có. Mục lục liệt kê Luật An toàn, vệ sinh lao động số 84/2015/QH13. | E44: Căn cứ: phần “Mục lục”, trang 2. Nội dung được tài liệu xác nhận: Có. Mục lục liệt kê Luật An toàn, vệ sinh lao động số 84/2015/QH13. | F44: 2 | G44: Mục lục | H44: 84/2015/QH13 | an toàn vệ sinh lao động | I44: Easy | J44: Single Chunk | K44: Yes | L44: Answer from document | N44: luu-ban-nhap-tu-dong-3-4 | W44: n/a | X44: BLOCKED | Y44: Lỗi API: chưa chạy | AA44: =IF(Z44="",X44,Z44)
A45: LAW_C_004 | B45: Direct Fact | C45: Bộ tổng hợp có chứa Luật Việc làm không? | D45: Có. Mục lục liệt kê Luật Việc làm số 38/2013/QH13. | E45: Căn cứ: phần “Mục lục”, trang 2. Nội dung được tài liệu xác nhận: Có. Mục lục liệt kê Luật Việc làm số 38/2013/QH13. | F45: 2 | G45: Mục lục | H45: 38/2013/QH13 | Luật việc làm | I45: Easy | J45: Single Chunk | K45: Yes | L45: Answer from document | N45: luu-ban-nhap-tu-dong-3-4 | W45: n/a | X45: BLOCKED | Y45: Lỗi API: chưa chạy | AA45: =IF(Z45="",X45,Z45)
A46: LAW_C_005 | B46: Direct Fact | C46: Bộ tổng hợp có chứa Luật Công đoàn không? | D46: Có. Mục lục liệt kê Luật Công đoàn số 12/2012/QH13. | E46: Căn cứ: phần “Mục lục”, trang 2. Nội dung được tài liệu xác nhận: Có. Mục lục liệt kê Luật Công đoàn số 12/2012/QH13. | F46: 2 | G46: Mục lục | H46: 12/2012/QH13 | công đoàn | I46: Easy | J46: Single Chunk | K46: Yes | L46: Answer from document | N46: luu-ban-nhap-tu-dong-3-4 | W46: n/a | X46: BLOCKED | Y46: Lỗi API: chưa chạy | AA46: =IF(Z46="",X46,Z46)
A47: LAW_C_006 | B47: Direct Fact | C47: Nghị định nào trong mục lục quy định chi tiết về hợp đồng lao động? | D47: Nghị định số 44/2013/NĐ-CP ngày 10/05/2013. | E47: Căn cứ: phần “Mục lục”, trang 4. Nội dung được tài liệu xác nhận: Nghị định số 44/2013/NĐ-CP ngày 10/05/2013. | F47: 4 | G47: Mục lục | H47: 44/2013/NĐ-CP | hợp đồng lao động | I47: Easy | J47: Single Chunk | K47: Yes | L47: Answer from document | N47: luu-ban-nhap-tu-dong-3-4 | W47: n/a | X47: BLOCKED | Y47: Lỗi API: chưa chạy | AA47: =IF(Z47="",X47,Z47)
A48: LAW_C_007 | B48: Direct Fact | C48: Nghị định nào trong mục lục liên quan đến tranh chấp lao động? | D48: Nghị định số 46/2013/NĐ-CP ngày 10/05/2013. | E48: Căn cứ: phần “Mục lục”, trang 4. Nội dung được tài liệu xác nhận: Nghị định số 46/2013/NĐ-CP ngày 10/05/2013. | F48: 4 | G48: Mục lục | H48: 46/2013/NĐ-CP | tranh chấp lao động | I48: Easy | J48: Single Chunk | K48: Yes | L48: Answer from document | N48: luu-ban-nhap-tu-dong-3-4 | W48: n/a | X48: BLOCKED | Y48: Lỗi API: chưa chạy | AA48: =IF(Z48="",X48,Z48)
A49: LAW_C_008 | B49: Definition | C49: BLLĐ 2019 trong bộ tổng hợp định nghĩa cưỡng bức lao động như thế nào? | D49: Là việc dùng vũ lực, đe dọa dùng vũ lực hoặc thủ đoạn khác để ép buộc NLĐ làm việc trái ý muốn. | E49: Căn cứ: phần “BLLĐ 2019 - Điều 3”, trang 7. Nội dung được tài liệu xác nhận: Là việc dùng vũ lực, đe dọa dùng vũ lực hoặc thủ đoạn khác để ép buộc NLĐ làm việc trái ý muốn. | F49: 7 | G49: BLLĐ 2019 - Điều 3 | H49: vũ lực | đe dọa | trái ý muốn | I49: Medium | J49: Single Chunk | K49: Yes | L49: Answer from document | N49: luu-ban-nhap-tu-dong-3-4 | W49: n/a | X49: BLOCKED | Y49: Lỗi API: chưa chạy | AA49: =IF(Z49="",X49,Z49)
A50: LAW_C_009 | B50: Definition | C50: BLLĐ 2019 định nghĩa phân biệt đối xử trong lao động dựa trên những nhóm căn cứ nào? | D50: Tài liệu liệt kê các căn cứ như chủng tộc, màu da, nguồn gốc, dân tộc, giới tính, độ tuổi, thai sản, hôn nhân, tôn giáo/tín ngưỡng, chính kiến, khuyết tật, trách nhiệm gia đình, HIV và lý do liên quan đến tổ chức đại diện NLĐ. | E50: Căn cứ: phần “BLLĐ 2019 - Điều 3”, trang 7. Nội dung được tài liệu xác nhận: Tài liệu liệt kê các căn cứ như chủng tộc, màu da, nguồn gốc, dân tộc, giới tính, độ tuổi, thai sản, hôn nhân, tôn giáo/tín ngưỡng, chính kiến, khuyết tật, trách nhiệm gia đình, HIV và lý do liên quan đến tổ chức đại diện NLĐ. | F50: 7 | G50: BLLĐ 2019 - Điều 3 | H50: phân biệt đối xử | giới tính | tuổi | thai sản | HIV | công đoàn | I50: Medium | J50: Single Chunk | K50: Yes | L50: Answer from document | N50: luu-ban-nhap-tu-dong-3-4 | W50: n/a | X50: BLOCKED | Y50: Lỗi API: chưa chạy | AA50: =IF(Z50="",X50,Z50)
A51: LAW_C_010 | B51: Direct Fact | C51: Theo BLLĐ 2019 trong bộ tổng hợp, NLĐ có quyền từ chối làm việc trong tình huống nào? | D51: Khi có nguy cơ rõ ràng đe dọa trực tiếp đến tính mạng, sức khỏe trong quá trình thực hiện công việc. | E51: Căn cứ: phần “BLLĐ 2019 - Quyền NLĐ”, trang 8. Nội dung được tài liệu xác nhận: Khi có nguy cơ rõ ràng đe dọa trực tiếp đến tính mạng, sức khỏe trong quá trình thực hiện công việc. | F51: 8 | G51: BLLĐ 2019 - Quyền NLĐ | H51: từ chối làm việc | nguy cơ rõ ràng | tính mạng | sức khỏe | I51: Medium | J51: Single Chunk | K51: Yes | L51: Answer from document | N51: luu-ban-nhap-tu-dong-3-4 | W51: n/a | X51: BLOCKED | Y51: Lỗi API: chưa chạy | AA51: =IF(Z51="",X51,Z51)
... A61: LAW_C_020 | B61: Multi-document | C61: Một truy vấn về lao động nữ vừa hỏi công việc bị cấm vừa hỏi chính sách bảo vệ nên retrieval đến những nguồn nào trong bộ tổng hợp? | D61: Có thể cần Nghị định 85/2015/NĐ-CP về chính sách đối với lao động nữ và Thông tư 26/2013/TT-BLĐTBXH về danh mục công việc không được sử dụng lao động nữ, cùng quy định liên quan trong BLLĐ. | E61: Căn cứ: phần “Mục lục - lao động nữ”, trang 3. Nội dung được tài liệu xác nhận: Có thể cần Nghị định 85/2015/NĐ-CP về chính sách đối với lao động nữ và Thông tư 26/2013/TT-BLĐTBXH về danh mục công việc không được sử dụng lao động nữ, cùng quy định liên quan trong BLLĐ. | F61: 3 | G61: Mục lục - lao động nữ | H61: 85/2015 | 26/2013 | lao động nữ | I61: Hard | J61: Multiple Chunks | K61: Yes | L61: Answer from document | N61: luu-ban-nhap-tu-dong-3-4 | W61: n/a | X61: BLOCKED | Y61: Lỗi API: chưa chạy | AA61: =IF(Z61="",X61,Z61)
A62: LAW_D_001 | B62: Direct Fact | C62: Cẩm nang ILO-VCCI được xây dựng để hỗ trợ chủ thể nào? | D62: Chủ yếu hỗ trợ người sử dụng lao động/doanh nghiệp cập nhật và tuân thủ các thay đổi của BLLĐ 2019. | E62: Căn cứ: phần “Lời nói đầu”, trang None. Nội dung được tài liệu xác nhận: Chủ yếu hỗ trợ người sử dụng lao động/doanh nghiệp cập nhật và tuân thủ các thay đổi của BLLĐ 2019. | G62: Lời nói đầu | H62: NSDLĐ | doanh nghiệp | BLLĐ 2019 | I62: Easy | J62: Single Chunk | K62: Yes | L62: Answer from document | N62: ILO-VCCI_Labour-Law-Guide-Book-V04-Final | W62: n/a | X62: BLOCKED | Y62: Lỗi API: chưa chạy | AA62: =IF(Z62="",X62,Z62)
A63: LAW_D_002 | B63: Direct Fact | C63: Cẩm nang so sánh chủ yếu hai phiên bản Bộ luật Lao động nào? | D63: BLLĐ 2012 và BLLĐ 2019. | E63: Căn cứ: phần “Lời nói đầu”, trang None. Nội dung được tài liệu xác nhận: BLLĐ 2012 và BLLĐ 2019. | G63: Lời nói đầu | H63: BLLĐ 2012 | BLLĐ 2019 | I63: Easy | J63: Single Chunk | K63: Yes | L63: Answer from document | N63: ILO-VCCI_Labour-Law-Guide-Book-V04-Final | W63: n/a | X63: BLOCKED | Y63: Lỗi API: chưa chạy | AA63: =IF(Z63="",X63,Z63)
A64: LAW_D_003 | B64: List | C64: Cẩm nang tập trung vào những nhóm nội dung chính nào? | D64: Gồm quan hệ/HĐLĐ, chấm dứt HĐLĐ, tiền lương, nghỉ lễ-tết và làm thêm giờ, nghỉ hưu, lao động nữ, kỷ luật lao động; đồng thời có đối thoại và thương lượng tập thể. | E64: Căn cứ: phần “Lời nói đầu/Mục lục”, trang 4. Nội dung được tài liệu xác nhận: Gồm quan hệ/HĐLĐ, chấm dứt HĐLĐ, tiền lương, nghỉ lễ-tết và làm thêm giờ, nghỉ hưu, lao động nữ, kỷ luật lao động; đồng thời có đối thoại và thương lượng tập thể. | F64: 4 | G64: Lời nói đầu/Mục lục | H64: HĐLĐ | chấm dứt | tiền lương | làm thêm | nghỉ hưu | lao động nữ | kỷ luật | I64: Easy | J64: Single Chunk | K64: Yes | L64: Answer from document | N64: ILO-VCCI_Labour-Law-Guide-Book-V04-Final | W64: n/a | X64: BLOCKED | Y64: Lỗi API: chưa chạy | AA64: =IF(Z64="",X64,Z64)
A65: LAW_D_004 | B65: Direct Fact | C65: Chương I của cẩm nang nói về chủ đề gì? | D65: Quan hệ lao động và hợp đồng lao động. | E65: Căn cứ: phần “Chương I”, trang None. Nội dung được tài liệu xác nhận: Quan hệ lao động và hợp đồng lao động. | G65: Chương I | H65: quan hệ lao động | HĐLĐ | I65: Easy | J65: Single Chunk | K65: Yes | L65: Answer from document | N65: ILO-VCCI_Labour-Law-Guide-Book-V04-Final | W65: n/a | X65: BLOCKED | Y65: Lỗi API: chưa chạy | AA65: =IF(Z65="",X65,Z65)
A66: LAW_D_005 | B66: Direct Fact | C66: Cẩm nang có nội dung riêng về thử việc không? | D66: Có. Mục lục Chương I có phần về thử việc. | E66: Căn cứ: phần “Chương I - Thử việc”, trang 5. Nội dung được tài liệu xác nhận: Có. Mục lục Chương I có phần về thử việc. | F66: 5 | G66: Chương I - Thử việc | H66: thử việc | I66: Easy | J66: Single Chunk | K66: Yes | L66: Answer from document | N66: ILO-VCCI_Labour-Law-Guide-Book-V04-Final | W66: n/a | X66: BLOCKED | Y66: Lỗi API: chưa chạy | AA66: =IF(Z66="",X66,Z66)
A67: LAW_D_006 | B67: Direct Fact | C67: Cẩm nang có chương riêng về xử lý kỷ luật lao động không? | D67: Có. Chương III là Xử lý kỷ luật lao động. | E67: Căn cứ: phần “Chương III”, trang 7. Nội dung được tài liệu xác nhận: Có. Chương III là Xử lý kỷ luật lao động. | F67: 7 | G67: Chương III | H67: kỷ luật lao động | I67: Easy | J67: Single Chunk | K67: Yes | L67: Answer from document | N67: ILO-VCCI_Labour-Law-Guide-Book-V04-Final | W67: n/a | X67: BLOCKED | Y67: Lỗi API: chưa chạy | AA67: =IF(Z67="",X67,Z67)
A68: LAW_D_007 | B68: Direct Fact | C68: Cẩm nang có nội dung về tiền lương làm thêm giờ và làm việc ban đêm không? | D68: Có. Mục lục có mục riêng “Tiền lương làm thêm giờ, làm việc vào ban đêm”. | E68: Căn cứ: phần “Chương tiền lương”, trang 8. Nội dung được tài liệu xác nhận: Có. Mục lục có mục riêng “Tiền lương làm thêm giờ, làm việc vào ban đêm”. | F68: 8 | G68: Chương tiền lương | H68: làm thêm giờ | ban đêm | tiền lương | I68: Easy | J68: Single Chunk | K68: Yes | L68: Answer from document | N68: ILO-VCCI_Labour-Law-Guide-Book-V04-Final | W68: n/a | X68: BLOCKED | Y68: Lỗi API: chưa chạy | AA68: =IF(Z68="",X68,Z68)
A69: LAW_D_008 | B69: Concept | C69: Cẩm nang tiếp cận các thay đổi của BLLĐ 2019 theo cách nào? | D69: Làm rõ khác biệt giữa BLLĐ 2012 và 2019 cùng văn bản liên quan, sau đó đưa ra giải pháp/kiến nghị để doanh nghiệp điều chỉnh và tuân thủ. | E69: Căn cứ: phần “Lời nói đầu”, trang 4. Nội dung được tài liệu xác nhận: Làm rõ khác biệt giữa BLLĐ 2012 và 2019 cùng văn bản liên quan, sau đó đưa ra giải pháp/kiến nghị để doanh nghiệp điều chỉnh và tuân thủ. | F69: 4 | G69: Lời nói đầu | H69: so sánh 2012-2019 | giải pháp | doanh nghiệp | I69: Medium | J69: Single Chunk | K69: Yes | L69: Answer from document | N69: ILO-VCCI_Labour-Law-Guide-Book-V04-Final | W69: n/a | X69: BLOCKED | Y69: Lỗi API: chưa chạy | AA69: =IF(Z69="",X69,Z69)
A70: LAW_D_009 | B70: Navigation | C70: Muốn tìm dấu hiệu nhận biết quan hệ lao động, cần truy xuất phần nào? | D70: Chương I, mục I - Quan hệ lao động, phần “Dấu hiệu nhận biết quan hệ lao động”. | E70: Căn cứ: phần “Chương I - Quan hệ lao động”, trang 5. Nội dung được tài liệu xác nhận: Chương I, mục I - Quan hệ lao động, phần “Dấu hiệu nhận biết quan hệ lao động”. | F70: 5 | G70: Chương I - Quan hệ lao động | H70: dấu hiệu | quan hệ lao động | I70: Medium | J70: Single Chunk | K70: Yes | L70: Answer from document | N70: ILO-VCCI_Labour-Law-Guide-Book-V04-Final | W70: n/a | X70: BLOCKED | Y70: Lỗi API: chưa chạy | AA70: =IF(Z70="",X70,Z70)
A71: LAW_D_010 | B71: Navigation | C71: Muốn tìm thay đổi về quyền NLĐ đơn phương chấm dứt HĐLĐ, cần truy xuất phần nào? | D71: Chương về chấm dứt HĐLĐ, mục nêu “Những điểm mới liên quan đến việc NLĐ đơn phương chấm dứt HĐLĐ”. | E71: Căn cứ: phần “Chấm dứt HĐLĐ”, trang 6. Nội dung được tài liệu xác nhận: Chương về chấm dứt HĐLĐ, mục nêu “Những điểm mới liên quan đến việc NLĐ đơn phương chấm dứt HĐLĐ”. | F71: 6 | G71: Chấm dứt HĐLĐ | H71: NLĐ | đơn phương chấm dứt | điểm mới | I71: Medium | J71: Single Chunk | K71: Yes | L71: Answer from document | N71: ILO-VCCI_Labour-Law-Guide-Book-V04-Final | W71: n/a | X71: BLOCKED | Y71: Lỗi API: chưa chạy | AA71: =IF(Z71="",X71,Z71)
A72: LAW_D_011 | B72: Navigation | C72: Câu hỏi doanh nghiệp cho thôi việc do thay đổi cơ cấu, công nghệ hoặc lý do kinh tế cần truy xuất phần nào? | D72: Phần III về chấm dứt HĐLĐ do thay đổi cơ cấu, công nghệ hoặc vì lý do kinh tế, gồm căn cứ và quy trình cho thôi việc. | E72: Căn cứ: phần “Chấm dứt HĐLĐ”, trang 6. Nội dung được tài liệu xác nhận: Phần III về chấm dứt HĐLĐ do thay đổi cơ cấu, công nghệ hoặc vì lý do kinh tế, gồm căn cứ và quy trình cho thôi việc. | F72: 6 | G72: Chấm dứt HĐLĐ | H72: cơ cấu | công nghệ | lý do kinh tế | cho thôi việc | I72: Medium | J72: Single Chunk | K72: Yes | L72: Answer from document | N72: ILO-VCCI_Labour-Law-Guide-Book-V04-Final | W72: n/a | X72: BLOCKED | Y72: Lỗi API: chưa chạy | AA72: =IF(Z72="",X72,Z72)
A73: LAW_D_012 | B73: Navigation | C73: Muốn tra các hình thức xử lý kỷ luật lao động, cần vào phần nào? | D73: Chương III - Xử lý kỷ luật lao động, mục II “Các hình thức xử lý kỷ luật lao động”. | E73: Căn cứ: phần “Chương III”, trang 7. Nội dung được tài liệu xác nhận: Chương III - Xử lý kỷ luật lao động, mục II “Các hình thức xử lý kỷ luật lao động”. | F73: 7 | G73: Chương III | H73: hình thức | kỷ luật lao động | I73: Medium | J73: Single Chunk | K73: Yes | L73: Answer from document | N73: ILO-VCCI_Labour-Law-Guide-Book-V04-Final | W73: n/a | X73: BLOCKED | Y73: Lỗi API: chưa chạy | AA73: =IF(Z73="",X73,Z73)
A74: LAW_D_013 | B74: Navigation | C74: Muốn tra kỳ hạn trả lương, cần tìm mục nào? | D74: Mục “Kỳ hạn trả lương” trong chương/phần về tiền lương. | E74: Căn cứ: phần “Tiền lương”, trang 8. Nội dung được tài liệu xác nhận: Mục “Kỳ hạn trả lương” trong chương/phần về tiền lương. | F74: 8 | G74: Tiền lương | H74: kỳ hạn | trả lương | I74: Medium | J74: Single Chunk | K74: Yes | L74: Answer from document | N74: ILO-VCCI_Labour-Law-Guide-Book-V04-Final | W74: n/a | X74: BLOCKED | Y74: Lỗi API: chưa chạy | AA74: =IF(Z74="",X74,Z74)
A75: LAW_D_014 | B75: Scope | C75: Cẩm nang có áp dụng chi tiết cho doanh nghiệp cho thuê lại lao động không? | D75: Không phải trọng tâm. Tài liệu lưu ý phạm vi dành cho đa số doanh nghiệp sản xuất kinh doanh; doanh nghiệp kinh doanh có điều kiện như cho thuê lại lao động được hướng dẫn chi tiết ở tài liệu khác. | E75: Căn cứ: phần “Lời nói đầu - Phạm vi”, trang None. Nội dung được tài liệu xác nhận: Không phải trọng tâm. Tài liệu lưu ý phạm vi dành cho đa số doanh nghiệp sản xuất kinh doanh; doanh nghiệp kinh doanh có điều kiện như cho thuê lại lao động được hướng dẫn chi tiết ở tài liệu khác. | G75: Lời nói đầu - Phạm vi | H75: phạm vi | cho thuê lại lao động | tài liệu khác | I75: Medium | J75: Single Chunk | K75: Yes | L75: Answer from document | N75: ILO-VCCI_Labour-Law-Guide-Book-V04-Final | W75: n/a | X75: BLOCKED | Y75: Lỗi API: chưa chạy | AA75: =IF(Z75="",X75,Z75)
A76: LAW_D_015 | B76: Multi-hop | C76: Một doanh nghiệp hỏi vừa về chuyển NLĐ sang công việc khác vừa về chấm dứt HĐLĐ do thay đổi cơ cấu. Retrieval nên lấy những phần nào? | D76: Cần kết hợp nội dung Chương I về chuyển NLĐ làm công việc khác so với HĐLĐ với phần chấm dứt HĐLĐ do thay đổi cơ cấu, công nghệ/lý do kinh tế. | E76: Căn cứ: phần “Chương I + Chấm dứt HĐLĐ”, trang 4. Nội dung được tài liệu xác nhận: Cần kết hợp nội dung Chương I về chuyển NLĐ làm công việc khác so với HĐLĐ với phần chấm dứt HĐLĐ do thay đổi cơ cấu, công nghệ/lý do kinh tế. | F76: 4 | G76: Chương I + Chấm dứt HĐLĐ | H76: chuyển công việc | thay đổi cơ cấu | chấm dứt | I76: Hard | J76: Multiple Chunks | K76: Yes | L76: Answer from document | N76: ILO-VCCI_Labour-Law-Guide-Book-V04-Final | W76: n/a | X76: BLOCKED | Y76: Lỗi API: chưa chạy | AA76: =IF(Z76="",X76,Z76)
A77: LAW_D_016 | B77: Multi-hop | C77: Một câu hỏi về làm thêm vào ngày lễ vừa liên quan thời giờ nghỉ vừa liên quan tiền lương. Cẩm nang định hướng retrieval qua những nhóm nội dung nào? | D77: Cần kết hợp phần ngày nghỉ lễ, tết/quy định làm thêm giờ với phần tiền lương, đặc biệt tiền lương làm thêm giờ và làm việc ban đêm. | E77: Căn cứ: phần “Nghỉ lễ/tết + Tiền lương”, trang 4. Nội dung được tài liệu xác nhận: Cần kết hợp phần ngày nghỉ lễ, tết/quy định làm thêm giờ với phần tiền lương, đặc biệt tiền lương làm thêm giờ và làm việc ban đêm. | F77: 4 | G77: Nghỉ lễ/tết + Tiền lương | H77: ngày lễ | làm thêm | tiền lương | I77: Hard | J77: Multiple Chunks | K77: Yes | L77: Answer from document | N77: ILO-VCCI_Labour-Law-Guide-Book-V04-Final | W77: n/a | X77: BLOCKED | Y77: Lỗi API: chưa chạy | AA77: =IF(Z77="",X77,Z77)
A78: LAW_D_017 | B78: Comparison | C78: Vì sao cẩm nang phù hợp để test câu hỏi “điểm mới” hơn một văn bản luật thuần túy? | D78: Vì cẩm nang chủ động so sánh BLLĐ 2012 với BLLĐ 2019 và giải thích thay đổi, thay vì chỉ trình bày điều khoản hiện hành. | E78: Căn cứ: phần “Lời nói đầu”, trang None. Nội dung được tài liệu xác nhận: Vì cẩm nang chủ động so sánh BLLĐ 2012 với BLLĐ 2019 và giải thích thay đổi, thay vì chỉ trình bày điều khoản hiện hành. | G78: Lời nói đầu | H78: so sánh | điểm mới | 2012 | 2019 | I78: Hard | J78: Single Chunk | K78: Yes | L78: Answer from document | N78: ILO-VCCI_Labour-Law-Guide-Book-V04-Final | W78: n/a | X78: BLOCKED | Y78: Lỗi API: chưa chạy | AA78: =IF(Z78="",X78,Z78)
A79: LAW_D_018 | B79: Source-awareness | C79: Nếu cẩm nang nói một quy định “mới” của BLLĐ 2019, RAG có nên tự suy ra đó vẫn là quy định mới nhất năm 2026 không? | D79: Không. Cẩm nang xuất bản năm 2021 và tự lưu ý có thể có quy định mới chưa kịp cập nhật; câu hỏi hiện hành 2026 cần đối chiếu nguồn pháp luật cập nhật hơn. | E79: Căn cứ: phần “Lời nói đầu - Lưu ý cập nhật”, trang None. Nội dung được tài liệu xác nhận: Không. Cẩm nang xuất bản năm 2021 và tự lưu ý có thể có quy định mới chưa kịp cập nhật; câu hỏi hiện hành 2026 cần đối chiếu nguồn pháp luật cập nhật hơn. | G79: Lời nói đầu - Lưu ý cập nhật | H79: 2021 | cập nhật | 2026 | đối chiếu | I79: Hard | J79: Multiple Chunks | K79: Yes | L79: Answer with temporal caveat | N79: ILO-VCCI_Labour-Law-Guide-Book-V04-Final | W79: n/a | X79: BLOCKED | Y79: Lỗi API: chưa chạy | AA79: =IF(Z79="",X79,Z79)
A80: LAW_D_019 | B80: Synthesis | C80: Mục tiêu của cẩm nang đối với quản trị doanh nghiệp là gì ngoài việc “biết luật”? | D80: Giúp NSDLĐ nhận diện thay đổi pháp luật để tuân thủ, cải cách bộ máy quản lý và tổ chức đối thoại/thương lượng tập thể, qua đó hạn chế mâu thuẫn trong quan hệ lao động. | E80: Căn cứ: phần “Lời nói đầu”, trang 3. Nội dung được tài liệu xác nhận: Giúp NSDLĐ nhận diện thay đổi pháp luật để tuân thủ, cải cách bộ máy quản lý và tổ chức đối thoại/thương lượng tập thể, qua đó hạn chế mâu thuẫn trong quan hệ lao động. | F80: 3 | G80: Lời nói đầu | H80: tuân thủ | quản trị | đối thoại | thương lượng | mâu thuẫn | I80: Hard | J80: Multiple Chunks | K80: Yes | L80: Answer from document | N80: ILO-VCCI_Labour-Law-Guide-Book-V04-Final | W80: n/a | X80: BLOCKED | Y80: Lỗi API: chưa chạy | AA80: =IF(Z80="",X80,Z80)
A81: LAW_D_020 | B81: Scenario-based | C81: Doanh nghiệp hỏi một tình huống vừa có dấu hiệu quan hệ lao động, thử việc và sau đó sa thải. Retrieval tối thiểu nên phủ những phần nào của cẩm nang? | D81: Ít nhất Chương I về quan hệ lao động/HĐLĐ và thử việc, cùng Chương III về xử lý kỷ luật lao động/sa thải; nếu có chấm dứt HĐLĐ ngoài kỷ luật thì cần thêm chương chấm dứt HĐLĐ. | E81: Căn cứ: phần “Chương I + II/III liên quan”, trang 5. Nội dung được tài liệu xác nhận: Ít nhất Chương I về quan hệ lao động/HĐLĐ và thử việc, cùng Chương III về xử lý kỷ luật lao động/sa thải; nếu có chấm dứt HĐLĐ ngoài kỷ luật thì cần thêm chương chấm dứt HĐLĐ. | F81: 5 | G81: Chương I + II/III liên quan | H81: quan hệ lao động | thử việc | sa thải | chấm dứt | I81: Hard | J81: Multiple Chunks | K81: Yes | L81: Answer from document | N81: ILO-VCCI_Labour-Law-Guide-Book-V04-Final | W81: n/a | X81: BLOCKED | Y81: Lỗi API: chưa chạy | AA81: =IF(Z81="",X81,Z81)
A82: LAW_E_001 | B82: Direct Fact | C82: Bộ luật Lao động trong văn bản hợp nhất có hiệu lực gốc từ ngày nào? | D82: Bộ luật Lao động 45/2019/QH14 có hiệu lực từ ngày 01/01/2021. | E82: Căn cứ: phần “Phần mở đầu”, trang 1. Nội dung được tài liệu xác nhận: Bộ luật Lao động 45/2019/QH14 có hiệu lực từ ngày 01/01/2021. | F82: 1 | G82: Phần mở đầu | H82: 01/01/2021 | 45/2019/QH14 | I82: Easy | J82: Single Chunk | K82: Yes | L82: Answer from document | N82: Văn-bản-hợp-nhất-18-VBHN-VPQH | W82: n/a | X82: BLOCKED | Y82: Lỗi API: chưa chạy | AA82: =IF(Z82="",X82,Z82)
A83: LAW_E_002 | B83: Definition | C83: Theo Điều 3, người lao động được định nghĩa như thế nào? | D83: Là người làm việc cho NSDLĐ theo thỏa thuận, được trả lương và chịu sự quản lý, điều hành, giám sát của NSDLĐ. | E83: Căn cứ: phần “Điều 3”, trang 2. Nội dung được tài liệu xác nhận: Là người làm việc cho NSDLĐ theo thỏa thuận, được trả lương và chịu sự quản lý, điều hành, giám sát của NSDLĐ. | F83: 2 | G83: Điều 3 | H83: thỏa thuận | trả lương | quản lý | điều hành | giám sát | I83: Easy | J83: Single Chunk | K83: Yes | L83: Answer from document | N83: Văn-bản-hợp-nhất-18-VBHN-VPQH | W83: n/a | X83: BLOCKED | Y83: Lỗi API: chưa chạy | AA83: =IF(Z83="",X83,Z83)
A84: LAW_E_003 | B84: Direct Fact | C84: Độ tuổi lao động tối thiểu theo định nghĩa chung là bao nhiêu? | D84: Đủ 15 tuổi, trừ trường hợp được quy định riêng tại Mục 1 Chương XI. | E84: Căn cứ: phần “Điều 3”, trang 2. Nội dung được tài liệu xác nhận: Đủ 15 tuổi, trừ trường hợp được quy định riêng tại Mục 1 Chương XI. | F84: 2 | G84: Điều 3 | H84: đủ 15 tuổi | ngoại lệ Chương XI | I84: Easy | J84: Single Chunk | K84: Yes | L84: Answer from document | N84: Văn-bản-hợp-nhất-18-VBHN-VPQH | W84: n/a | X84: BLOCKED | Y84: Lỗi API: chưa chạy | AA84: =IF(Z84="",X84,Z84)
A85: LAW_E_004 | B85: Definition | C85: Quan hệ lao động bao gồm những loại nào? | D85: Bao gồm quan hệ lao động cá nhân và quan hệ lao động tập thể. | E85: Căn cứ: phần “Điều 3”, trang None. Nội dung được tài liệu xác nhận: Bao gồm quan hệ lao động cá nhân và quan hệ lao động tập thể. | G85: Điều 3 | H85: cá nhân | tập thể | I85: Easy | J85: Single Chunk | K85: Yes | L85: Answer from document | N85: Văn-bản-hợp-nhất-18-VBHN-VPQH | W85: n/a | X85: BLOCKED | Y85: Lỗi API: chưa chạy | AA85: =IF(Z85="",X85,Z85)
A86: LAW_E_005 | B86: Direct Fact | C86: NSDLĐ có được giữ bản chính giấy tờ tùy thân, văn bằng, chứng chỉ của NLĐ không? | D86: Không. Điều 17 cấm NSDLĐ giữ bản chính các giấy tờ này khi giao kết, thực hiện HĐLĐ. | E86: Căn cứ: phần “Điều 17”, trang 8. Nội dung được tài liệu xác nhận: Không. Điều 17 cấm NSDLĐ giữ bản chính các giấy tờ này khi giao kết, thực hiện HĐLĐ. | F86: 8 | G86: Điều 17 | H86: cấm | bản chính | giấy tờ | văn bằng | chứng chỉ | I86: Easy | J86: Single Chunk | K86: Yes | L86: Answer from document | N86: Văn-bản-hợp-nhất-18-VBHN-VPQH | W86: n/a | X86: BLOCKED | Y86: Lỗi API: chưa chạy | AA86: =IF(Z86="",X86,Z86)
A87: LAW_E_006 | B87: Direct Fact | C87: HĐLĐ xác định thời hạn tối đa bao nhiêu tháng theo Điều 20? | D87: Không quá 36 tháng kể từ thời điểm có hiệu lực của hợp đồng. | E87: Căn cứ: phần “Điều 20”, trang None. Nội dung được tài liệu xác nhận: Không quá 36 tháng kể từ thời điểm có hiệu lực của hợp đồng. | G87: Điều 20 | H87: 36 tháng | HĐLĐ xác định thời hạn | I87: Easy | J87: Single Chunk | K87: Yes | L87: Answer from document | N87: Văn-bản-hợp-nhất-18-VBHN-VPQH | W87: n/a | X87: BLOCKED | Y87: Lỗi API: chưa chạy | AA87: =IF(Z87="",X87,Z87)
A88: LAW_E_007 | B88: Direct Fact | C88: Có áp dụng thử việc với HĐLĐ dưới 01 tháng không? | D88: Không. Điều 24 quy định không áp dụng thử việc với NLĐ giao kết HĐLĐ có thời hạn dưới 01 tháng. | E88: Căn cứ: phần “Điều 24”, trang 11. Nội dung được tài liệu xác nhận: Không. Điều 24 quy định không áp dụng thử việc với NLĐ giao kết HĐLĐ có thời hạn dưới 01 tháng. | F88: 11 | G88: Điều 24 | H88: không thử việc | dưới 01 tháng | I88: Easy | J88: Single Chunk | K88: Yes | L88: Answer from document | N88: Văn-bản-hợp-nhất-18-VBHN-VPQH | W88: n/a | X88: BLOCKED | Y88: Lỗi API: chưa chạy | AA88: =IF(Z88="",X88,Z88)
A89: LAW_E_008 | B89: Rule | C89: Thời gian thử việc tối đa đối với người quản lý doanh nghiệp là bao lâu? | D89: Không quá 180 ngày. | E89: Căn cứ: phần “Điều 25”, trang 11. Nội dung được tài liệu xác nhận: Không quá 180 ngày. | F89: 11 | G89: Điều 25 | H89: 180 ngày | quản lý doanh nghiệp | I89: Medium | J89: Single Chunk | K89: Yes | L89: Answer from document | N89: Văn-bản-hợp-nhất-18-VBHN-VPQH | W89: n/a | X89: BLOCKED | Y89: Lỗi API: chưa chạy | AA89: =IF(Z89="",X89,Z89)
A90: LAW_E_009 | B90: Rule | C90: Khi tạm thời chuyển NLĐ làm công việc khác so với HĐLĐ, thời gian tối đa thông thường là bao nhiêu? | D90: Không quá 60 ngày làm việc cộng dồn trong 01 năm, trừ trường hợp NLĐ đồng ý bằng văn bản cho thời gian dài hơn. | E90: Căn cứ: phần “Điều 29”, trang 12. Nội dung được tài liệu xác nhận: Không quá 60 ngày làm việc cộng dồn trong 01 năm, trừ trường hợp NLĐ đồng ý bằng văn bản cho thời gian dài hơn. | F90: 12 | G90: Điều 29 | H90: 60 ngày | cộng dồn | 01 năm | I90: Medium | J90: Single Chunk | K90: Yes | L90: Answer from document | N90: Văn-bản-hợp-nhất-18-VBHN-VPQH | W90: n/a | X90: BLOCKED | Y90: Lỗi API: chưa chạy | AA90: =IF(Z90="",X90,Z90)
A91: LAW_E_010 | B91: Rule | C91: NLĐ làm HĐLĐ không xác định thời hạn muốn đơn phương chấm dứt hợp đồng thông thường phải báo trước bao lâu? | D91: Ít nhất 45 ngày, trừ các trường hợp luật cho phép không cần báo trước hoặc ngành/nghề đặc thù có quy định riêng. | E91: Căn cứ: phần “Điều 35”, trang 15. Nội dung được tài liệu xác nhận: Ít nhất 45 ngày, trừ các trường hợp luật cho phép không cần báo trước hoặc ngành/nghề đặc thù có quy định riêng. | F91: 15 | G91: Điều 35 | H91: 45 ngày | không xác định thời hạn | báo trước | I91: Medium | J91: Single Chunk | K91: Yes | L91: Answer from document | N91: Văn-bản-hợp-nhất-18-VBHN-VPQH | W91: n/a | X91: BLOCKED | Y91: Lỗi API: chưa chạy | AA91: =IF(Z91="",X91,Z91)
A92: LAW_E_011 | B92: Rule | C92: NLĐ làm HĐLĐ xác định thời hạn từ 12 đến 36 tháng muốn nghỉ thông thường phải báo trước bao lâu? | D92: Ít nhất 30 ngày. | E92: Căn cứ: phần “Điều 35”, trang 15. Nội dung được tài liệu xác nhận: Ít nhất 30 ngày. | F92: 15 | G92: Điều 35 | H92: 30 ngày | 12-36 tháng | báo trước | I92: Medium | J92: Single Chunk | K92: Yes | L92: Answer from document | N92: Văn-bản-hợp-nhất-18-VBHN-VPQH | W92: n/a | X92: BLOCKED | Y92: Lỗi API: chưa chạy | AA92: =IF(Z92="",X92,Z92)
A93: LAW_E_012 | B93: Rule | C93: Trợ cấp thôi việc được tính theo mức nào cho mỗi năm làm việc đủ điều kiện? | D93: Mỗi năm làm việc được trợ cấp một nửa tháng tiền lương, theo điều kiện và cách xác định thời gian của Điều 46. | E93: Căn cứ: phần “Điều 46”, trang 20. Nội dung được tài liệu xác nhận: Mỗi năm làm việc được trợ cấp một nửa tháng tiền lương, theo điều kiện và cách xác định thời gian của Điều 46. | F93: 20 | G93: Điều 46 | H93: 0,5 tháng lương | mỗi năm | trợ cấp thôi việc | I93: Medium | J93: Single Chunk | K93: Yes | L93: Answer from document | N93: Văn-bản-hợp-nhất-18-VBHN-VPQH | W93: n/a | X93: BLOCKED | Y93: Lỗi API: chưa chạy | AA93: =IF(Z93="",X93,Z93)
A94: LAW_E_013 | B94: Rule | C94: Trợ cấp mất việc làm được tính thế nào theo Điều 47? | D94: Cứ mỗi năm làm việc trả 01 tháng tiền lương nhưng ít nhất bằng 02 tháng tiền lương, nếu thuộc trường hợp và điều kiện của Điều 47. | E94: Căn cứ: phần “Điều 47”, trang None. Nội dung được tài liệu xác nhận: Cứ mỗi năm làm việc trả 01 tháng tiền lương nhưng ít nhất bằng 02 tháng tiền lương, nếu thuộc trường hợp và điều kiện của Điều 47. | G94: Điều 47 | H94: 1 tháng/năm | tối thiểu 2 tháng | mất việc | I94: Medium | J94: Single Chunk | K94: Yes | L94: Answer from document | N94: Văn-bản-hợp-nhất-18-VBHN-VPQH | W94: n/a | X94: BLOCKED | Y94: Lỗi API: chưa chạy | AA94: =IF(Z94="",X94,Z94)
A95: LAW_E_014 | B95: Definition | C95: Tiền lương theo Điều 90 bao gồm những thành phần nào? | D95: Gồm mức lương theo công việc hoặc chức danh, phụ cấp lương và các khoản bổ sung khác. | E95: Căn cứ: phần “Điều 90”, trang 35. Nội dung được tài liệu xác nhận: Gồm mức lương theo công việc hoặc chức danh, phụ cấp lương và các khoản bổ sung khác. | F95: 35 | G95: Điều 90 | H95: mức lương | phụ cấp | khoản bổ sung | I95: Medium | J95: Single Chunk | K95: Yes | L95: Answer from document | N95: Văn-bản-hợp-nhất-18-VBHN-VPQH | W95: n/a | X95: BLOCKED | Y95: Lỗi API: chưa chạy | AA95: =IF(Z95="",X95,Z95)
A96: LAW_E_015 | B96: Scenario-based | C96: Một NLĐ làm thêm vào ngày nghỉ hằng tuần. Mức trả tối thiểu theo Điều 98 là bao nhiêu? | D96: Ít nhất bằng 200% đơn giá tiền lương hoặc tiền lương thực trả theo công việc đang làm. | E96: Căn cứ: phần “Điều 98”, trang 38. Nội dung được tài liệu xác nhận: Ít nhất bằng 200% đơn giá tiền lương hoặc tiền lương thực trả theo công việc đang làm. | F96: 38 | G96: Điều 98 | H96: 200% | ngày nghỉ hằng tuần | I96: Hard | J96: Single Chunk | K96: Yes | L96: Answer from document | N96: Văn-bản-hợp-nhất-18-VBHN-VPQH | W96: n/a | X96: BLOCKED | Y96: Lỗi API: chưa chạy | AA96: =IF(Z96="",X96,Z96)
A97: LAW_E_016 | B97: Scenario-based | C97: Một NLĐ làm thêm vào ngày lễ, tết. Điều 98 quy định mức tối thiểu nào? | D97: Ít nhất bằng 300%, chưa kể tiền lương ngày lễ, tết/ngày nghỉ có hưởng lương đối với NLĐ hưởng lương ngày. | E97: Căn cứ: phần “Điều 98”, trang 38. Nội dung được tài liệu xác nhận: Ít nhất bằng 300%, chưa kể tiền lương ngày lễ, tết/ngày nghỉ có hưởng lương đối với NLĐ hưởng lương ngày. | F97: 38 | G97: Điều 98 | H97: 300% | lễ tết | chưa kể tiền lương ngày lễ | I97: Hard | J97: Single Chunk | K97: Yes | L97: Answer from document | N97: Văn-bản-hợp-nhất-18-VBHN-VPQH | W97: n/a | X97: BLOCKED | Y97: Lỗi API: chưa chạy | AA97: =IF(Z97="",X97,Z97)
A98: LAW_E_017 | B98: Multi-hop | C98: Doanh nghiệp bố trí 10 giờ/ngày theo tuần. Điều này có thể phù hợp không và giới hạn tuần là bao nhiêu? | D98: Có thể, nếu NSDLĐ quy định thời giờ làm việc theo tuần và thông báo cho NLĐ; khi đó thời giờ bình thường không quá 10 giờ/ngày và không quá 48 giờ/tuần. | E98: Căn cứ: phần “Điều 105”, trang 40. Nội dung được tài liệu xác nhận: Có thể, nếu NSDLĐ quy định thời giờ làm việc theo tuần và thông báo cho NLĐ; khi đó thời giờ bình thường không quá 10 giờ/ngày và không quá 48 giờ/tuần. | F98: 40 | G98: Điều 105 | H98: 10 giờ/ngày | 48 giờ/tuần | theo tuần | I98: Hard | J98: Multiple Chunks | K98: Yes | L98: Answer from document | N98: Văn-bản-hợp-nhất-18-VBHN-VPQH | W98: n/a | X98: BLOCKED | Y98: Lỗi API: chưa chạy | AA98: =IF(Z98="",X98,Z98)
A99: LAW_E_018 | B99: Multi-hop | C99: Một NLĐ làm đủ 12 tháng hỏi về nghỉ hằng năm. RAG cần căn cứ điều nào và yếu tố nào để xác định số ngày nghỉ? | D99: Căn cứ Điều 113. Số ngày nghỉ hưởng nguyên lương phụ thuộc nhóm điều kiện/công việc của NLĐ theo các mức được điều này quy định. | E99: Căn cứ: phần “Điều 113”, trang 42. Nội dung được tài liệu xác nhận: Căn cứ Điều 113. Số ngày nghỉ hưởng nguyên lương phụ thuộc nhóm điều kiện/công việc của NLĐ theo các mức được điều này quy định. | F99: 42 | G99: Điều 113 | H99: 12 tháng | nghỉ hằng năm | hưởng nguyên lương | I99: Hard | J99: Single Chunk | K99: Yes | L99: Answer from document | N99: Văn-bản-hợp-nhất-18-VBHN-VPQH | W99: n/a | X99: BLOCKED | Y99: Lỗi API: chưa chạy | AA99: =IF(Z99="",X99,Z99)
A100: LAW_E_019 | B100: Procedure | C100: Khi xử lý kỷ luật lao động, NSDLĐ phải bảo đảm những nguyên tắc tố tụng cơ bản nào? | D100: Phải chứng minh lỗi của NLĐ; có sự tham gia của tổ chức đại diện NLĐ tại cơ sở khi NLĐ là thành viên; NLĐ phải có mặt và có quyền tự bào chữa/nhờ bào chữa; việc xử lý phải được lập biên bản, cùng các yêu cầu khác của Điều 122. | E100: Căn cứ: phần “Điều 122”, trang 46. Nội dung được tài liệu xác nhận: Phải chứng minh lỗi của NLĐ; có sự tham gia của tổ chức đại diện NLĐ tại cơ sở khi NLĐ là thành viên; NLĐ phải có mặt và có quyền tự bào chữa/nhờ bào chữa; việc xử lý phải được lập biên bản, cùng các yêu cầu khác của Điều 122. | F100: 46 | G100: Điều 122 | H100: chứng minh lỗi | tổ chức đại diện | tự bào chữa | biên bản | I100: Hard | J100: Multiple Chunks | K100: Yes | L100: Answer from document | N100: Văn-bản-hợp-nhất-18-VBHN-VPQH | W100: n/a | X100: BLOCKED | Y100: Lỗi API: chưa chạy | AA100: =IF(Z100="",X100,Z100)
A101: LAW_E_020 | B101: Scenario-based | C101: NLĐ trộm cắp hoặc sử dụng ma túy tại nơi làm việc có thể bị áp dụng hình thức kỷ luật nào theo Điều 125? | D101: Có thể bị áp dụng hình thức xử lý kỷ luật sa thải theo các trường hợp Điều 125 quy định. | E101: Căn cứ: phần “Điều 125”, trang 47. Nội dung được tài liệu xác nhận: Có thể bị áp dụng hình thức xử lý kỷ luật sa thải theo các trường hợp Điều 125 quy định. | F101: 47 | G101: Điều 125 | H101: trộm cắp | ma túy | sa thải | I101: Hard | J101: Single Chunk | K101: Yes | L101: Answer from document | N101: Văn-bản-hợp-nhất-18-VBHN-VPQH | W101: n/a | X101: BLOCKED | Y101: Lỗi API: chưa chạy | AA101: =IF(Z101="",X101,Z101)

Sheet Retrieval
A1: ID | B1: Document | C1: Category | D1: Difficulty | E1: Doc@1 | F1: Doc@5 | G1: Page@5 (±1) | H1: Keyword coverage (top 5) | I1: Best rerank | J1: Refused (< threshold) | K1: Top sources
A2: LAW_A_001 | B2: giao trinh Luat lao dong CB 2005 (1) | C2: Definition | D2: Easy | E2: 1 | F2: 1 | G2: TRUE | H2: 1 | I2: 0.9984 | J2: 0 | K2: giao trinh Luat lao dong CB 2005 (1) tr.3-3 (0.9984) giao trinh Luat lao dong CB 2005 (1) tr.7-7 (0.9587) giao trinh Luat lao dong CB 2005 (1) tr.7-7 (0.9279) giao trinh Luat lao dong CB 2005 (1) tr.3-4 (0.8305) giao trinh Luat lao dong CB 2005 (1) tr.6-6 (0.8054)
A3: LAW_A_002 | B3: giao trinh Luat lao dong CB 2005 (1) | C3: Definition | D3: Easy | E3: 1 | F3: 1 | G3: TRUE | H3: 1 | I3: 0.9737 | J3: 0 | K3: giao trinh Luat lao dong CB 2005 (1) tr.13-13 (0.9737) giao trinh Luat lao dong CB 2005 (1) tr.3-3 (0.8655) giao trinh Luat lao dong CB 2005 (1) tr.3-3 (0.8496) luu-ban-nhap-tu-dong-3-4 tr.69-70 (0.8055) luu-ban-nhap-tu-dong-3-4 tr.72-72 (0.7175)
A4: LAW_A_003 | B4: giao trinh Luat lao dong CB 2005 (1) | C4: List | D4: Easy | E4: 1 | F4: 1 | G4: TRUE | H4: 0.85714286 | I4: 0.9891 | J4: 0 | K4: giao trinh Luat lao dong CB 2005 (1) tr.4-5 (0.9891) giao trinh Luat lao dong CB 2005 (1) tr.13-13 (0.9326) giao trinh Luat lao dong CB 2005 (1) tr.3-3 (0.9083) luu-ban-nhap-tu-dong-3-4 tr.72-72 (0.8941) giao trinh Luat lao dong CB 2005 (1) tr.3-3 (0.891)
A5: LAW_A_004 | B5: giao trinh Luat lao dong CB 2005 (1) | C5: Definition | D5: Easy | E5: 1 | F5: 1 | G5: TRUE | H5: 1 | I5: 0.9936 | J5: 0 | K5: giao trinh Luat lao dong CB 2005 (1) tr.13-13 (0.9936) giao trinh Luat lao dong CB 2005 (1) tr.14-14 (0.9835) giao trinh Luat lao dong CB 2005 (1) tr.14-15 (0.9708) giao trinh Luat lao dong CB 2005 (1) tr.14-14 (0.9608) giao trinh Luat lao dong CB 2005 (1) tr.18-18 (0.9575)
A6: LAW_A_005 | B6: giao trinh Luat lao dong CB 2005 (1) | C6: Direct Fact | D6: Easy | E6: 1 | F6: 1 | G6: TRUE | H6: 0.66666667 | I6: 0.9905 | J6: 0 | K6: giao trinh Luat lao dong CB 2005 (1) tr.5-5 (0.9905) giao trinh Luat lao dong CB 2005 (1) tr.4-5 (0.5222)
A7: LAW_A_006 | B7: giao trinh Luat lao dong CB 2005 (1) | C7: Concept | D7: Easy | E7: 1 | F7: 1 | G7: TRUE | H7: 1 | I7: 0.8816 | J7: 0 | K7: giao trinh Luat lao dong CB 2005 (1) tr.5-5 (0.8816) giao trinh Luat lao dong CB 2005 (1) tr.5-6 (0.4338)
A8: LAW_A_007 | B8: giao trinh Luat lao dong CB 2005 (1) | C8: Definition | D8: Easy | E8: 1 | F8: 1 | H8: 0.5 | I8: 0.7146 | J8: 0 | K8: giao trinh Luat lao dong CB 2005 (1) tr.13-13 (0.7146) giao trinh Luat lao dong CB 2005 (1) tr.58-58 (0.4023) luu-ban-nhap-tu-dong-3-4 tr.31-31 (0.3612)
A9: LAW_A_008 | B9: giao trinh Luat lao dong CB 2005 (1) | C9: Direct Fact | D9: Medium | E9: 0 | F9: 1 | G9: TRUE | H9: 1 | I9: 0.9585 | J9: 0 | K9: so-tay-kien-thuc-phap-luat-lao-dong-cdi tr.19-19 (0.9585) giao trinh Luat lao dong CB 2005 (1) tr.59-59 (0.9547) Văn-bản-hợp-nhất-18-VBHN-VPQH tr.38-38 (0.9278) ILO-VCCI_Labour-Law-Guide-Book-V04-Final tr.100-100 (0.9243) giao trinh Luat lao dong CB 2005 (1) tr.80-80 (0.8973)
A10: LAW_A_009 | B10: giao trinh Luat lao dong CB 2005 (1) | C10: Direct Fact | D10: Medium | E10: 0 | F10: 1 | G10: TRUE | H10: 1 | I10: 0.9454 | J10: 0 | K10: so-tay-kien-thuc-phap-luat-lao-dong-cdi tr.19-19 (0.9454) Văn-bản-hợp-nhất-18-VBHN-VPQH tr.38-38 (0.9207) ILO-VCCI_Labour-Law-Guide-Book-V04-Final tr.100-100 (0.9207) giao trinh Luat lao dong CB 2005 (1) tr.59-59 (0.9096) giao trinh Luat lao dong CB 2005 (1) tr.80-80 (0.8598)
A11: LAW_A_010 | B11: giao trinh Luat lao dong CB 2005 (1) | C11: Direct Fact | D11: Medium | E11: 0 | F11: 1 | G11: TRUE | H11: 0.66666667 | I11: 0.9537 | J11: 0 | K11: so-tay-kien-thuc-phap-luat-lao-dong-cdi tr.19-19 (0.9537) giao trinh Luat lao dong CB 2005 (1) tr.59-59 (0.9412) Văn-bản-hợp-nhất-18-VBHN-VPQH tr.38-38 (0.9356) luu-ban-nhap-tu-dong-3-4 tr.424-424 (0.9305) ILO-VCCI_Labour-Law-Guide-Book-V04-Final tr.100-100 (0.9082)
A12: LAW_A_011 | B12: giao trinh Luat lao dong CB 2005 (1) | C12: Rule | D12: Medium | E12: 0 | F12: 0 | G12: FALSE | H12: 0 | I12: 0.6783 | J12: 0 | K12: ILO-VCCI_Labour-Law-Guide-Book-V04-Final tr.112-112 (0.6783) ILO-VCCI_Labour-Law-Guide-Book-V04-Final tr.112-113 (0.4942) luu-ban-nhap-tu-dong-3-4 tr.101-101 (0.4728) ILO-VCCI_Labour-Law-Guide-Book-V04-Final tr.111-111 (0.436) Văn-bản-hợp-nhất-18-VBHN-VPQH tr.40-41 (0.3987)
A13: LAW_A_012 | B13: giao trinh Luat lao dong CB 2005 (1) | C13: Concept | D13: Medium | E13: 1 | F13: 1 | H13: 1 | I13: 0.9808 | J13: 0 | K13: giao trinh Luat lao dong CB 2005 (1) tr.7-8 (0.9808) giao trinh Luat lao dong CB 2005 (1) tr.7-7 (0.9449) giao trinh Luat lao dong CB 2005 (1) tr.49-50 (0.3944)
A14: LAW_A_013 | B14: giao trinh Luat lao dong CB 2005 (1) | C14: Comparison | D14: Medium | E14: 1 | F14: 1 | H14: 0.75 | I14: 0.9941 | J14: 0 | K14: giao trinh Luat lao dong CB 2005 (1) tr.7-8 (0.9941) giao trinh Luat lao dong CB 2005 (1) tr.7-7 (0.8212)
A15: LAW_A_014 | B15: giao trinh Luat lao dong CB 2005 (1) | C15: Concept | D15: Medium | E15: 1 | F15: 1 | G15: TRUE | H15: 1 | I15: 0.9279 | J15: 0 | K15: giao trinh Luat lao dong CB 2005 (1) tr.5-5 (0.9279) giao trinh Luat lao dong CB 2005 (1) tr.5-6 (0.8897) giao trinh Luat lao dong CB 2005 (1) tr.95-96 (0.5862) luu-ban-nhap-tu-dong-3-4 tr.41-41 (0.411)
A16: LAW_A_015 | B16: giao trinh Luat lao dong CB 2005 (1) | C16: Scenario-based | D16: Hard | E16: 1 | F16: 1 | G16: TRUE | H16: 1 | I16: 0.9491 | J16: 0 | K16: giao trinh Luat lao dong CB 2005 (1) tr.5-6 (0.9491) giao trinh Luat lao dong CB 2005 (1) tr.5-5 (0.8208) giao trinh Luat lao dong CB 2005 (1) tr.95-96 (0.6305) ILO-VCCI_Labour-Law-Guide-Book-V04-Final tr.10-10 (0.5306) giao trinh Luat lao dong CB 2005 (1) tr.95-95 (0.422)
A17: LAW_A_016 | B17: giao trinh Luat lao dong CB 2005 (1) | C17: Scenario-based | D17: Hard | E17: 1 | F17: 1 | G17: TRUE | H17: 0 | I17: 0.9622 | J17: 0 | K17: giao trinh Luat lao dong CB 2005 (1) tr.3-3 (0.9622) giao trinh Luat lao dong CB 2005 (1) tr.3-4 (0.6522) luu-ban-nhap-tu-dong-3-4 tr.73-73 (0.5572)
A18: LAW_A_017 | B18: giao trinh Luat lao dong CB 2005 (1) | C18: Multi-hop | D18: Hard | E18: 1 | F18: 1 | G18: FALSE | H18: 0 | I18: 0.5369 | J18: 0 | K18: giao trinh Luat lao dong CB 2005 (1) tr.7-8 (0.5369) giao trinh Luat lao dong CB 2005 (1) tr.7-7 (0.4546) giao trinh Luat lao dong CB 2005 (1) tr.182-182 (0.4193)
A19: LAW_A_018 | B19: giao trinh Luat lao dong CB 2005 (1) | C19: Multi-hop | D19: Hard | E19: 1 | F19: 1 | G19: TRUE | H19: 0.8 | I19: 0.9696 | J19: 0 | K19: giao trinh Luat lao dong CB 2005 (1) tr.6-6 (0.9696) giao trinh Luat lao dong CB 2005 (1) tr.13-13 (0.7965) luu-ban-nhap-tu-dong-3-4 tr.60-60 (0.6755) Văn-bản-hợp-nhất-18-VBHN-VPQH tr.76-76 (0.6727) luu-ban-nhap-tu-dong-3-4 tr.133-133 (0.5837)
A20: LAW_A_019 | B20: giao trinh Luat lao dong CB 2005 (1) | C20: Source-awareness | D20: Hard | E20: 0 | F20: 0 | G20: FALSE | H20: 0 | I20: 0 | J20: 1
A21: LAW_A_020 | B21: giao trinh Luat lao dong CB 2005 (1) | C21: Synthesis | D21: Hard | E21: 1 | F21: 1 | H21: 0.66666667 | I21: 0.9642 | J21: 0 | K21: giao trinh Luat lao dong CB 2005 (1) tr.3-3 (0.9642) giao trinh Luat lao dong CB 2005 (1) tr.3-4 (0.9122) giao trinh Luat lao dong CB 2005 (1) tr.4-5 (0.8773) giao trinh Luat lao dong CB 2005 (1) tr.13-13 (0.8155) giao trinh Luat lao dong CB 2005 (1) tr.3-3 (0.7594)
A22: LAW_B_001 | B22: so-tay-kien-thuc-phap-luat-lao-dong-cdi | C22: Direct Fact | D22: Easy | E22: 1 | F22: 1 | G22: TRUE | H22: 1 | I22: 0.9907 | J22: 0 | K22: so-tay-kien-thuc-phap-luat-lao-dong-cdi tr.11-11 (0.9907) so-tay-kien-thuc-phap-luat-lao-dong-cdi tr.49-49 (0.9852) Văn-bản-hợp-nhất-18-VBHN-VPQH tr.7-7 (0.9647) giao trinh Luat lao dong CB 2005 (1) tr.36-36 (0.9553) so-tay-kien-thuc-phap-luat-lao-dong-cdi tr.6-6 (0.7975)
A23: LAW_B_002 | B23: so-tay-kien-thuc-phap-luat-lao-dong-cdi | C23: Concept | D23: Easy | E23: 1 | F23: 1 | H23: 0.66666667 | I23: 0.466 | J23: 0 | K23: so-tay-kien-thuc-phap-luat-lao-dong-cdi tr.12-12 (0.466)
A24: LAW_B_003 | B24: so-tay-kien-thuc-phap-luat-lao-dong-cdi | C24: Direct Fact | D24: Easy | E24: 0 | F24: 1 | G24: FALSE | H24: 1 | I24: 0.8821 | J24: 0 | K24: ILO-VCCI_Labour-Law-Guide-Book-V04-Final tr.18-18 (0.8821) ILO-VCCI_Labour-Law-Guide-Book-V04-Final tr.19-19 (0.8691) Văn-bản-hợp-nhất-18-VBHN-VPQH tr.9-9 (0.8088) so-tay-kien-thuc-phap-luat-lao-dong-cdi tr.13-13 (0.8098) luu-ban-nhap-tu-dong-3-4 tr.76-76 (0.7937)
A25: LAW_B_004 | B25: so-tay-kien-thuc-phap-luat-lao-dong-cdi | C25: Direct Fact | D25: Easy | E25: 0 | F25: 0 | G25: FALSE | H25: 1 | I25: 0.4688 | J25: 0 | K25: luu-ban-nhap-tu-dong-3-4 tr.77-77 (0.4688) Văn-bản-hợp-nhất-18-VBHN-VPQH tr.11-11 (0.3633) ILO-VCCI_Labour-Law-Guide-Book-V04-Final tr.14-14 (0.4043)
A26: LAW_B_005 | B26: so-tay-kien-thuc-phap-luat-lao-dong-cdi | C26: Direct Fact | D26: Easy | E26: 1 | F26: 1 | G26: FALSE | H26: 1 | I26: 0.8177 | J26: 0 | K26: so-tay-kien-thuc-phap-luat-lao-dong-cdi tr.17-19 (0.8177) giao trinh Luat lao dong CB 2005 (1) tr.59-59 (0.7052) ILO-VCCI_Labour-Law-Guide-Book-V04-Final tr.100-100 (0.5308) ILO-VCCI_Labour-Law-Guide-Book-V04-Final tr.100-100 (0.5054) ILO-VCCI_Labour-Law-Guide-Book-V04-Final tr.99-99 (0.4686)
A27: LAW_B_006 | B27: so-tay-kien-thuc-phap-luat-lao-dong-cdi | C27: Direct Fact | D27: Easy | E27: 0 | F27: 0 | G27: FALSE | H27: 0 | I27: 0 | J27: 1
A28: LAW_B_007 | B28: so-tay-kien-thuc-phap-luat-lao-dong-cdi | C28: Direct Fact | D28: Easy | E28: 0 | F28: 0 | G28: FALSE | H28: 0.66666667 | I28: 0.8539 | J28: 0 | K28: giao trinh Luat lao dong CB 2005 (1) tr.112-112 (0.8539) luu-ban-nhap-tu-dong-3-4 tr.142-142 (0.7808) luu-ban-nhap-tu-dong-3-4 tr.112-112 (0.7273) giao trinh Luat lao dong CB 2005 (1) tr.113-113 (0.6928) luu-ban-nhap-tu-dong-3-4 tr.161-161 (0.6555)
A29: LAW_B_008 | B29: so-tay-kien-thuc-phap-luat-lao-dong-cdi | C29: Scenario-based | D29: Medium | E29: 1 | F29: 1 | H29: 0.66666667 | I29: 0.9955 | J29: 0 | K29: so-tay-kien-thuc-phap-luat-lao-dong-cdi tr.11-11 (0.9955) so-tay-kien-thuc-phap-luat-lao-dong-cdi tr.11-11 (0.9942) giao trinh Luat lao dong CB 2005 (1) tr.36-36 (0.7948) luu-ban-nhap-tu-dong-3-4 tr.74-74 (0.6229) so-tay-kien-thuc-phap-luat-lao-dong-cdi tr.49-49 (0.5987)
A30: LAW_B_009 | B30: so-tay-kien-thuc-phap-luat-lao-dong-cdi | C30: Concept | D30: Medium | E30: 1 | F30: 1 | H30: 0.66666667 | I30: 0.9626 | J30: 0 | K30: so-tay-kien-thuc-phap-luat-lao-dong-cdi tr.11-12 (0.9626) giao trinh Luat lao dong CB 2005 (1) tr.33-33 (0.8156) giao trinh Luat lao dong CB 2005 (1) tr.51-52 (0.553) giao trinh Luat lao dong CB 2005 (1) tr.49-50 (0.4473) giao trinh Luat lao dong CB 2005 (1) tr.193-193 (0.3644)
A31: LAW_B_010 | B31: so-tay-kien-thuc-phap-luat-lao-dong-cdi | C31: Navigation | D31: Medium | E31: 1 | F31: 1 | G31: FALSE | H31: 0.33333333 | I31: 0.3578 | J31: 0 | K31: so-tay-kien-thuc-phap-luat-lao-dong-cdi tr.49-49 (0.3578)
A32: LAW_B_011 | B32: so-tay-kien-thuc-phap-luat-lao-dong-cdi | C32: Navigation | D32: Medium | E32: 0 | F32: 0 | G32: FALSE | H32: 0.66666667 | I32: 0.4017 | J32: 0 | K32: Văn-bản-hợp-nhất-18-VBHN-VPQH tr.76-76 (0.4017) giao trinh Luat lao dong CB 2005 (1) tr.206-207 (0.393)
A33: LAW_B_012 | B33: so-tay-kien-thuc-phap-luat-lao-dong-cdi | C33: Navigation | D33: Medium | E33: 1 | F33: 1 | G33: FALSE | H33: 1 | I33: 0.8872 | J33: 0 | K33: so-tay-kien-thuc-phap-luat-lao-dong-cdi tr.37-39 (0.8872) luu-ban-nhap-tu-dong-3-4 tr.439-440 (0.6854) luu-ban-nhap-tu-dong-3-4 tr.116-116 (0.6805) luu-ban-nhap-tu-dong-3-4 tr.231-231 (0.5607) Văn-bản-hợp-nhất-18-VBHN-VPQH tr.52-52 (0.5334)
A34: LAW_B_013 | B34: so-tay-kien-thuc-phap-luat-lao-dong-cdi | C34: Navigation | D34: Medium | E34: 0 | F34: 1 | G34: FALSE | H34: 0.5 | I34: 0.9531 | J34: 0 | K34: ILO-VCCI_Labour-Law-Guide-Book-V04-Final tr.47-47 (0.9531) ILO-VCCI_Labour-Law-Guide-Book-V04-Final tr.46-47 (0.9454) so-tay-kien-thuc-phap-luat-lao-dong-cdi tr.34-34 (0.7922) ILO-VCCI_Labour-Law-Guide-Book-V04-Final tr.6-6 (0.7576) luu-ban-nhap-tu-dong-3-4 tr.429-429 (0.6692)
A35: LAW_B_014 | B35: so-tay-kien-thuc-phap-luat-lao-dong-cdi | C35: Navigation | D35: Medium | E35: 0 | F35: 0 | G35: FALSE | H35: 0 | I35: 0 | J35: 1
A36: LAW_B_015 | B36: so-tay-kien-thuc-phap-luat-lao-dong-cdi | C36: Multi-hop | D36: Hard | E36: 0 | F36: 0 | G36: FALSE | H36: 0 | I36: 0 | J36: 1
A37: LAW_B_016 | B37: so-tay-kien-thuc-phap-luat-lao-dong-cdi | C37: Multi-hop | D37: Hard | E37: 0 | F37: 0 | G37: FALSE | H37: 0 | I37: 0 | J37: 1
A38: LAW_B_017 | B38: so-tay-kien-thuc-phap-luat-lao-dong-cdi | C38: False Premise | D38: Hard | E38: 1 | F38: 1 | H38: 1 | I38: 0.606 | J38: 0 | K38: so-tay-kien-thuc-phap-luat-lao-dong-cdi tr.49-49 (0.606) Văn-bản-hợp-nhất-18-VBHN-VPQH tr.7-7 (0.44) giao trinh Luat lao dong CB 2005 (1) tr.36-36 (0.375)
A39: LAW_B_018 | B39: so-tay-kien-thuc-phap-luat-lao-dong-cdi | C39: Source-awareness | D39: Hard | E39: 0 | F39: 0 | G39: FALSE | H39: 0 | I39: 0 | J39: 1
A40: LAW_B_019 | B40: so-tay-kien-thuc-phap-luat-lao-dong-cdi | C40: Synthesis | D40: Hard | E40: 0 | F40: 0 | G40: FALSE | H40: 0 | I40: 0 | J40: 1
A41: LAW_B_020 | B41: so-tay-kien-thuc-phap-luat-lao-dong-cdi | C41: Synthesis | D41: Hard | E41: 0 | F41: 0 | G41: FALSE | H41: 0 | I41: 0 | J41: 1
A42: LAW_C_001 | B42: luu-ban-nhap-tu-dong-3-4 | C42: Direct Fact | D42: Easy | E42: 1 | F42: 1 | G42: TRUE | H42: 0.5 | I42: 0.3582 | J42: 0 | K42: luu-ban-nhap-tu-dong-3-4 tr.1-1 (0.3582)
A43: LAW_C_002 | B43: luu-ban-nhap-tu-dong-3-4 | C43: Direct Fact | D43: Easy | E43: 0 | F43: 0 | G43: FALSE | H43: 0 | I43: 0 | J43: 1
A44: LAW_C_003 | B44: luu-ban-nhap-tu-dong-3-4 | C44: Direct Fact | D44: Easy | E44: 1 | F44: 1 | G44: FALSE | H44: 0 | I44: 0.8496 | J44: 0 | K44: luu-ban-nhap-tu-dong-3-4 tr.560-560 (0.8496) luu-ban-nhap-tu-dong-3-4 tr.160-160 (0.8397) luu-ban-nhap-tu-dong-3-4 tr.160-160 (0.72) luu-ban-nhap-tu-dong-3-4 tr.177-177 (0.6968) luu-ban-nhap-tu-dong-3-4 tr.170-170 (0.5984)
A45: LAW_C_004 | B45: luu-ban-nhap-tu-dong-3-4 | C45: Direct Fact | D45: Easy | E45: 0 | F45: 0 | G45: FALSE | H45: 0 | I45: 0 | J45: 1
A46: LAW_C_005 | B46: luu-ban-nhap-tu-dong-3-4 | C46: Direct Fact | D46: Easy | E46: 0 | F46: 0 | G46: FALSE | H46: 0 | I46: 0 | J46: 1
A47: LAW_C_006 | B47: luu-ban-nhap-tu-dong-3-4 | C47: Direct Fact | D47: Easy | E47: 1 | F47: 1 | G47: TRUE | H47: 1 | I47: 0.9769 | J47: 0 | K47: luu-ban-nhap-tu-dong-3-4 tr.77-77 (0.9769) luu-ban-nhap-tu-dong-3-4 tr.4-4 (0.9751) giao trinh Luat lao dong CB 2005 (1) tr.209-209 (0.9705) luu-ban-nhap-tu-dong-3-4 tr.572-572 (0.9702) so-tay-kien-thuc-phap-luat-lao-dong-cdi tr.53-53 (0.9646)
A48: LAW_C_007 | B48: luu-ban-nhap-tu-dong-3-4 | C48: Direct Fact | D48: Easy | E48: 1 | F48: 1 | G48: TRUE | H48: 0.5 | I48: 0.9832 | J48: 0 | K48: luu-ban-nhap-tu-dong-3-4 tr.4-4 (0.9832) luu-ban-nhap-tu-dong-3-4 tr.54-54 (0.9827) luu-ban-nhap-tu-dong-3-4 tr.4-4 (0.9765) luu-ban-nhap-tu-dong-3-4 tr.4-4 (0.9747) Văn-bản-hợp-nhất-18-VBHN-VPQH tr.67-67 (0.9322)
A49: LAW_C_008 | B49: luu-ban-nhap-tu-dong-3-4 | C49: Definition | D49: Medium | E49: 0 | F49: 1 | G49: TRUE | H49: 1 | I49: 0.9039 | J49: 0 | K49: ILO-VCCI_Labour-Law-Guide-Book-V04-Final tr.17-17 (0.9039) luu-ban-nhap-tu-dong-3-4 tr.6-7 (0.892) ILO-VCCI_Labour-Law-Guide-Book-V04-Final tr.11-11 (0.827) luu-ban-nhap-tu-dong-3-4 tr.70-70 (0.8042) ILO-VCCI_Labour-Law-Guide-Book-V04-Final tr.31-31 (0.6053)
A50: LAW_C_009 | B50: luu-ban-nhap-tu-dong-3-4 | C50: Definition | D50: Medium | E50: 0 | F50: 0 | G50: FALSE | H50: 1 | I50: 0.9957 | J50: 0 | K50: ILO-VCCI_Labour-Law-Guide-Book-V04-Final tr.11-11 (0.9957) Văn-bản-hợp-nhất-18-VBHN-VPQH tr.2-3 (0.8934) ILO-VCCI_Labour-Law-Guide-Book-V04-Final tr.11-11 (0.8732) ILO-VCCI_Labour-Law-Guide-Book-V04-Final tr.30-30 (0.7279) ILO-VCCI_Labour-Law-Guide-Book-V04-Final tr.27-27 (0.5981)
A51: LAW_C_010 | B51: luu-ban-nhap-tu-dong-3-4 | C51: Direct Fact | D51: Medium | E51: 0 | F51: 0 | G51: FALSE | H51: 0.5 | I51: 0.9904 | J51: 0 | K51: ILO-VCCI_Labour-Law-Guide-Book-V04-Final tr.113-113 (0.9904) ILO-VCCI_Labour-Law-Guide-Book-V04-Final tr.70-70 (0.7581) ILO-VCCI_Labour-Law-Guide-Book-V04-Final tr.11-11 (0.721) ILO-VCCI_Labour-Law-Guide-Book-V04-Final tr.55-55 (0.7156) ILO-VCCI_Labour-Law-Guide-Book-V04-Final tr.32-33 (0.6985)
A52: LAW_C_011 | B52: luu-ban-nhap-tu-dong-3-4 | C52: Navigation | D52: Medium | E52: 1 | F52: 1 | G52: TRUE | H52: 0.5 | I52: 0.972 | J52: 0 | K52: luu-ban-nhap-tu-dong-3-4 tr.2-2 (0.972) luu-ban-nhap-tu-dong-3-4 tr.3-3 (0.9626) luu-ban-nhap-tu-dong-3-4 tr.2-2 (0.9615) luu-ban-nhap-tu-dong-3-4 tr.483-483 (0.8638) luu-ban-nhap-tu-dong-3-4 tr.394-394 (0.7815)
A53: LAW_C_012 | B53: luu-ban-nhap-tu-dong-3-4 | C53: Navigation | D53: Medium | E53: 1 | F53: 1 | G53: TRUE | H53: 0.5 | I53: 0.8687 | J53: 0 | K53: luu-ban-nhap-tu-dong-3-4 tr.2-2 (0.8687) luu-ban-nhap-tu-dong-3-4 tr.2-2 (0.5359) luu-ban-nhap-tu-dong-3-4 tr.413-414 (0.4326) ILO-VCCI_Labour-Law-Guide-Book-V04-Final tr.22-24 (0.4101) ILO-VCCI_Labour-Law-Guide-Book-V04-Final tr.93-93 (0.375)
A54: LAW_C_013 | B54: luu-ban-nhap-tu-dong-3-4 | C54: Navigation | D54: Medium | E54: 0 | F54: 1 | G54: FALSE | H54: 0.75 | I54: 0.995 | J54: 0 | K54: so-tay-kien-thuc-phap-luat-lao-dong-cdi tr.52-52 (0.995) luu-ban-nhap-tu-dong-3-4 tr.568-568 (0.9929) luu-ban-nhap-tu-dong-3-4 tr.570-570 (0.9919) luu-ban-nhap-tu-dong-3-4 tr.556-556 (0.9913) luu-ban-nhap-tu-dong-3-4 tr.568-569 (0.9868)
A55: LAW_C_014 | B55: luu-ban-nhap-tu-dong-3-4 | C55: Navigation | D55: Medium | E55: 0 | F55: 1 | G55: TRUE | H55: 1 | I55: 0.9898 | J55: 0 | K55: so-tay-kien-thuc-phap-luat-lao-dong-cdi tr.52-52 (0.9898) luu-ban-nhap-tu-dong-3-4 tr.5-5 (0.9888) luu-ban-nhap-tu-dong-3-4 tr.739-739 (0.9854) luu-ban-nhap-tu-dong-3-4 tr.737-737 (0.9744) luu-ban-nhap-tu-dong-3-4 tr.737-738 (0.9603)
A56: LAW_C_015 | B56: luu-ban-nhap-tu-dong-3-4 | C56: Multi-hop | D56: Hard | E56: 0 | F56: 0 | G56: FALSE | H56: 0 | I56: 0 | J56: 1
A57: LAW_C_016 | B57: luu-ban-nhap-tu-dong-3-4 | C57: Temporal Reasoning | D57: Hard | E57: 0 | F57: 0 | G57: FALSE | H57: 0 | I57: 0 | J57: 1
A58: LAW_C_017 | B58: luu-ban-nhap-tu-dong-3-4 | C58: False Premise | D58: Hard | E58: 0 | F58: 0 | G58: FALSE | H58: 0.25 | I58: 0.4754 | J58: 0 | K58: Văn-bản-hợp-nhất-18-VBHN-VPQH tr.1-1 (0.4754)
A59: LAW_C_018 | B59: luu-ban-nhap-tu-dong-3-4 | C59: Source Selection | D59: Hard | E59: 0 | F59: 0 | G59: FALSE | H59: 0 | I59: 0.5388 | J59: 0 | K59: ILO-VCCI_Labour-Law-Guide-Book-V04-Final tr.57-58 (0.5388) ILO-VCCI_Labour-Law-Guide-Book-V04-Final tr.131-131 (0.4831)
A60: LAW_C_019 | B60: luu-ban-nhap-tu-dong-3-4 | C60: Multi-document | D60: Hard | E60: 0 | F60: 0 | G60: FALSE | H60: 0 | I60: 0 | J60: 1
A61: LAW_C_020 | B61: luu-ban-nhap-tu-dong-3-4 | C61: Multi-document | D61: Hard | E61: 0 | F61: 0 | G61: FALSE | H61: 0 | I61: 0 | J61: 1
A62: LAW_D_001 | B62: ILO-VCCI_Labour-Law-Guide-Book-V04-Final | C62: Direct Fact | D62: Easy | E62: 1 | F62: 1 | H62: 1 | I62: 0.7928 | J62: 0 | K62: ILO-VCCI_Labour-Law-Guide-Book-V04-Final tr.4-4 (0.7928) ILO-VCCI_Labour-Law-Guide-Book-V04-Final tr.3-3 (0.6319) ILO-VCCI_Labour-Law-Guide-Book-V04-Final tr.4-4 (0.5045)
A63: LAW_D_002 | B63: ILO-VCCI_Labour-Law-Guide-Book-V04-Final | C63: Direct Fact | D63: Easy | E63: 1 | F63: 1 | H63: 1 | I63: 0.7989 | J63: 0 | K63: ILO-VCCI_Labour-Law-Guide-Book-V04-Final tr.4-4 (0.7989) ILO-VCCI_Labour-Law-Guide-Book-V04-Final tr.131-131 (0.489)
A64: LAW_D_003 | B64: ILO-VCCI_Labour-Law-Guide-Book-V04-Final | C64: List | D64: Easy | E64: 1 | F64: 1 | G64: TRUE | H64: 0.85714286 | I64: 0.9776 | J64: 0 | K64: ILO-VCCI_Labour-Law-Guide-Book-V04-Final tr.4-4 (0.9776) ILO-VCCI_Labour-Law-Guide-Book-V04-Final tr.4-4 (0.9514) ILO-VCCI_Labour-Law-Guide-Book-V04-Final tr.131-131 (0.5574)
A65: LAW_D_004 | B65: ILO-VCCI_Labour-Law-Guide-Book-V04-Final | C65: Direct Fact | D65: Easy | E65: 1 | F65: 1 | H65: 0.5 | I65: 0.3751 | J65: 0 | K65: ILO-VCCI_Labour-Law-Guide-Book-V04-Final tr.4-4 (0.3751)
A66: LAW_D_005 | B66: ILO-VCCI_Labour-Law-Guide-Book-V04-Final | C66: Direct Fact | D66: Easy | E66: 1 | F66: 1 | G66: TRUE | H66: 1 | I66: 0.9076 | J66: 0 | K66: ILO-VCCI_Labour-Law-Guide-Book-V04-Final tr.4-4 (0.9076) ILO-VCCI_Labour-Law-Guide-Book-V04-Final tr.4-4 (0.4911)
A67: LAW_D_006 | B67: ILO-VCCI_Labour-Law-Guide-Book-V04-Final | C67: Direct Fact | D67: Easy | E67: 1 | F67: 1 | G67: TRUE | H67: 1 | I67: 0.9711 | J67: 0 | K67: ILO-VCCI_Labour-Law-Guide-Book-V04-Final tr.7-7 (0.9711) ILO-VCCI_Labour-Law-Guide-Book-V04-Final tr.7-7 (0.9607) ILO-VCCI_Labour-Law-Guide-Book-V04-Final tr.7-7 (0.9419) ILO-VCCI_Labour-Law-Guide-Book-V04-Final tr.4-4 (0.9178) ILO-VCCI_Labour-Law-Guide-Book-V04-Final tr.131-131 (0.8626)
A68: LAW_D_007 | B68: ILO-VCCI_Labour-Law-Guide-Book-V04-Final | C68: Direct Fact | D68: Easy | E68: 1 | F68: 1 | G68: TRUE | H68: 1 | I68: 0.9897 | J68: 0 | K68: ILO-VCCI_Labour-Law-Guide-Book-V04-Final tr.4-4 (0.9897) ILO-VCCI_Labour-Law-Guide-Book-V04-Final tr.8-8 (0.9803) ILO-VCCI_Labour-Law-Guide-Book-V04-Final tr.4-4 (0.9699) Văn-bản-hợp-nhất-18-VBHN-VPQH tr.38-38 (0.9034) ILO-VCCI_Labour-Law-Guide-Book-V04-Final tr.99-99 (0.88)
A69: LAW_D_008 | B69: ILO-VCCI_Labour-Law-Guide-Book-V04-Final | C69: Concept | D69: Medium | E69: 1 | F69: 1 | G69: TRUE | H69: 0.66666667 | I69: 0.9978 | J69: 0 | K69: ILO-VCCI_Labour-Law-Guide-Book-V04-Final tr.4-4 (0.9978) ILO-VCCI_Labour-Law-Guide-Book-V04-Final tr.131-131 (0.9893) ILO-VCCI_Labour-Law-Guide-Book-V04-Final tr.3-3 (0.9866) ILO-VCCI_Labour-Law-Guide-Book-V04-Final tr.83-83 (0.9473) ILO-VCCI_Labour-Law-Guide-Book-V04-Final tr.4-4 (0.9429)
A70: LAW_D_009 | B70: ILO-VCCI_Labour-Law-Guide-Book-V04-Final | C70: Navigation | D70: Medium | E70: 1 | F70: 1 | G70: TRUE | H70: 1 | I70: 0.629 | J70: 0 | K70: ILO-VCCI_Labour-Law-Guide-Book-V04-Final tr.10-10 (0.629) ILO-VCCI_Labour-Law-Guide-Book-V04-Final tr.5-5 (0.4961) ILO-VCCI_Labour-Law-Guide-Book-V04-Final tr.10-11 (0.455)
A71: LAW_D_010 | B71: ILO-VCCI_Labour-Law-Guide-Book-V04-Final | C71: Navigation | D71: Medium | E71: 1 | F71: 1 | G71: FALSE | H71: 1 | I71: 0.9129 | J71: 0 | K71: ILO-VCCI_Labour-Law-Guide-Book-V04-Final tr.32-33 (0.9129) ILO-VCCI_Labour-Law-Guide-Book-V04-Final tr.32-32 (0.9015) luu-ban-nhap-tu-dong-3-4 tr.419-419 (0.798) ILO-VCCI_Labour-Law-Guide-Book-V04-Final tr.46-47 (0.6872) ILO-VCCI_Labour-Law-Guide-Book-V04-Final tr.124-124 (0.6683)
A72: LAW_D_011 | B72: ILO-VCCI_Labour-Law-Guide-Book-V04-Final | C72: Navigation | D72: Medium | E72: 1 | F72: 1 | G72: FALSE | H72: 1 | I72: 0.9012 | J72: 0 | K72: ILO-VCCI_Labour-Law-Guide-Book-V04-Final tr.34-34 (0.9012) ILO-VCCI_Labour-Law-Guide-Book-V04-Final tr.39-39 (0.893) luu-ban-nhap-tu-dong-3-4 tr.419-420 (0.8908) luu-ban-nhap-tu-dong-3-4 tr.420-420 (0.8908) ILO-VCCI_Labour-Law-Guide-Book-V04-Final tr.68-68 (0.8432)
A73: LAW_D_012 | B73: ILO-VCCI_Labour-Law-Guide-Book-V04-Final | C73: Navigation | D73: Medium | E73: 0 | F73: 1 | G73: FALSE | H73: 1 | I73: 0.8993 | J73: 0 | K73: giao trinh Luat lao dong CB 2005 (1) tr.92-93 (0.8993) ILO-VCCI_Labour-Law-Guide-Book-V04-Final tr.53-53 (0.872) luu-ban-nhap-tu-dong-3-4 tr.426-426 (0.7889) giao trinh Luat lao dong CB 2005 (1) tr.91-91 (0.6221) luu-ban-nhap-tu-dong-3-4 tr.40-40 (0.5988)
A74: LAW_D_013 | B74: ILO-VCCI_Labour-Law-Guide-Book-V04-Final | C74: Navigation | D74: Medium | E74: 0 | F74: 0 | G74: FALSE | H74: 0 | I74: 0 | J74: 1
A75: LAW_D_014 | B75: ILO-VCCI_Labour-Law-Guide-Book-V04-Final | C75: Scope | D75: Medium | E75: 1 | F75: 1 | H75: 1 | I75: 0.9962 | J75: 0 | K75: ILO-VCCI_Labour-Law-Guide-Book-V04-Final tr.4-4 (0.9962) luu-ban-nhap-tu-dong-3-4 tr.170-170 (0.639) ILO-VCCI_Labour-Law-Guide-Book-V04-Final tr.131-131 (0.6096) Văn-bản-hợp-nhất-18-VBHN-VPQH tr.22-22 (0.4841) luu-ban-nhap-tu-dong-3-4 tr.363-363 (0.4912)
A76: LAW_D_015 | B76: ILO-VCCI_Labour-Law-Guide-Book-V04-Final | C76: Multi-hop | D76: Hard | E76: 1 | F76: 1 | G76: FALSE | H76: 0.66666667 | I76: 0.7433 | J76: 0 | K76: ILO-VCCI_Labour-Law-Guide-Book-V04-Final tr.36-36 (0.7433) ILO-VCCI_Labour-Law-Guide-Book-V04-Final tr.38-38 (0.642) ILO-VCCI_Labour-Law-Guide-Book-V04-Final tr.33-33 (0.6049) ILO-VCCI_Labour-Law-Guide-Book-V04-Final tr.6-6 (0.5582) ILO-VCCI_Labour-Law-Guide-Book-V04-Final tr.38-38 (0.4097)
A77: LAW_D_016 | B77: ILO-VCCI_Labour-Law-Guide-Book-V04-Final | C77: Multi-hop | D77: Hard | E77: 1 | F77: 1 | G77: TRUE | H77: 1 | I77: 0.7563 | J77: 0 | K77: ILO-VCCI_Labour-Law-Guide-Book-V04-Final tr.4-4 (0.7563) ILO-VCCI_Labour-Law-Guide-Book-V04-Final tr.101-101 (0.7003) luu-ban-nhap-tu-dong-3-4 tr.424-425 (0.4553) ILO-VCCI_Labour-Law-Guide-Book-V04-Final tr.4-4 (0.3808) so-tay-kien-thuc-phap-luat-lao-dong-cdi tr.19-19 (0.3533)
A78: LAW_D_017 | B78: ILO-VCCI_Labour-Law-Guide-Book-V04-Final | C78: Comparison | D78: Hard | E78: 0 | F78: 0 | H78: 0 | I78: 0 | J78: 1
A79: LAW_D_018 | B79: ILO-VCCI_Labour-Law-Guide-Book-V04-Final | C79: Source-awareness | D79: Hard | E79: 1 | F79: 1 | H79: 0.25 | I79: 0.6836 | J79: 0 | K79: ILO-VCCI_Labour-Law-Guide-Book-V04-Final tr.4-4 (0.6836) ILO-VCCI_Labour-Law-Guide-Book-V04-Final tr.131-131 (0.5247) ILO-VCCI_Labour-Law-Guide-Book-V04-Final tr.3-3 (0.3804)
A80: LAW_D_019 | B80: ILO-VCCI_Labour-Law-Guide-Book-V04-Final | C80: Synthesis | D80: Hard | E80: 1 | F80: 1 | G80: TRUE | H80: 0.6 | I80: 0.8133 | J80: 0 | K80: ILO-VCCI_Labour-Law-Guide-Book-V04-Final tr.4-4 (0.8133) ILO-VCCI_Labour-Law-Guide-Book-V04-Final tr.131-131 (0.7355) ILO-VCCI_Labour-Law-Guide-Book-V04-Final tr.3-3 (0.6454) ILO-VCCI_Labour-Law-Guide-Book-V04-Final tr.4-4 (0.4033)
A81: LAW_D_020 | B81: ILO-VCCI_Labour-Law-Guide-Book-V04-Final | C81: Scenario-based | D81: Hard | E81: 0 | F81: 0 | G81: FALSE | H81: 0 | I81: 0 | J81: 1
A82: LAW_E_001 | B82: Văn-bản-hợp-nhất-18-VBHN-VPQH | C82: Direct Fact | D82: Easy | E82: 0 | F82: 1 | G82: TRUE | H82: 0.5 | I82: 0.9834 | J82: 0 | K82: luu-ban-nhap-tu-dong-3-4 tr.432-433 (0.9834) Văn-bản-hợp-nhất-18-VBHN-VPQH tr.86-86 (0.9673) luu-ban-nhap-tu-dong-3-4 tr.433-433 (0.9643) Văn-bản-hợp-nhất-18-VBHN-VPQH tr.1-1 (0.9533) luu-ban-nhap-tu-dong-3-4 tr.140-140 (0.9513)
A83: LAW_E_002 | B83: Văn-bản-hợp-nhất-18-VBHN-VPQH | C83: Definition | D83: Easy | E83: 1 | F83: 1 | G83: TRUE | H83: 1 | I83: 0.9878 | J83: 0 | K83: Văn-bản-hợp-nhất-18-VBHN-VPQH tr.2-2 (0.9878) luu-ban-nhap-tu-dong-3-4 tr.69-69 (0.9818) luu-ban-nhap-tu-dong-3-4 tr.272-272 (0.9734) luu-ban-nhap-tu-dong-3-4 tr.526-526 (0.9683) luu-ban-nhap-tu-dong-3-4 tr.336-336 (0.796)
A84: LAW_E_003 | B84: Văn-bản-hợp-nhất-18-VBHN-VPQH | C84: Direct Fact | D84: Easy | E84: 1 | F84: 1 | G84: TRUE | H84: 0.5 | I84: 0.8727 | J84: 0 | K84: Văn-bản-hợp-nhất-18-VBHN-VPQH tr.2-2 (0.8727) giao trinh Luat lao dong CB 2005 (1) tr.16-16 (0.7096)
A85: LAW_E_004 | B85: Văn-bản-hợp-nhất-18-VBHN-VPQH | C85: Definition | D85: Easy | E85: 0 | F85: 1 | H85: 1 | I85: 0.9914 | J85: 0 | K85: giao trinh Luat lao dong CB 2005 (1) tr.4-5 (0.9914) Văn-bản-hợp-nhất-18-VBHN-VPQH tr.2-2 (0.9832) giao trinh Luat lao dong CB 2005 (1) tr.196-196 (0.9675) giao trinh Luat lao dong CB 2005 (1) tr.3-3 (0.9593) giao trinh Luat lao dong CB 2005 (1) tr.3-4 (0.9532)
A86: LAW_E_005 | B86: Văn-bản-hợp-nhất-18-VBHN-VPQH | C86: Direct Fact | D86: Easy | E86: 1 | F86: 1 | G86: TRUE | H86: 1 | I86: 0.8688 | J86: 0 | K86: Văn-bản-hợp-nhất-18-VBHN-VPQH tr.8-8 (0.8688) luu-ban-nhap-tu-dong-3-4 tr.455-455 (0.8781) ILO-VCCI_Labour-Law-Guide-Book-V04-Final tr.43-44 (0.7964) so-tay-kien-thuc-phap-luat-lao-dong-cdi tr.49-49 (0.7323) ILO-VCCI_Labour-Law-Guide-Book-V04-Final tr.29-30 (0.4655)
A87: LAW_E_006 | B87: Văn-bản-hợp-nhất-18-VBHN-VPQH | C87: Direct Fact | D87: Easy | E87: 0 | F87: 1 | H87: 1 | I87: 0.9904 | J87: 0 | K87: ILO-VCCI_Labour-Law-Guide-Book-V04-Final tr.15-16 (0.9904) Văn-bản-hợp-nhất-18-VBHN-VPQH tr.9-9 (0.9774) ILO-VCCI_Labour-Law-Guide-Book-V04-Final tr.28-28 (0.9164) ILO-VCCI_Labour-Law-Guide-Book-V04-Final tr.30-30 (0.8942) ILO-VCCI_Labour-Law-Guide-Book-V04-Final tr.27-27 (0.7971)
A88: LAW_E_007 | B88: Văn-bản-hợp-nhất-18-VBHN-VPQH | C88: Direct Fact | D88: Easy | E88: 0 | F88: 1 | G88: TRUE | H88: 0.5 | I88: 0.9967 | J88: 0 | K88: ILO-VCCI_Labour-Law-Guide-Book-V04-Final tr.13-13 (0.9967) Văn-bản-hợp-nhất-18-VBHN-VPQH tr.11-11 (0.995) ILO-VCCI_Labour-Law-Guide-Book-V04-Final tr.12-12 (0.5108) ILO-VCCI_Labour-Law-Guide-Book-V04-Final tr.14-14 (0.4038) giao trinh Luat lao dong CB 2005 (1) tr.43-44 (0.4031)
A89: LAW_E_008 | B89: Văn-bản-hợp-nhất-18-VBHN-VPQH | C89: Rule | D89: Medium | E89: 0 | F89: 1 | G89: TRUE | H89: 1 | I89: 0.998 | J89: 0 | K89: ILO-VCCI_Labour-Law-Guide-Book-V04-Final tr.12-13 (0.998) ILO-VCCI_Labour-Law-Guide-Book-V04-Final tr.12-12 (0.9963) Văn-bản-hợp-nhất-18-VBHN-VPQH tr.11-11 (0.9916) ILO-VCCI_Labour-Law-Guide-Book-V04-Final tr.13-13 (0.9294) luu-ban-nhap-tu-dong-3-4 tr.412-412 (0.7964)
A90: LAW_E_009 | B90: Văn-bản-hợp-nhất-18-VBHN-VPQH | C90: Rule | D90: Medium | E90: 0 | F90: 1 | G90: TRUE | H90: 1 | I90: 0.9957 | J90: 0 | K90: ILO-VCCI_Labour-Law-Guide-Book-V04-Final tr.47-48 (0.9957) Văn-bản-hợp-nhất-18-VBHN-VPQH tr.12-13 (0.9819) luu-ban-nhap-tu-dong-3-4 tr.418-418 (0.9911) luu-ban-nhap-tu-dong-3-4 tr.78-78 (0.9904) Văn-bản-hợp-nhất-18-VBHN-VPQH tr.12-12 (0.9796)
A91: LAW_E_010 | B91: Văn-bản-hợp-nhất-18-VBHN-VPQH | C91: Rule | D91: Medium | E91: 0 | F91: 0 | G91: FALSE | H91: 1 | I91: 0.9982 | J91: 0 | K91: ILO-VCCI_Labour-Law-Guide-Book-V04-Final tr.32-32 (0.9982) ILO-VCCI_Labour-Law-Guide-Book-V04-Final tr.27-28 (0.9978) ILO-VCCI_Labour-Law-Guide-Book-V04-Final tr.30-30 (0.9969) ILO-VCCI_Labour-Law-Guide-Book-V04-Final tr.36-36 (0.9949) ILO-VCCI_Labour-Law-Guide-Book-V04-Final tr.27-27 (0.9935)
A92: LAW_E_011 | B92: Văn-bản-hợp-nhất-18-VBHN-VPQH | C92: Rule | D92: Medium | E92: 0 | F92: 0 | G92: FALSE | H92: 0.66666667 | I92: 0.9968 | J92: 0 | K92: ILO-VCCI_Labour-Law-Guide-Book-V04-Final tr.28-28 (0.9968) ILO-VCCI_Labour-Law-Guide-Book-V04-Final tr.27-28 (0.9949) ILO-VCCI_Labour-Law-Guide-Book-V04-Final tr.30-30 (0.9942) ILO-VCCI_Labour-Law-Guide-Book-V04-Final tr.32-32 (0.9904) giao trinh Luat lao dong CB 2005 (1) tr.41-41 (0.9849)
A93: LAW_E_012 | B93: Văn-bản-hợp-nhất-18-VBHN-VPQH | C93: Rule | D93: Medium | E93: 1 | F93: 1 | G93: TRUE | H93: 0.66666667 | I93: 0.9807 | J93: 0 | K93: Văn-bản-hợp-nhất-18-VBHN-VPQH tr.20-20 (0.9807) luu-ban-nhap-tu-dong-3-4 tr.85-85 (0.9631) giao trinh Luat lao dong CB 2005 (1) tr.43-43 (0.9612) so-tay-kien-thuc-phap-luat-lao-dong-cdi tr.16-16 (0.9421) giao trinh Luat lao dong CB 2005 (1) tr.44-44 (0.9375)
A94: LAW_E_013 | B94: Văn-bản-hợp-nhất-18-VBHN-VPQH | C94: Rule | D94: Medium | E94: 0 | F94: 1 | H94: 0.33333333 | I94: 0.9993 | J94: 0 | K94: luu-ban-nhap-tu-dong-3-4 tr.19-20 (0.9993) Văn-bản-hợp-nhất-18-VBHN-VPQH tr.20-21 (0.9933) giao trinh Luat lao dong CB 2005 (1) tr.28-28 (0.9622) luu-ban-nhap-tu-dong-3-4 tr.434-434 (0.9522) luu-ban-nhap-tu-dong-3-4 tr.235-235 (0.914)
A95: LAW_E_014 | B95: Văn-bản-hợp-nhất-18-VBHN-VPQH | C95: Definition | D95: Medium | E95: 0 | F95: 1 | G95: TRUE | H95: 1 | I95: 0.9862 | J95: 0 | K95: luu-ban-nhap-tu-dong-3-4 tr.97-97 (0.9862) Văn-bản-hợp-nhất-18-VBHN-VPQH tr.35-35 (0.9717) luu-ban-nhap-tu-dong-3-4 tr.423-423 (0.9651)
A96: LAW_E_015 | B96: Văn-bản-hợp-nhất-18-VBHN-VPQH | C96: Scenario-based | D96: Hard | E96: 1 | F96: 1 | G96: TRUE | H96: 1 | I96: 0.9833 | J96: 0 | K96: Văn-bản-hợp-nhất-18-VBHN-VPQH tr.38-38 (0.9833) ILO-VCCI_Labour-Law-Guide-Book-V04-Final tr.100-100 (0.8883) so-tay-kien-thuc-phap-luat-lao-dong-cdi tr.19-19 (0.8499) ILO-VCCI_Labour-Law-Guide-Book-V04-Final tr.101-101 (0.8091) ILO-VCCI_Labour-Law-Guide-Book-V04-Final tr.99-100 (0.6401)
A97: LAW_E_016 | B97: Văn-bản-hợp-nhất-18-VBHN-VPQH | C97: Scenario-based | D97: Hard | E97: 1 | F97: 1 | G97: TRUE | H97: 0.66666667 | I97: 0.9884 | J97: 0 | K97: Văn-bản-hợp-nhất-18-VBHN-VPQH tr.38-38 (0.9884) ILO-VCCI_Labour-Law-Guide-Book-V04-Final tr.100-100 (0.95) ILO-VCCI_Labour-Law-Guide-Book-V04-Final tr.101-101 (0.9366) so-tay-kien-thuc-phap-luat-lao-dong-cdi tr.19-19 (0.8093) luu-ban-nhap-tu-dong-3-4 tr.424-424 (0.7441)
A98: LAW_E_017 | B98: Văn-bản-hợp-nhất-18-VBHN-VPQH | C98: Multi-hop | D98: Hard | E98: 1 | F98: 1 | G98: TRUE | H98: 0.33333333 | I98: 0.7509 | J98: 0 | K98: Văn-bản-hợp-nhất-18-VBHN-VPQH tr.40-40 (0.7509) luu-ban-nhap-tu-dong-3-4 tr.101-101 (0.6542) ILO-VCCI_Labour-Law-Guide-Book-V04-Final tr.107-107 (0.4888) ILO-VCCI_Labour-Law-Guide-Book-V04-Final tr.112-112 (0.4459)
A99: LAW_E_018 | B99: Văn-bản-hợp-nhất-18-VBHN-VPQH | C99: Multi-hop | D99: Hard | E99: 0 | F99: 1 | G99: TRUE | H99: 1 | I99: 0.9961 | J99: 0 | K99: so-tay-kien-thuc-phap-luat-lao-dong-cdi tr.24-24 (0.9961) ILO-VCCI_Labour-Law-Guide-Book-V04-Final tr.115-115 (0.9941) ILO-VCCI_Labour-Law-Guide-Book-V04-Final tr.116-116 (0.9813) so-tay-kien-thuc-phap-luat-lao-dong-cdi tr.24-24 (0.9795) Văn-bản-hợp-nhất-18-VBHN-VPQH tr.42-43 (0.9781)
A100: LAW_E_019 | B100: Văn-bản-hợp-nhất-18-VBHN-VPQH | C100: Procedure | D100: Hard | E100: 0 | F100: 0 | G100: FALSE | H100: 1 | I100: 0.9312 | J100: 0 | K100: ILO-VCCI_Labour-Law-Guide-Book-V04-Final tr.54-54 (0.9312) ILO-VCCI_Labour-Law-Guide-Book-V04-Final tr.53-54 (0.9291) giao trinh Luat lao dong CB 2005 (1) tr.90-91 (0.9187) so-tay-kien-thuc-phap-luat-lao-dong-cdi tr.33-33 (0.9056) ILO-VCCI_Labour-Law-Guide-Book-V04-Final tr.54-54 (0.8585)
...

Sheet Regression
A1: Retrieval metrics: old vs new
A2: Scope | B2: Doc@1 old | C2: Doc@1 new | D2: Doc@5 old | E2: Doc@5 new | F2: Page@5 old | G2: Page@5 new | H2: Keywords@5 old | I2: Keywords@5 new | J2: Refused old | K2: Refused new
A3: ALL | B3: 0.31 | C3: 0.53 | D3: 0.47 | E3: 0.71 | F3: 0.36144578 | G3: 0.51807229 | H3: 0.43554762 | I3: 0.62280952 | J3: 0.29 | K3: 0.18
A4: giao trinh Luat lao dong CB 2005 (1) | B4: 0 | C4: 0.75 | D4: 0.05 | E4: 0.9 | F4: 0 | G4: 0.8125 | H4: 0.26047619 | I4: 0.69535714 | J4: 0.35 | K4: 0.05
A5: so-tay-kien-thuc-phap-luat-lao-dong-cdi | B5: 0.4 | C5: 0.4 | D5: 0.45 | E5: 0.5 | F5: 0.125 | G5: 0.0625 | H5: 0.43333333 | I5: 0.50833333 | J5: 0.35 | K5: 0.35
A6: luu-ban-nhap-tu-dong-3-4 | B6: 0.3 | C6: 0.3 | D6: 0.45 | E6: 0.45 | F6: 0.35 | G6: 0.35 | H6: 0.425 | I6: 0.375 | J6: 0.35 | K6: 0.35
A7: ILO-VCCI_Labour-Law-Guide-Book-V04-Final | B7: 0.25 | C7: 0.8 | D7: 0.4 | E7: 0.85 | F7: 0.28571429 | G7: 0.57142857 | H7: 0.32142857 | I7: 0.72702381 | J7: 0.4 | K7: 0.15
A8: Văn-bản-hợp-nhất-18-VBHN-VPQH | B8: 0.6 | C8: 0.4 | D8: 1 | E8: 0.85 | F8: 1 | G8: 0.82352941 | H8: 0.7375 | I8: 0.80833333 | J8: 0 | K8: 0
A9: Easy | B9: 0.31428571 | C9: 0.68571429 | D9: 0.48571429 | E9: 0.82857143 | F9: 0.39285714 | G9: 0.67857143 | H9: 0.44965986 | I9: 0.72040816 | J9: 0.28571429 | K9: 0.11428571
A10: Medium | B10: 0.34285714 | C10: 0.42857143 | D10: 0.57142857 | E10: 0.77142857 | F10: 0.4137931 | G10: 0.48275862 | H10: 0.60238095 | I10: 0.73809524 | J10: 0.14285714 | K10: 0.057142857
A11: Hard | B11: 0.26666667 | C11: 0.46666667 | D11: 0.33333333 | E11: 0.5 | F11: 0.26923077 | G11: 0.38461538 | H11: 0.22444444 | I11: 0.37444444 | J11: 0.46666667 | K11: 0.4
A13: Doc@5 fixed (27) | B13: LAW_A_001, LAW_A_002, LAW_A_003, LAW_A_004, LAW_A_005, LAW_A_006, LAW_A_007, LAW_A_009, LAW_A_010, LAW_A_012, LAW_A_013, LAW_A_014, LAW_A_015, LAW_A_016, LAW_A_017, LAW_A_018, LAW_A_020, LAW_B_013, LAW_D_001, LAW_D_002, LAW_D_004, LAW_D_005, LAW_D_006, LAW_D_009, LAW_D_012, LAW_D_014, LAW_D_016
A14: Doc@5 regressed (3) | B14: LAW_E_010, LAW_E_011, LAW_E_019

Sheet Defects
A1: Defect ID | B1: Test Case | C1: Severity | D1: Title | E1: Steps to reproduce | F1: Expected | G1: Actual | H1: Auto reasons | I1: Status
A2: D-001 | B2: LAW_A_016 | C2: Medium | D2: Từ chối trả lời câu hỏi có đáp án | E2: 1. Mở RAG Lab / POST /api/rag/chat 2. Query: "Một người tìm việc thông qua trung tâm dịch vụ việc làm. Theo giáo trình, quan hệ này có nằm trong đối tượng điều chỉnh của Luật lao động không?" | F2: Có. Đây là một dạng quan hệ về việc làm giữa NLĐ và trung tâm dịch vụ việc làm, được xếp vào các quan hệ liên quan đến quan hệ lao động. | G2: Dựa trên tài liệu được cung cấp, tôi không tìm thấy thông tin để trả lời câu hỏi này. | H2: Từ chối trả lời dù câu hỏi có đáp án | I2: Open (candidate)
A3: D-002 | B3: LAW_A_018 | C3: High | D3: Lỗi API | E3: 1. Mở RAG Lab / POST /api/rag/chat 2. Query: "Giáo trình liên hệ quan hệ tranh chấp lao động và đình công với mục tiêu ổn định quan hệ lao động như thế nào?" | F3: Việc giải quyết tranh chấp/đình công do các cơ quan, tổ chức có thẩm quyền thực hiện nhằm bảo đảm quyền lợi các bên và duy trì sự hài hòa, ổn định của quan hệ lao động. | H3: Lỗi API: HTTP 500: {"detail":"RAG Chat lỗi: Gemini API đã vượt quota/rate limit. Chi tiết: 429 RESOURCE_EXHAUSTED. {'error': {'code': 429, 'message': 'You exceeded your current quota, please check your plan and billing details. For more information on this error, head to: https://ai.google.dev/gemini-api/docs/rate-limits. To monitor your current usage, head to: https://ai.dev/rate-limit. \\n* Quota exceeded for metric: generativelanguage.googleapis.com/generate_content_free_tier_requests, limit: 20, model: gemini- | I3: Open (candidate)
A4: D-003 | B4: LAW_A_019 | C4: Medium | D4: Từ chối trả lời câu hỏi có đáp án | E4: 1. Mở RAG Lab / POST /api/rag/chat 2. Query: "Nếu hỏi “quy định hiện hành năm 2026 về làm thêm giờ”, RAG có nên chỉ dùng con số trong giáo trình 2005 không?" | F4: Không nên. Giáo trình là nguồn lịch sử/giảng dạy cũ; hệ thống phải nhận diện thời điểm của nguồn và không trình bày quy định trong tài liệu này như pháp luật hiện hành năm 2026 nếu không có nguồn cập nhật. | G4: Dựa trên tài liệu được cung cấp, tôi không tìm thấy thông tin để trả lời câu hỏi này. | H4: Từ chối trả lời dù câu hỏi có đáp án | I4: Open (candidate)
A5: D-004 | B5: LAW_A_020 | C5: High | D5: Lỗi API | E5: 1. Mở RAG Lab / POST /api/rag/chat 2. Query: "Theo giáo trình, vì sao Luật lao động không chỉ điều chỉnh việc “đi làm nhận lương” mà còn bao phủ nhiều quan hệ khác?" | F5: Vì ngoài quan hệ lao động làm công ăn lương, quá trình sử dụng lao động còn phát sinh các quan hệ gắn chặt như việc làm, học nghề, bồi thường, BHXH, công đoàn, tranh chấp/đình công và quản lý lao động; các quan hệ này cần được điều chỉnh để quan hệ lao động vận hành ổn định. | H5: Lỗi API: chưa chạy | I5: Open (candidate)
A6: D-005 | B6: LAW_B_001 | C6: High | D6: Lỗi API | E6: 1. Mở RAG Lab / POST /api/rag/chat 2. Query: "Theo sổ tay, hợp đồng lao động có thể được giao kết bằng lời nói trong trường hợp nào?" | F6: Theo tài liệu, giao kết bằng lời nói áp dụng với công việc tạm thời có thời hạn dưới 03 tháng. | H6: Lỗi API: chưa chạy | I6: Open (candidate)
A7: D-006 | B7: LAW_B_002 | C7: High | D7: Lỗi API | E7: 1. Mở RAG Lab / POST /api/rag/chat 2. Query: "Vì sao sổ tay khuyến nghị nên ký hợp đồng lao động?" | F7: Vì hợp đồng thể hiện thỏa thuận về công việc, lương, điều kiện làm việc, quyền và nghĩa vụ và là căn cứ xem xét khi phát sinh tranh chấp. | H7: Lỗi API: chưa chạy | I7: Open (candidate)
A8: D-007 | B8: LAW_B_003 | C8: High | D8: Lỗi API | E8: 1. Mở RAG Lab / POST /api/rag/chat 2. Query: "Sổ tay có đề cập nội dung “khi nào được ký HĐLĐ không xác định thời hạn” ở phần nào?" | F8: Nội dung này nằm trong Phần I - Hợp đồng lao động. | H8: Lỗi API: chưa chạy | I8: Open (candidate)
A9: D-008 | B9: LAW_B_004 | C9: High | D9: Lỗi API | E9: 1. Mở RAG Lab / POST /api/rag/chat 2. Query: "Sổ tay xếp quy định về thử việc vào nhóm nội dung nào?" | F9: Thuộc Phần I - Hợp đồng lao động. | H9: Lỗi API: chưa chạy | I9: Open (candidate)
A10: D-009 | B10: LAW_B_005 | C10: High | D10: Lỗi API | E10: 1. Mở RAG Lab / POST /api/rag/chat 2. Query: "Sổ tay xếp trả tiền lương làm thêm giờ vào phần nào?" | F10: Thuộc Phần II - Tiền lương. | H10: Lỗi API: chưa chạy | I10: Open (candidate)
A11: D-010 | B11: LAW_B_006 | C11: High | D11: Lỗi API | E11: 1. Mở RAG Lab / POST /api/rag/chat 2. Query: "Sổ tay xếp nghỉ giữa giờ, nghỉ phép và nghỉ việc riêng vào phần nào?" | F11: Thuộc Phần III - Thời gian làm việc và nghỉ ngơi. | H11: Lỗi API: chưa chạy | I11: Open (candidate)
A12: D-011 | B12: LAW_B_007 | C12: High | D12: Lỗi API | E12: 1. Mở RAG Lab / POST /api/rag/chat 2. Query: "Sổ tay xếp tai nạn lao động và bệnh nghề nghiệp vào phần nào?" | F12: Thuộc Phần IV - An toàn lao động. | H12: Lỗi API: chưa chạy | I12: Open (candidate)
A13: D-012 | B13: LAW_B_008 | C13: High | D13: Lỗi API | E13: 1. Mở RAG Lab / POST /api/rag/chat 2. Query: "Một người làm việc tạm thời 2 tháng, hai bên chỉ thỏa thuận miệng về lương và an toàn lao động. Theo tình huống trong sổ tay, có được coi là đã giao kết HĐLĐ không?" | F13: Có. Tài liệu kết luận trường hợp làm tạm thời 2 tháng thuộc trường hợp có thể giao kết bằng lời nói theo quy định mà sổ tay viện dẫn. | H13: Lỗi API: chưa chạy | I13: Open (candidate)
A14: D-013 | B14: LAW_B_009 | C14: High | D14: Lỗi API | E14: 1. Mở RAG Lab / POST /api/rag/chat 2. Query: "Hợp đồng lao động có ý nghĩa gì khi xảy ra tranh chấp theo sổ tay?" | F14: Là căn cứ thể hiện các thỏa thuận của các bên để xem xét quyền, nghĩa vụ và giải quyết tranh chấp. | H14: Lỗi API: chưa chạy | I14: Open (candidate)
A15: D-014 | B15: LAW_B_010 | C15: High | D15: Lỗi API | E15: 1. Mở RAG Lab / POST /api/rag/chat 2. Query: "Muốn tìm câu trả lời về việc công ty có được giữ văn bằng gốc của NLĐ hay không, cần truy xuất phần nào của sổ tay?" | F15: Phần VIII - Khiếu nại, khiếu kiện về lao động. | H15: Lỗi API: chưa chạy | I15: Open (candidate)
A16: D-015 | B16: LAW_B_011 | C16: High | D16: Lỗi API | E16: 1. Mở RAG Lab / POST /api/rag/chat 2. Query: "Muốn tìm quy trình tiến hành đình công và tiền lương trong ngày đình công, cần truy xuất phần nào?" | F16: Phần VII - Đình công. | H16: Lỗi API: chưa chạy | I16: Open (candidate)
... A85: D-084 | B85: LAW_E_020 | C85: High | D85: Lỗi API | E85: 1. Mở RAG Lab / POST /api/rag/chat 2. Query: "NLĐ trộm cắp hoặc sử dụng ma túy tại nơi làm việc có thể bị áp dụng hình thức kỷ luật nào theo Điều 125?" | F85: Có thể bị áp dụng hình thức xử lý kỷ luật sa thải theo các trường hợp Điều 125 quy định. | H85: Lỗi API: chưa chạy | I85: Open (candidate)

Sheet Environment
A1: Item | B1: Value
A2: Report generated | B2: 2026-10-20T14:11:59
A3: Test execution | B3: 2026-10-20T13:24:04 → 2026-10-20T13:39:37
A4: Test file | B4: TC_LuatLD.xlsx (sha256 195630469b6ee5e2)
A5: Test cases | B5: 100
A6: API | B6: http://127.0.0.1:8001
A7: LLM provider override | B7: (server default)
A8: LLM models used (from responses) | B8: (none): 82; GeminiProvider: 17; (no LLM call: early exit): 1
A9: Git commit | B9: b1b412d + 30 uncommitted file(s) in src/, frontend/src, evaluation/
A10: Indexed documents
A11: Pages / elements / chunks / vectors | B11: None / None / None / None
A12: Embedding model / device | B12: None / None
A13: config EMBEDDING_MODEL | B13: (default)
A14: config RERANKER_MODEL | B14: (default)
A15: config RETRIEVAL_TOP_K | B15: 10
A16: config RERANK_TOP_N | B16: (default)
A17: config RERANK_THRESHOLD | B17: (default)
A18: config MAX_CONTEXT_TOKENS | B18: (default)
A19: config LLM_PROVIDER | B19: gemini
A20: config LLM_MODEL | B20: gemini-3.6-flash
A21: config GEMINI_MODEL | B21: gemini-3.5-flash-lite
A22: config OPENAI_MODEL | B22: (default)
... A26: Group → document | B26: A: giao trinh Luat lao dong CB 2005 (1).pdf; B: so-tay-kien-thuc-phap-luat-lao-dong-cdi.pdf; C: luu-ban-nhap-tu-dong-3-4.pdf; D: ILO-VCCI_Labour-Law-Guide-Book-V04-Final.pdf; E: Văn-bản-hợp-nhất-18-VBHN-VPQH.pdf
