Workbook

Sheet Summary
A1: TC_LuatLD — Test Summary
A2: Effective Status = Final Status (tester) nếu đã điền, nếu không = Suggested Status (tự động).
A4: Status | B4: Count | C4: Rate
A5: PASS | B5: =COUNTIF(Results!$AA$2:$AA$101,"PASS") | C5: =B5/100
A6: PARTIAL | B6: =COUNTIF(Results!$AA$2:$AA$101,"PARTIAL") | C6: =B6/100
A7: FAIL | B7: =COUNTIF(Results!$AA$2:$AA$101,"FAIL") | C7: =B7/100
A8: BLOCKED | B8: =COUNTIF(Results!$AA$2:$AA$101,"BLOCKED") | C8: =B8/100
A9: Total | B9: =SUM(B5:B8)
A10: Reviewed by tester | B10: =COUNTA(Results!Z2:Z101)
A11: Median latency (s) | B11: 18.1
A13: Theo tài liệu
A14: Document | B14: Total | C14: PASS | D14: PARTIAL | E14: FAIL | F14: BLOCKED | G14: Pass rate
A15: giao trinh Luat lao dong CB 2005 (1) | B15: =COUNTIF(Results!$N$2:$N$101,A15) | C15: =COUNTIFS(Results!$N$2:$N$101,A15,Results!$AA$2:$AA$101,"PASS") | D15: =COUNTIFS(Results!$N$2:$N$101,A15,Results!$AA$2:$AA$101,"PARTIAL") | E15: =COUNTIFS(Results!$N$2:$N$101,A15,Results!$AA$2:$AA$101,"FAIL") | F15: =COUNTIFS(Results!$N$2:$N$101,A15,Results!$AA$2:$AA$101,"BLOCKED") | G15: =IF(B15=0,0,C15/B15)
A16: so-tay-kien-thuc-phap-luat-lao-dong-cdi | B16: =COUNTIF(Results!$N$2:$N$101,A16) | C16: =COUNTIFS(Results!$N$2:$N$101,A16,Results!$AA$2:$AA$101,"PASS") | D16: =COUNTIFS(Results!$N$2:$N$101,A16,Results!$AA$2:$AA$101,"PARTIAL") | E16: =COUNTIFS(Results!$N$2:$N$101,A16,Results!$AA$2:$AA$101,"FAIL") | F16: =COUNTIFS(Results!$N$2:$N$101,A16,Results!$AA$2:$AA$101,"BLOCKED") | G16: =IF(B16=0,0,C16/B16)
A17: luu-ban-nhap-tu-dong-3-4 | B17: =COUNTIF(Results!$N$2:$N$101,A17) | C17: =COUNTIFS(Results!$N$2:$N$101,A17,Results!$AA$2:$AA$101,"PASS") | D17: =COUNTIFS(Results!$N$2:$N$101,A17,Results!$AA$2:$AA$101,"PARTIAL") | E17: =COUNTIFS(Results!$N$2:$N$101,A17,Results!$AA$2:$AA$101,"FAIL") | F17: =COUNTIFS(Results!$N$2:$N$101,A17,Results!$AA$2:$AA$101,"BLOCKED") | G17: =IF(B17=0,0,C17/B17)
A18: ILO-VCCI_Labour-Law-Guide-Book-V04-Final | B18: =COUNTIF(Results!$N$2:$N$101,A18) | C18: =COUNTIFS(Results!$N$2:$N$101,A18,Results!$AA$2:$AA$101,"PASS") | D18: =COUNTIFS(Results!$N$2:$N$101,A18,Results!$AA$2:$AA$101,"PARTIAL") | E18: =COUNTIFS(Results!$N$2:$N$101,A18,Results!$AA$2:$AA$101,"FAIL") | F18: =COUNTIFS(Results!$N$2:$N$101,A18,Results!$AA$2:$AA$101,"BLOCKED") | G18: =IF(B18=0,0,C18/B18)
A19: Văn-bản-hợp-nhất-18-VBHN-VPQH | B19: =COUNTIF(Results!$N$2:$N$101,A19) | C19: =COUNTIFS(Results!$N$2:$N$101,A19,Results!$AA$2:$AA$101,"PASS") | D19: =COUNTIFS(Results!$N$2:$N$101,A19,Results!$AA$2:$AA$101,"PARTIAL") | E19: =COUNTIFS(Results!$N$2:$N$101,A19,Results!$AA$2:$AA$101,"FAIL") | F19: =COUNTIFS(Results!$N$2:$N$101,A19,Results!$AA$2:$AA$101,"BLOCKED") | G19: =IF(B19=0,0,C19/B19)
A21: Theo độ khó
A22: Retrieval Difficulty | B22: Total | C22: PASS | D22: PARTIAL | E22: FAIL | F22: BLOCKED | G22: Pass rate
A23: Easy | B23: =COUNTIF(Results!$I$2:$I$101,A23) | C23: =COUNTIFS(Results!$I$2:$I$101,A23,Results!$AA$2:$AA$101,"PASS") | D23: =COUNTIFS(Results!$I$2:$I$101,A23,Results!$AA$2:$AA$101,"PARTIAL") | E23: =COUNTIFS(Results!$I$2:$I$101,A23,Results!$AA$2:$AA$101,"FAIL") | F23: =COUNTIFS(Results!$I$2:$I$101,A23,Results!$AA$2:$AA$101,"BLOCKED") | G23: =IF(B23=0,0,C23/B23)
A24: Medium | B24: =COUNTIF(Results!$I$2:$I$101,A24) | C24: =COUNTIFS(Results!$I$2:$I$101,A24,Results!$AA$2:$AA$101,"PASS") | D24: =COUNTIFS(Results!$I$2:$I$101,A24,Results!$AA$2:$AA$101,"PARTIAL") | E24: =COUNTIFS(Results!$I$2:$I$101,A24,Results!$AA$2:$AA$101,"FAIL") | F24: =COUNTIFS(Results!$I$2:$I$101,A24,Results!$AA$2:$AA$101,"BLOCKED") | G24: =IF(B24=0,0,C24/B24)
A25: Hard | B25: =COUNTIF(Results!$I$2:$I$101,A25) | C25: =COUNTIFS(Results!$I$2:$I$101,A25,Results!$AA$2:$AA$101,"PASS") | D25: =COUNTIFS(Results!$I$2:$I$101,A25,Results!$AA$2:$AA$101,"PARTIAL") | E25: =COUNTIFS(Results!$I$2:$I$101,A25,Results!$AA$2:$AA$101,"FAIL") | F25: =COUNTIFS(Results!$I$2:$I$101,A25,Results!$AA$2:$AA$101,"BLOCKED") | G25: =IF(B25=0,0,C25/B25)
A27: Theo loại câu hỏi
A28: Category | B28: Total | C28: PASS | D28: PARTIAL | E28: FAIL | F28: BLOCKED | G28: Pass rate
A29: Definition | B29: =COUNTIF(Results!$B$2:$B$101,A29) | C29: =COUNTIFS(Results!$B$2:$B$101,A29,Results!$AA$2:$AA$101,"PASS") | D29: =COUNTIFS(Results!$B$2:$B$101,A29,Results!$AA$2:$AA$101,"PARTIAL") | E29: =COUNTIFS(Results!$B$2:$B$101,A29,Results!$AA$2:$AA$101,"FAIL") | F29: =COUNTIFS(Results!$B$2:$B$101,A29,Results!$AA$2:$AA$101,"BLOCKED") | G29: =IF(B29=0,0,C29/B29)
A30: List | B30: =COUNTIF(Results!$B$2:$B$101,A30) | C30: =COUNTIFS(Results!$B$2:$B$101,A30,Results!$AA$2:$AA$101,"PASS") | D30: =COUNTIFS(Results!$B$2:$B$101,A30,Results!$AA$2:$AA$101,"PARTIAL") | E30: =COUNTIFS(Results!$B$2:$B$101,A30,Results!$AA$2:$AA$101,"FAIL") | F30: =COUNTIFS(Results!$B$2:$B$101,A30,Results!$AA$2:$AA$101,"BLOCKED") | G30: =IF(B30=0,0,C30/B30)
A31: Direct Fact | B31: =COUNTIF(Results!$B$2:$B$101,A31) | C31: =COUNTIFS(Results!$B$2:$B$101,A31,Results!$AA$2:$AA$101,"PASS") | D31: =COUNTIFS(Results!$B$2:$B$101,A31,Results!$AA$2:$AA$101,"PARTIAL") | E31: =COUNTIFS(Results!$B$2:$B$101,A31,Results!$AA$2:$AA$101,"FAIL") | F31: =COUNTIFS(Results!$B$2:$B$101,A31,Results!$AA$2:$AA$101,"BLOCKED") | G31: =IF(B31=0,0,C31/B31)
A32: Concept | B32: =COUNTIF(Results!$B$2:$B$101,A32) | C32: =COUNTIFS(Results!$B$2:$B$101,A32,Results!$AA$2:$AA$101,"PASS") | D32: =COUNTIFS(Results!$B$2:$B$101,A32,Results!$AA$2:$AA$101,"PARTIAL") | E32: =COUNTIFS(Results!$B$2:$B$101,A32,Results!$AA$2:$AA$101,"FAIL") | F32: =COUNTIFS(Results!$B$2:$B$101,A32,Results!$AA$2:$AA$101,"BLOCKED") | G32: =IF(B32=0,0,C32/B32)
A33: Rule | B33: =COUNTIF(Results!$B$2:$B$101,A33) | C33: =COUNTIFS(Results!$B$2:$B$101,A33,Results!$AA$2:$AA$101,"PASS") | D33: =COUNTIFS(Results!$B$2:$B$101,A33,Results!$AA$2:$AA$101,"PARTIAL") | E33: =COUNTIFS(Results!$B$2:$B$101,A33,Results!$AA$2:$AA$101,"FAIL") | F33: =COUNTIFS(Results!$B$2:$B$101,A33,Results!$AA$2:$AA$101,"BLOCKED") | G33: =IF(B33=0,0,C33/B33)
A34: Comparison | B34: =COUNTIF(Results!$B$2:$B$101,A34) | C34: =COUNTIFS(Results!$B$2:$B$101,A34,Results!$AA$2:$AA$101,"PASS") | D34: =COUNTIFS(Results!$B$2:$B$101,A34,Results!$AA$2:$AA$101,"PARTIAL") | E34: =COUNTIFS(Results!$B$2:$B$101,A34,Results!$AA$2:$AA$101,"FAIL") | F34: =COUNTIFS(Results!$B$2:$B$101,A34,Results!$AA$2:$AA$101,"BLOCKED") | G34: =IF(B34=0,0,C34/B34)
A35: Scenario-based | B35: =COUNTIF(Results!$B$2:$B$101,A35) | C35: =COUNTIFS(Results!$B$2:$B$101,A35,Results!$AA$2:$AA$101,"PASS") | D35: =COUNTIFS(Results!$B$2:$B$101,A35,Results!$AA$2:$AA$101,"PARTIAL") | E35: =COUNTIFS(Results!$B$2:$B$101,A35,Results!$AA$2:$AA$101,"FAIL") | F35: =COUNTIFS(Results!$B$2:$B$101,A35,Results!$AA$2:$AA$101,"BLOCKED") | G35: =IF(B35=0,0,C35/B35)
A36: Multi-hop | B36: =COUNTIF(Results!$B$2:$B$101,A36) | C36: =COUNTIFS(Results!$B$2:$B$101,A36,Results!$AA$2:$AA$101,"PASS") | D36: =COUNTIFS(Results!$B$2:$B$101,A36,Results!$AA$2:$AA$101,"PARTIAL") | E36: =COUNTIFS(Results!$B$2:$B$101,A36,Results!$AA$2:$AA$101,"FAIL") | F36: =COUNTIFS(Results!$B$2:$B$101,A36,Results!$AA$2:$AA$101,"BLOCKED") | G36: =IF(B36=0,0,C36/B36)
A37: Source-awareness | B37: =COUNTIF(Results!$B$2:$B$101,A37) | C37: =COUNTIFS(Results!$B$2:$B$101,A37,Results!$AA$2:$AA$101,"PASS") | D37: =COUNTIFS(Results!$B$2:$B$101,A37,Results!$AA$2:$AA$101,"PARTIAL") | E37: =COUNTIFS(Results!$B$2:$B$101,A37,Results!$AA$2:$AA$101,"FAIL") | F37: =COUNTIFS(Results!$B$2:$B$101,A37,Results!$AA$2:$AA$101,"BLOCKED") | G37: =IF(B37=0,0,C37/B37)
A38: Synthesis | B38: =COUNTIF(Results!$B$2:$B$101,A38) | C38: =COUNTIFS(Results!$B$2:$B$101,A38,Results!$AA$2:$AA$101,"PASS") | D38: =COUNTIFS(Results!$B$2:$B$101,A38,Results!$AA$2:$AA$101,"PARTIAL") | E38: =COUNTIFS(Results!$B$2:$B$101,A38,Results!$AA$2:$AA$101,"FAIL") | F38: =COUNTIFS(Results!$B$2:$B$101,A38,Results!$AA$2:$AA$101,"BLOCKED") | G38: =IF(B38=0,0,C38/B38)
A39: Navigation | B39: =COUNTIF(Results!$B$2:$B$101,A39) | C39: =COUNTIFS(Results!$B$2:$B$101,A39,Results!$AA$2:$AA$101,"PASS") | D39: =COUNTIFS(Results!$B$2:$B$101,A39,Results!$AA$2:$AA$101,"PARTIAL") | E39: =COUNTIFS(Results!$B$2:$B$101,A39,Results!$AA$2:$AA$101,"FAIL") | F39: =COUNTIFS(Results!$B$2:$B$101,A39,Results!$AA$2:$AA$101,"BLOCKED") | G39: =IF(B39=0,0,C39/B39)
A40: False Premise | B40: =COUNTIF(Results!$B$2:$B$101,A40) | C40: =COUNTIFS(Results!$B$2:$B$101,A40,Results!$AA$2:$AA$101,"PASS") | D40: =COUNTIFS(Results!$B$2:$B$101,A40,Results!$AA$2:$AA$101,"PARTIAL") | E40: =COUNTIFS(Results!$B$2:$B$101,A40,Results!$AA$2:$AA$101,"FAIL") | F40: =COUNTIFS(Results!$B$2:$B$101,A40,Results!$AA$2:$AA$101,"BLOCKED") | G40: =IF(B40=0,0,C40/B40)
... A45: Procedure | B45: =COUNTIF(Results!$B$2:$B$101,A45) | C45: =COUNTIFS(Results!$B$2:$B$101,A45,Results!$AA$2:$AA$101,"PASS") | D45: =COUNTIFS(Results!$B$2:$B$101,A45,Results!$AA$2:$AA$101,"PARTIAL") | E45: =COUNTIFS(Results!$B$2:$B$101,A45,Results!$AA$2:$AA$101,"FAIL") | F45: =COUNTIFS(Results!$B$2:$B$101,A45,Results!$AA$2:$AA$101,"BLOCKED") | G45: =IF(B45=0,0,C45/B45)

Sheet Results
A1: Test Case ID | B1: Category | C1: Query | D1: Expected Answer | E1: Evidence | F1: Source Page | G1: Source Section | H1: Required Keywords / Key Concepts | I1: Retrieval Difficulty | J1: Expected Retrieval Type | K1: Is Answerable | L1: Expected Behavior | M1: Notes | N1: Document | O1: Actual Answer | P1: Cited Sources | Q1: Context Sources | R1: LLM Model | S1: Latency (s) | T1: Keyword Coverage | U1: Expected-Answer Recall | V1: Cited Expected Doc | W1: Page Match | X1: Suggested Status | Y1: Auto Reasons | Z1: Final Status | AA1: Effective Status | AB1: Defect ID | AC1: Tester Note
A2: LAW_A_001 | B2: Definition | C2: Theo giáo trình, đối tượng điều chỉnh của Luật lao động gồm những nhóm quan hệ nào? | D2: Gồm quan hệ lao động và các quan hệ liên quan chặt chẽ hoặc phát sinh từ quan hệ lao động. | E2: Căn cứ: phần “Bài 1 - Đối tượng điều chỉnh”, trang 3. Nội dung được tài liệu xác nhận: Gồm quan hệ lao động và các quan hệ liên quan chặt chẽ hoặc phát sinh từ quan hệ lao động. | F2: 3 | G2: Bài 1 - Đối tượng điều chỉnh | H2: quan hệ lao động | quan hệ liên quan | I2: Easy | J2: Single Chunk | K2: Yes | L2: Answer from document | N2: giao trinh Luat lao dong CB 2005 (1) | O2: Theo giáo trình, đối tượng điều chỉnh của Luật lao động bao gồm hai nhóm quan hệ xã hội [SOURCE_1]: 1. Quan hệ lao động [SOURCE_1]. 2. Các quan hệ liên quan đến quan hệ lao động (phát sinh trong quá trình sử dụng lao động) [SOURCE_1]. | P2: [SOURCE_1] giao trinh Luat lao dong CB 2005 (1) | tr.3 | BÀI 1 > KHÁI NIỆM LUẬT LAO ĐỘNG VIỆT NAM > I - ĐỐI TƯỢNG VÀ | 0.9984 | Q2: [SOURCE_1] giao trinh Luat lao dong CB 2005 (1) | tr.3 | BÀI 1 > KHÁI NIỆM LUẬT LAO ĐỘNG VIỆT NAM > I - ĐỐI TƯỢNG VÀ | 0.9984 [SOURCE_2] giao trinh Luat lao dong CB 2005 (1) | tr.7 | 2 - Phương pháp điều chỉnh của luật lao động | 0.9587 [SOURCE_3] giao trinh Luat lao dong CB 2005 (1) | tr.7 | (7) - Quan hệ về quản lý lao động | 0.9279 [SOURCE_4] giao trinh Luat lao dong CB 2005 (1) | tr.3 | a - Quan hệ lao động | 0.8305 [SOURCE_5] giao trinh Luat lao dong CB 2005 (1) | tr.6 | (4) Quan hệ về bảo hiểm xã hội | 0.8054 | R2: gemini-3.5-flash-lite | S2: 56.3 | T2: 1 | U2: 0.875 | V2: Yes | W2: Yes | X2: PASS | Z2: PASS | AA2: =IF(Z2="",X2,Z2) | AC2: [AI] Đồng ý với chấm tự động
A3: LAW_A_002 | B3: Definition | C3: Quan hệ lao động được giáo trình mô tả là gì? | D3: Là quan hệ giữa con người với con người trong lao động nhằm tạo ra các giá trị vật chất, tinh thần phục vụ bản thân và xã hội. | E3: Căn cứ: phần “Bài 1 - Quan hệ lao động”, trang 3. Nội dung được tài liệu xác nhận: Là quan hệ giữa con người với con người trong lao động nhằm tạo ra các giá trị vật chất, tinh thần phục vụ bản thân và xã hội. | F3: 3 | G3: Bài 1 - Quan hệ lao động | H3: lao động | giá trị vật chất | tinh thần | I3: Easy | J3: Single Chunk | K3: Yes | L3: Answer from document | N3: giao trinh Luat lao dong CB 2005 (1) | O3: Dựa trên tài liệu được cung cấp, quan hệ lao động được mô tả như sau: * Quan hệ giữa con người với con người trong lao động nhằm tạo ra những giá trị vật chất, tinh thần phục vụ chính bản thân và xã hội được gọi là quan hệ lao động [SOURCE_3]. * Quan hệ lao động là biểu hiện một mặt của quan hệ sản xuất và chịu sự chi phối của quan hệ sở hữu [SOURCE_3]. * Ở đâu có tổ chức lao động, có hợp tác và phân công lao động thì ở đó tồn tại quan hệ lao động [SOURCE_3]. Trong nền kinh tế thị trường với sự tham gia của nhiều thành phần kinh tế, các quan hệ lao động ngày càng trở nên đa dạng, phức tạp và đan xen lẫn nhau [SOURCE_3]. * Quan hệ lao động vừa có tính kinh tế, vừa có tính xã hội [SOURCE_1]. * Theo quy định, quan hệ lao động là quan hệ xã hội phát sinh trong việc thuê mướn, sử dụng lao động, trả lương giữa người lao động và người sử dụng lao động [SOURCE_4]. Quan hệ này giữa người lao động hoặc tập thể lao động với người sử dụng lao động được xác lập qua đối thoại, thương lượng, thỏa thuận theo nguyên tắc tự nguyện, thiện chí, bình đẳng, hợp tác, tôn trọng quyền và lợi ích hợp pháp của nhau [SOURCE_5]. | P3: [SOURCE_1] giao trinh Luat lao dong CB 2005 (1) | tr.13 | Giáo trình Luật Lao động cơ bản | 0.9737 [SOURCE_3] giao trinh Luat lao dong CB 2005 (1) | tr.3 | a - Quan hệ lao động | 0.8496 [SOURCE_4] luu-ban-nhap-tu-dong-3-4 | tr.69 | Điều 3. Giải thích từ ngữ ữ | 0.8055 [SOURCE_5] luu-ban-nhap-tu-dong-3-4 | tr.72 | Điều 7. Quan hệ lao động | 0.7175 | Q3: [SOURCE_1] giao trinh Luat lao dong CB 2005 (1) | tr.13 | Giáo trình Luật Lao động cơ bản | 0.9737 [SOURCE_2] giao trinh Luat lao dong CB 2005 (1) | tr.3 | a - Quan hệ lao động | 0.8655 [SOURCE_3] giao trinh Luat lao dong CB 2005 (1) | tr.3 | a - Quan hệ lao động | 0.8496 [SOURCE_4] luu-ban-nhap-tu-dong-3-4 | tr.69 | Điều 3. Giải thích từ ngữ ữ | 0.8055 [SOURCE_5] luu-ban-nhap-tu-dong-3-4 | tr.72 | Điều 7. Quan hệ lao động | 0.7175 | R3: gemini-3.5-flash-lite | S3: 23.3 | T3: 1 | U3: 1 | V3: Yes | W3: Yes | X3: PASS | Z3: PASS | AA3: =IF(Z3="",X3,Z3) | AC3: [AI] Đồng ý với chấm tự động
A4: LAW_A_003 | B4: List | C4: Giáo trình liệt kê những quan hệ nào liên quan đến quan hệ lao động? | D4: Gồm quan hệ về việc làm, học nghề, bồi thường thiệt hại, bảo hiểm xã hội, quan hệ với Công đoàn/đại diện tập thể lao động, giải quyết tranh chấp và đình công, và quản lý lao động. | E4: Căn cứ: phần “Bài 1 - Các quan hệ liên quan”, trang 5. Nội dung được tài liệu xác nhận: Gồm quan hệ về việc làm, học nghề, bồi thường thiệt hại, bảo hiểm xã hội, quan hệ với Công đoàn/đại diện tập thể lao động, giải quyết tranh chấp và đình công, và quản lý lao động. | F4: 5 | G4: Bài 1 - Các quan hệ liên quan | H4: việc làm | học nghề | bồi thường | BHXH | công đoàn | tranh chấp | quản lý | I4: Easy | J4: Single Chunk | K4: Yes | L4: Answer from document | N4: giao trinh Luat lao dong CB 2005 (1) | O4: Dựa trên tài liệu được cung cấp, ngoài quan hệ lao động làm công ăn lương là quan hệ chủ yếu, Luật lao động còn điều chỉnh các quan hệ xã hội khác liên quan chặt chẽ với quan hệ lao động bao gồm [SOURCE_1]: * Quan hệ về việc làm [SOURCE_1] * Quan hệ học nghề [SOURCE_1] * Quan hệ về bồi thường thiệt hại [SOURCE_1] * Quan hệ về bảo hiểm xã hội [SOURCE_1] * Quan hệ giữa người sử dụng lao động với tổ chức Công đoàn, đại diện của tập thể người lao động [SOURCE_1] * Quan hệ về giải quyết các tranh chấp lao động và các cuộc đình công [SOURCE_1] * Quan hệ về quản lý lao động [SOURCE_1] | P4: [SOURCE_1] giao trinh Luat lao dong CB 2005 (1) | tr.4 | b - Các quan hệ liên quan đến quan hệ lao động | 0.9891 | Q4: [SOURCE_1] giao trinh Luat lao dong CB 2005 (1) | tr.4 | b - Các quan hệ liên quan đến quan hệ lao động | 0.9891 [SOURCE_2] giao trinh Luat lao dong CB 2005 (1) | tr.13 | Giáo trình Luật Lao động cơ bản | 0.9326 [SOURCE_3] giao trinh Luat lao dong CB 2005 (1) | tr.3 | a - Quan hệ lao động | 0.9083 [SOURCE_4] luu-ban-nhap-tu-dong-3-4 | tr.72 | Điều 7. Quan hệ lao động | 0.8941 [SOURCE_5] giao trinh Luat lao dong CB 2005 (1) | tr.3 | a - Quan hệ lao động | 0.891 | R4: gemini-3.5-flash-lite | S4: 20.6 | T4: 1 | U4: 1 | V4: Yes | W4: Yes | X4: PASS | Z4: PASS | AA4: =IF(Z4="",X4,Z4) | AC4: [AI] Đồng ý với chấm tự động
A5: LAW_A_004 | B5: Definition | C5: Theo giáo trình, quan hệ pháp luật lao động là gì? | D5: Là các quan hệ phát sinh trong quá trình sử dụng sức lao động, được các quy phạm pháp luật lao động điều chỉnh. | E5: Căn cứ: phần “Bài 2 - Khái niệm”, trang 14. Nội dung được tài liệu xác nhận: Là các quan hệ phát sinh trong quá trình sử dụng sức lao động, được các quy phạm pháp luật lao động điều chỉnh. | F5: 14 | G5: Bài 2 - Khái niệm | H5: sử dụng sức lao động | quy phạm pháp luật lao động | I5: Easy | J5: Single Chunk | K5: Yes | L5: Answer from document | N5: giao trinh Luat lao dong CB 2005 (1) | O5: Dựa trên giáo trình, quan hệ pháp luật lao động là các quan hệ phát sinh trong quá trình sử dụng sức lao động của người lao động ở các cơ quan Nhà nước, các tổ chức, các hợp tác xã, các doanh nghiệp thuộc mọi thành phần kinh tế và các gia đình hay cá nhân có thuê mướn lao động, được các quy phạm pháp luật lao động điều chỉnh [SOURCE_2]. | P5: [SOURCE_2] giao trinh Luat lao dong CB 2005 (1) | tr.14 | BÀI 2 > QUAN HỆ PHÁP LUẬT LAO ĐỘNG > I - KHÁI NIỆM VÀ ĐẶC ĐI | 0.9835 | Q5: [SOURCE_1] giao trinh Luat lao dong CB 2005 (1) | tr.13 | Giáo trình Luật Lao động cơ bản | 0.9936 [SOURCE_2] giao trinh Luat lao dong CB 2005 (1) | tr.14 | BÀI 2 > QUAN HỆ PHÁP LUẬT LAO ĐỘNG > I - KHÁI NIỆM VÀ ĐẶC ĐI | 0.9835 [SOURCE_3] giao trinh Luat lao dong CB 2005 (1) | tr.14 | 2. Đặc điểm của quan hệ pháp luật lao động | 0.9708 [SOURCE_4] giao trinh Luat lao dong CB 2005 (1) | tr.14 | 2. Đặc điểm của quan hệ pháp luật lao động | 0.9608 [SOURCE_5] giao trinh Luat lao dong CB 2005 (1) | tr.18 | 2. Nội dung của quan hệ pháp luật lao động | 0.9575 | R5: gemini-3.5-flash-lite | S5: 14.2 | T5: 1 | U5: 1 | V5: Yes | W5: Yes | X5: PASS | Z5: PASS | AA5: =IF(Z5="",X5,Z5) | AC5: [AI] Đồng ý với chấm tự động
A6: LAW_A_005 | B6: Direct Fact | C6: Ba loại quan hệ về việc làm chủ yếu được giáo trình nêu là gì? | D6: Quan hệ bảo đảm việc làm giữa Nhà nước và NLĐ; giữa NSDLĐ và NLĐ; và giữa NLĐ với các trung tâm dịch vụ việc làm. | E6: Căn cứ: phần “Bài 1 - Quan hệ việc làm”, trang 5. Nội dung được tài liệu xác nhận: Quan hệ bảo đảm việc làm giữa Nhà nước và NLĐ; giữa NSDLĐ và NLĐ; và giữa NLĐ với các trung tâm dịch vụ việc làm. | F6: 5 | G6: Bài 1 - Quan hệ việc làm | H6: Nhà nước | NSDLĐ | trung tâm dịch vụ việc làm | I6: Easy | J6: Single Chunk | K6: Yes | L6: Answer from document | N6: giao trinh Luat lao dong CB 2005 (1) | O6: Ba loại quan hệ về việc làm chủ yếu được nêu trong giáo trình bao gồm: 1. Quan hệ về đảm bảo việc làm giữa Nhà nước và người lao động [SOURCE_1]. 2. Quan hệ về đảm bảo việc làm giữa người sử dụng lao động và người lao động [SOURCE_1]. 3. Quan hệ giữa người lao động và các trung tâm dịch vụ việc làm [SOURCE_1]. | P6: [SOURCE_1] giao trinh Luat lao dong CB 2005 (1) | tr.5 | (1) Quan hệ về việc làm | 0.9905 | Q6: [SOURCE_1] giao trinh Luat lao dong CB 2005 (1) | tr.5 | (1) Quan hệ về việc làm | 0.9905 [SOURCE_2] giao trinh Luat lao dong CB 2005 (1) | tr.4 | b - Các quan hệ liên quan đến quan hệ lao động | 0.5222 | R6: gemini-3.5-flash-lite | S6: 18.6 | T6: 1 | U6: 1 | V6: Yes | W6: Yes | X6: PASS | Z6: PASS | AA6: =IF(Z6="",X6,Z6) | AC6: [AI] Đồng ý với chấm tự động
A7: LAW_A_006 | B7: Concept | C7: Quan hệ học nghề có thể tồn tại dưới những dạng nào? | D7: Có thể là quan hệ độc lập hoặc là quan hệ phụ thuộc quan hệ lao động. | E7: Căn cứ: phần “Bài 1 - Quan hệ học nghề”, trang 5. Nội dung được tài liệu xác nhận: Có thể là quan hệ độc lập hoặc là quan hệ phụ thuộc quan hệ lao động. | F7: 5 | G7: Bài 1 - Quan hệ học nghề | H7: độc lập | phụ thuộc quan hệ lao động | I7: Easy | J7: Single Chunk | K7: Yes | L7: Answer from document | N7: giao trinh Luat lao dong CB 2005 (1) | O7: Dựa trên tài liệu được cung cấp, quan hệ học nghề có thể tồn tại dưới hai dạng: vừa có thể là một quan hệ độc lập, vừa có thể là một quan hệ phụ thuộc quan hệ lao động [SOURCE_1]. | P7: [SOURCE_1] giao trinh Luat lao dong CB 2005 (1) | tr.5 | (2) Quan hệ học nghề | 0.8816 | Q7: [SOURCE_1] giao trinh Luat lao dong CB 2005 (1) | tr.5 | (2) Quan hệ học nghề | 0.8816 [SOURCE_2] giao trinh Luat lao dong CB 2005 (1) | tr.5 | (2) Quan hệ học nghề | 0.4338 | R7: gemini-3.5-flash-lite | S7: 18.6 | T7: 1 | U7: 1 | V7: Yes | W7: Yes | X7: PASS | Z7: PASS | AA7: =IF(Z7="",X7,Z7) | AC7: [AI] Đồng ý với chấm tự động
A8: LAW_A_007 | B8: Definition | C8: Theo giáo trình, tiền lương được nhìn nhận như thế nào trong quan hệ lao động? | D8: Tiền lương được xem là giá cả của sức lao động và việc trả lương dựa trên thỏa thuận, trong khuôn khổ pháp luật. | E8: Căn cứ: phần “Bài 1/Bài 6 - Tiền lương”, trang None. Nội dung được tài liệu xác nhận: Tiền lương được xem là giá cả của sức lao động và việc trả lương dựa trên thỏa thuận, trong khuôn khổ pháp luật. | G8: Bài 1/Bài 6 - Tiền lương | H8: giá cả sức lao động | thỏa thuận | I8: Easy | J8: Single Chunk | K8: Yes | L8: Answer from document | N8: giao trinh Luat lao dong CB 2005 (1) | O8: Dựa trên tài liệu được cung cấp, tiền lương được nhìn nhận ở các khía cạnh sau: * Bên cạnh mục tiêu kinh tế như lợi nhuận, tiền lương là một trong những vấn đề kinh tế gắn liền với mục tiêu xã hội mà Luật Lao động phải giải quyết trong quá trình lao động và ngay tại các doanh nghiệp [SOURCE_1]. * Tiền lương là số lượng tiền tệ mà người sử dụng lao động trả cho người lao động khi người lao động hoàn thành công việc theo chức năng, nhiệm vụ do pháp luật quy định, hoặc do hai bên đã thoả thuận trong hợp đồng lao động [SOURCE_2]. * Tiền lương do hai bên thoả thuận trong hợp đồng lao động và được trả theo năng suất lao động, chất lượng và hiệu quả công việc [SOURCE_2]. Mức lương này không được thấp hơn mức lương tối thiểu do Nhà nước quy định [SOURCE_2]. * Lương được trả bằng tiền mặt, hoặc có thể trả một phần bằng séc/ngân phiếu do Nhà nước phát hành nếu hai bên thỏa thuận với điều kiện không gây thiệt hại, phiền hà cho người lao động [SOURCE_2]. * Theo quy định tại Điều 90, tiền lương là số tiền mà người sử dụng lao động trả cho người lao động theo thỏa thuận để thực hiện công việc, bao gồm mức lương theo công việc hoặc chức danh, phụ cấp lương và các khoản bổ sung khác [SOURCE_3]. Trong đó, mức lương theo công việc hoặc chức danh không được thấp hơn mức lương tối thiểu, và người sử dụng lao động phải bảo đảm trả lương bình đẳng, không phân biệt giới tính đối với người lao động làm công việc có giá trị như nhau [SOURCE_3]. | P8: [SOURCE_1] giao trinh Luat lao dong CB 2005 (1) | tr.13 | Giáo trình Luật Lao động cơ bản | 0.7146 [SOURCE_2] giao trinh Luat lao dong CB 2005 (1) | tr.58 | BÀI 6 > TIỀN LƯƠNG > I. KHÁI QUÁT CHUNG VỀ TIỀN LƯƠNG > 1. Đ | 0.4023 [SOURCE_3] luu-ban-nhap-tu-dong-3-4 | tr.31 | Chương VI > Điều 90. Tiền lương | 0.3612 | Q8: [SOURCE_1] giao trinh Luat lao dong CB 2005 (1) | tr.13 | Giáo trình Luật Lao động cơ bản | 0.7146 [SOURCE_2] giao trinh Luat lao dong CB 2005 (1) | tr.58 | BÀI 6 > TIỀN LƯƠNG > I. KHÁI QUÁT CHUNG VỀ TIỀN LƯƠNG > 1. Đ | 0.4023 [SOURCE_3] luu-ban-nhap-tu-dong-3-4 | tr.31 | Chương VI > Điều 90. Tiền lương | 0.3612 | R8: gemini-3.5-flash-lite | S8: 18.8 | T8: 0.5 | U8: 0.73684211 | V8: Yes | W8: n/a | X8: PARTIAL | Y8: Thiếu từ khóa (50%) | Z8: PARTIAL | AA8: =IF(Z8="",X8,Z8) | AC8: [AI] Thiếu ý 'tiền lương là giá cả sức lao động'; có ý thỏa thuận và mức tối thiểu
A9: LAW_A_008 | B9: Direct Fact | C9: Theo giáo trình, làm thêm vào ngày thường được trả ít nhất bao nhiêu phần trăm? | D9: Ít nhất bằng 150% đơn giá tiền lương hoặc tiền lương thực trả của công việc đang làm. | E9: Căn cứ: phần “Bài 6 - Trả lương làm thêm giờ”, trang 59. Nội dung được tài liệu xác nhận: Ít nhất bằng 150% đơn giá tiền lương hoặc tiền lương thực trả của công việc đang làm. | F9: 59 | G9: Bài 6 - Trả lương làm thêm giờ | H9: 150% | ngày thường | I9: Medium | J9: Single Chunk | K9: Yes | L9: Answer from document | N9: giao trinh Luat lao dong CB 2005 (1) | O9: Theo tài liệu, người lao động làm thêm giờ vào ngày thường được trả lương ít nhất bằng 150% [SOURCE_1], [SOURCE_2], [SOURCE_3], [SOURCE_4], [SOURCE_5]. | P9: [SOURCE_1] so-tay-kien-thuc-phap-luat-lao-dong-cdi | tr.19 | Trả lời: | 0.9585 [SOURCE_2] giao trinh Luat lao dong CB 2005 (1) | tr.59 | 4. Trả lương khi làm thêm giờ | 0.9547 [SOURCE_3] Văn-bản-hợp-nhất-18-VBHN-VPQH | tr.38 | Điều 98. Tiền lương làm thêm giờ, làm việc vào ban đêm | 0.9278 [SOURCE_4] ILO-VCCI_Labour-Law-Guide-Book-V04-Final | tr.100 | 1. Tiền lương làm thêm giờ225 > (a) Đối với NLĐ hưởng lương | 0.9243 [SOURCE_5] giao trinh Luat lao dong CB 2005 (1) | tr.80 | · Các điều kiện và nguyên tắc làm thêm đến 300 giờ trong một | 0.8973 | Q9: [SOURCE_1] so-tay-kien-thuc-phap-luat-lao-dong-cdi | tr.19 | Trả lời: | 0.9585 [SOURCE_2] giao trinh Luat lao dong CB 2005 (1) | tr.59 | 4. Trả lương khi làm thêm giờ | 0.9547 [SOURCE_3] Văn-bản-hợp-nhất-18-VBHN-VPQH | tr.38 | Điều 98. Tiền lương làm thêm giờ, làm việc vào ban đêm | 0.9278 [SOURCE_4] ILO-VCCI_Labour-Law-Guide-Book-V04-Final | tr.100 | 1. Tiền lương làm thêm giờ225 > (a) Đối với NLĐ hưởng lương | 0.9243 [SOURCE_5] giao trinh Luat lao dong CB 2005 (1) | tr.80 | · Các điều kiện và nguyên tắc làm thêm đến 300 giờ trong một | 0.8973 | R9: gemini-3.5-flash-lite | S9: 15.8 | T9: 1 | U9: 0.53333333 | V9: Yes | W9: Yes | X9: PASS | Z9: PASS | AA9: =IF(Z9="",X9,Z9) | AC9: [AI] Đồng ý với chấm tự động
A10: LAW_A_009 | B10: Direct Fact | C10: Theo giáo trình, làm thêm vào ngày nghỉ hằng tuần được trả ít nhất bao nhiêu? | D10: Ít nhất bằng 200%. | E10: Căn cứ: phần “Bài 6 - Trả lương làm thêm giờ”, trang 59. Nội dung được tài liệu xác nhận: Ít nhất bằng 200%. | F10: 59 | G10: Bài 6 - Trả lương làm thêm giờ | H10: 200% | ngày nghỉ hàng tuần | I10: Medium | J10: Single Chunk | K10: Yes | L10: Answer from document | N10: giao trinh Luat lao dong CB 2005 (1) | O10: Theo tài liệu, người lao động làm thêm giờ vào ngày nghỉ hằng tuần được trả lương tính theo đơn giá tiền lương hoặc tiền lương thực trả (hoặc công việc đang làm) với mức ít nhất bằng 200% [SOURCE_1], [SOURCE_2], [SOURCE_3], [SOURCE_4], [SOURCE_5]. | P10: [SOURCE_1] so-tay-kien-thuc-phap-luat-lao-dong-cdi | tr.19 | Trả lời: | 0.9454 [SOURCE_2] Văn-bản-hợp-nhất-18-VBHN-VPQH | tr.38 | Điều 98. Tiền lương làm thêm giờ, làm việc vào ban đêm | 0.9207 [SOURCE_3] ILO-VCCI_Labour-Law-Guide-Book-V04-Final | tr.100 | 1. Tiền lương làm thêm giờ225 > (a) Đối với NLĐ hưởng lương | 0.9207 [SOURCE_4] giao trinh Luat lao dong CB 2005 (1) | tr.59 | 4. Trả lương khi làm thêm giờ | 0.9096 [SOURCE_5] giao trinh Luat lao dong CB 2005 (1) | tr.80 | · Các điều kiện và nguyên tắc làm thêm đến 300 giờ trong một | 0.8598 | Q10: [SOURCE_1] so-tay-kien-thuc-phap-luat-lao-dong-cdi | tr.19 | Trả lời: | 0.9454 [SOURCE_2] Văn-bản-hợp-nhất-18-VBHN-VPQH | tr.38 | Điều 98. Tiền lương làm thêm giờ, làm việc vào ban đêm | 0.9207 [SOURCE_3] ILO-VCCI_Labour-Law-Guide-Book-V04-Final | tr.100 | 1. Tiền lương làm thêm giờ225 > (a) Đối với NLĐ hưởng lương | 0.9207 [SOURCE_4] giao trinh Luat lao dong CB 2005 (1) | tr.59 | 4. Trả lương khi làm thêm giờ | 0.9096 [SOURCE_5] giao trinh Luat lao dong CB 2005 (1) | tr.80 | · Các điều kiện và nguyên tắc làm thêm đến 300 giờ trong một | 0.8598 | R10: gemini-3.5-flash-lite | S10: 18 | T10: 0.5 | U10: 1 | V10: Yes | W10: Yes | X10: PARTIAL | Y10: Thiếu từ khóa (50%) | Z10: PASS | AA10: =IF(Z10="",X10,Z10) | AC10: [AI] Đúng 200%, trích giáo trình tr.59; scorer chấm thiếu từ khóa oan
A11: LAW_A_010 | B11: Direct Fact | C11: Theo giáo trình, làm thêm vào ngày lễ/ngày nghỉ hưởng lương được trả ít nhất bao nhiêu? | D11: Ít nhất bằng 300% theo quy định được tài liệu trình bày. | E11: Căn cứ: phần “Bài 6 - Trả lương làm thêm giờ”, trang 59. Nội dung được tài liệu xác nhận: Ít nhất bằng 300% theo quy định được tài liệu trình bày. | F11: 59 | G11: Bài 6 - Trả lương làm thêm giờ | H11: 300% | ngày lễ | nghỉ hưởng lương | I11: Medium | J11: Single Chunk | K11: Yes | L11: Answer from document | N11: giao trinh Luat lao dong CB 2005 (1) | O11: Theo tài liệu, người lao động làm thêm giờ vào ngày lễ, ngày nghỉ có hưởng lương được trả lương ít nhất bằng 300% (chưa kể tiền lương của ngày lễ, ngày nghỉ có hưởng lương đối với người lao động hưởng lương ngày) [SOURCE_1], [SOURCE_2], [SOURCE_3], [SOURCE_5]. | P11: [SOURCE_1] so-tay-kien-thuc-phap-luat-lao-dong-cdi | tr.19 | Trả lời: | 0.9537 [SOURCE_2] giao trinh Luat lao dong CB 2005 (1) | tr.59 | 4. Trả lương khi làm thêm giờ | 0.9412 [SOURCE_3] Văn-bản-hợp-nhất-18-VBHN-VPQH | tr.38 | Điều 98. Tiền lương làm thêm giờ, làm việc vào ban đêm | 0.9356 [SOURCE_5] ILO-VCCI_Labour-Law-Guide-Book-V04-Final | tr.100 | 1. Tiền lương làm thêm giờ225 > (a) Đối với NLĐ hưởng lương | 0.9082 | Q11: [SOURCE_1] so-tay-kien-thuc-phap-luat-lao-dong-cdi | tr.19 | Trả lời: | 0.9537 [SOURCE_2] giao trinh Luat lao dong CB 2005 (1) | tr.59 | 4. Trả lương khi làm thêm giờ | 0.9412 [SOURCE_3] Văn-bản-hợp-nhất-18-VBHN-VPQH | tr.38 | Điều 98. Tiền lương làm thêm giờ, làm việc vào ban đêm | 0.9356 [SOURCE_4] luu-ban-nhap-tu-dong-3-4 | tr.424 | Điều 25. Tiền lương làm thêm giờ, làm việc vào ban đêm | 0.9305 [SOURCE_5] ILO-VCCI_Labour-Law-Guide-Book-V04-Final | tr.100 | 1. Tiền lương làm thêm giờ225 > (a) Đối với NLĐ hưởng lương | 0.9082 | R11: gemini-3.5-flash-lite | S11: 16.2 | T11: 1 | U11: 0.5 | V11: Yes | W11: Yes | X11: PASS | Z11: PASS | AA11: =IF(Z11="",X11,Z11) | AC11: [AI] Đồng ý với chấm tự động
A12: LAW_A_011 | B12: Rule | C12: Giới hạn làm thêm giờ mà giáo trình nêu là bao nhiêu? | D12: Không quá 4 giờ trong một ngày, 200 giờ trong một năm; một số trường hợp đặc biệt không quá 300 giờ trong một năm. | E12: Căn cứ: phần “Bài 7 - Làm thêm giờ”, trang 79. Nội dung được tài liệu xác nhận: Không quá 4 giờ trong một ngày, 200 giờ trong một năm; một số trường hợp đặc biệt không quá 300 giờ trong một năm. | F12: 79 | G12: Bài 7 - Làm thêm giờ | H12: 4 giờ/ngày | 200 giờ/năm | 300 giờ/năm | I12: Medium | J12: Single Chunk | K12: Yes | L12: Answer from document | N12: giao trinh Luat lao dong CB 2005 (1) | O12: Dựa trên tài liệu được cung cấp, giới hạn làm thêm giờ được quy định như sau: * **Trong ngày và trong tuần:** Tổng số giờ làm thêm không quá 50% số giờ làm việc bình thường trong 01 ngày khi làm thêm vào ngày làm việc bình thường [SOURCE_3, SOURCE_4]. Trường hợp áp dụng quy định thời giờ làm việc bình thường theo tuần, tổng số giờ làm việc bình thường và số giờ làm thêm không quá 12 giờ trong 01 ngày [SOURCE_3, SOURCE_4]. Quy định này cũng áp dụng tương tự đối với trường hợp làm việc không trọn thời gian khi làm thêm vào ngày nghỉ lễ, tết và ngày nghỉ hằng tuần [SOURCE_4]. * **Trong tháng:** Tổng số giờ làm thêm của người lao động không quá 40 giờ trong 01 tháng (tăng từ 30 giờ lên 40 giờ so với quy định tại Bộ luật Lao động 2012) [SOURCE_4]. (Lưu ý tại Điều 106 đề cập mức không quá 30 giờ trong 01 tháng [SOURCE_3], nhưng phần phân tích chi tiết của tài liệu nêu rõ giới hạn tối đa là 40 giờ trong 01 tháng từ ngày 01/01/2021 [SOURCE_4]). * **Trong năm:** Tổng số giờ làm thêm không quá 200 giờ trong 01 năm, trừ một số trường hợp đặc biệt được Chính phủ quy định thì được làm thêm giờ không quá 300 giờ trong 01 năm [SOURCE_3]. | P12: [SOURCE_3] luu-ban-nhap-tu-dong-3-4 | tr.101 | Điều 106. Làm thêm giờ | 0.4728 [SOURCE_4] ILO-VCCI_Labour-Law-Guide-Book-V04-Final | tr.111 | (i) Giới hạn số giờ làm thêm trong ngày và trong tháng | 0.436 | Q12: [SOURCE_1] ILO-VCCI_Labour-Law-Guide-Book-V04-Final | tr.112 | (ii) Giới hạn số giờ làm thêm trong năm | 0.6783 [SOURCE_2] ILO-VCCI_Labour-Law-Guide-Book-V04-Final | tr.112 | (ii) Giới hạn số giờ làm thêm trong năm | 0.4942 [SOURCE_3] luu-ban-nhap-tu-dong-3-4 | tr.101 | Điều 106. Làm thêm giờ | 0.4728 [SOURCE_4] ILO-VCCI_Labour-Law-Guide-Book-V04-Final | tr.111 | (i) Giới hạn số giờ làm thêm trong ngày và trong tháng | 0.436 | R12: gemini-3.5-flash-lite | S12: 18.8 | T12: 0.66666667 | U12: 1 | V12: No | W12: No | X12: PARTIAL | Y12: Thiếu từ khóa (67%); Không trích tài liệu mong đợi (không có trong ngữ cảnh); Không trích đúng trang 79 (±1) | Z12: FAIL | AA12: =IF(Z12="",X12,Z12) | AB12: DEF-05 | AC12: [AI] Sai pháp lý: trả lời 50%/40 giờ/tháng theo BLLĐ 2019 (ILO, bộ tổng hợp) thay vì 4 giờ/ngày, 200 giờ/năm của giáo trình
A13: LAW_A_012 | B13: Concept | C13: Vì sao phương pháp thỏa thuận có vai trò quan trọng trong Luật lao động theo giáo trình? | D13: Vì quan hệ lao động có bản chất tự do thương lượng; các bên thỏa thuận trên cơ sở tự nguyện, bình đẳng để cùng có lợi và thực hiện nghĩa vụ. | E13: Căn cứ: phần “Bài 1 - Phương pháp điều chỉnh” Nội dung được tài liệu xác nhận: Vì quan hệ lao động có bản chất tự do thương lượng; các bên thỏa thuận trên cơ sở tự nguyện, bình đẳng để cùng có lợi và thực hiện nghĩa vụ. | G13: Bài 1 - Phương pháp điều chỉnh | H13: thỏa thuận | tự nguyện | bình đẳng | cùng có lợi | I13: Medium | J13: Single Chunk | K13: Yes | L13: Answer from document | N13: giao trinh Luat lao dong CB 2005 (1) | O13: Dựa trên tài liệu được cung cấp, phương pháp thỏa thuận có vai trò quan trọng vì những lý do sau: * Phương pháp này chủ yếu được áp dụng trong trường hợp xác lập quan hệ lao động giữa người lao động và người sử dụng lao động, cũng như trong việc xác lập thỏa ước lao động tập thể [SOURCE_2]. * Xuất phát từ bản chất của quan hệ lao động là tự do thương lượng, các bên cùng nhau thỏa thuận các vấn đề liên quan trong quá trình lao động trên cơ sở tự nguyện và bình đẳng [SOURCE_1], [SOURCE_2]. * Việc thỏa thuận nhằm đảm bảo cho hai bên cùng có lợi và tạo điều kiện để các bên thực hiện tốt các nghĩa vụ của mình [SOURCE_1], [SOURCE_2]. | P13: [SOURCE_1] giao trinh Luat lao dong CB 2005 (1) | tr.7 | a - Phương pháp thỏa thuận | 0.9808 [SOURCE_2] giao trinh Luat lao dong CB 2005 (1) | tr.7 | a - Phương pháp thỏa thuận | 0.9449 | Q13: [SOURCE_1] giao trinh Luat lao dong CB 2005 (1) | tr.7 | a - Phương pháp thỏa thuận | 0.9808 [SOURCE_2] giao trinh Luat lao dong CB 2005 (1) | tr.7 | a - Phương pháp thỏa thuận | 0.9449 [SOURCE_3] giao trinh Luat lao dong CB 2005 (1) | tr.49 | 4. Ý nghĩa của thỏa ước lao động tập thể | 0.3944 | R13: gemini-3.5-flash-lite | S13: 18.9 | T13: 1 | U13: 1 | V13: Yes | W13: n/a | X13: PASS | Z13: PASS | AA13: =IF(Z13="",X13,Z13) | AC13: [AI] Đồng ý với chấm tự động
A14: LAW_A_013 | B14: Comparison | C14: Phương pháp thỏa thuận trong Luật lao động khác Luật dân sự ở điểm nào theo giáo trình? | D14: Giáo trình cho rằng trong dân sự các chủ thể bình đẳng và độc lập về địa vị kinh tế nên thỏa thuận được sử dụng triệt để; trong lao động, thỏa thuận chịu ảnh hưởng bởi quan hệ phụ thuộc và các giới hạn bảo vệ lao động. | E14: Căn cứ: phần “Bài 1 - Phương pháp điều chỉnh” Nội dung được tài liệu xác nhận: Giáo trình cho rằng trong dân sự các chủ thể bình đẳng và độc lập về địa vị kinh tế nên thỏa thuận được sử dụng triệt để; trong lao động, thỏa thuận chịu ảnh hưởng bởi quan hệ phụ thuộc và các giới hạn bảo vệ lao động. | G14: Bài 1 - Phương pháp điều chỉnh | H14: dân sự | lao động | bình đẳng | phụ thuộc | I14: Medium | J14: Multiple Chunks | K14: Yes | L14: Answer from document | N14: giao trinh Luat lao dong CB 2005 (1) | O14: Theo tài liệu, phương pháp thỏa thuận trong Luật lao động khác với phương pháp thỏa thuận trong Luật dân sự ở những điểm sau: * **Về địa vị và tính độc lập của các chủ thể:** Trong Luật dân sự, các chủ thể tham gia quan hệ xã hội bình đẳng và độc lập với nhau về địa vị kinh tế [SOURCE_1]. Ngược lại, trong Luật lao động, các chủ thể tham gia quan hệ lao động không bình đẳng về địa vị và không độc lập với nhau về tổ chức [SOURCE_1]. * **Về mức độ sử dụng và phạm vi tác động:** Trong Luật dân sự, phương pháp thỏa thuận được sử dụng triệt để và tác động lên các quan hệ dân sự trong suốt quá trình từ khi xác lập đến khi chấm dứt [SOURCE_1]. Trong Luật lao động, tuy các chủ thể thực hiện quyền tự định đoạt, tự do, thương lượng, tự nguyện thỏa thuận trong khuôn khổ pháp luật nhằm đảm bảo cùng có lợi, nhưng quan hệ lao động luôn có yếu tố quản lý [SOURCE_1]. * **Sự can thiệp của Nhà nước:** Để điều hòa mối quan hệ không bình đẳng giữa các bên trong Luật lao động, Nhà nước bằng pháp luật đã đặt ra các quy định nhằm bảo vệ người lao động, nâng cao vị trí của người lao động để họ bình đẳng với người sử dụng lao động [SOURCE_1]. | P14: [SOURCE_1] giao trinh Luat lao dong CB 2005 (1) | tr.7 | a - Phương pháp thỏa thuận | 0.9941 | Q14: [SOURCE_1] giao trinh Luat lao dong CB 2005 (1) | tr.7 | a - Phương pháp thỏa thuận | 0.9941 [SOURCE_2] giao trinh Luat lao dong CB 2005 (1) | tr.7 | a - Phương pháp thỏa thuận | 0.8212 | R14: gemini-3.5-flash-lite | S14: 19.7 | T14: 0.75 | U14: 0.73684211 | V14: Yes | W14: n/a | X14: PASS | Z14: PASS | AA14: =IF(Z14="",X14,Z14) | AC14: [AI] Đồng ý với chấm tự động
A15: LAW_A_014 | B15: Concept | C15: Quan hệ bồi thường thiệt hại trong lao động phát sinh khi nào? | D15: Phát sinh khi một chủ thể trong quá trình thực hiện quyền, nghĩa vụ lao động gây thiệt hại về sức khỏe, tính mạng, tài sản hoặc lợi ích của bên kia. | E15: Căn cứ: phần “Bài 1 - Bồi thường thiệt hại”, trang 6. Nội dung được tài liệu xác nhận: Phát sinh khi một chủ thể trong quá trình thực hiện quyền, nghĩa vụ lao động gây thiệt hại về sức khỏe, tính mạng, tài sản hoặc lợi ích của bên kia. | F15: 6 | G15: Bài 1 - Bồi thường thiệt hại | H15: thiệt hại | sức khỏe | tính mạng | tài sản | I15: Medium | J15: Single Chunk | K15: Yes | L15: Answer from document | N15: giao trinh Luat lao dong CB 2005 (1) | O15: Dựa trên tài liệu được cung cấp, quan hệ về bồi thường thiệt hại phát sinh khi các chủ thể tham gia quan hệ lao động thực hiện các quyền và nghĩa vụ lao động của mình, nhưng một trong các chủ thể đã gây thiệt hại về sức khỏe, tính mạng, tài sản hoặc lợi ích của bên kia [SOURCE_1]. | P15: [SOURCE_1] giao trinh Luat lao dong CB 2005 (1) | tr.5 | (2) Quan hệ học nghề | 0.9279 | Q15: [SOURCE_1] giao trinh Luat lao dong CB 2005 (1) | tr.5 | (2) Quan hệ học nghề | 0.9279 [SOURCE_2] giao trinh Luat lao dong CB 2005 (1) | tr.5 | (2) Quan hệ học nghề | 0.8897 [SOURCE_3] giao trinh Luat lao dong CB 2005 (1) | tr.95 | - Có quan hệ nhân quả giữa hành vi vi phạm và thiệt hại tài | 0.5862 [SOURCE_4] luu-ban-nhap-tu-dong-3-4 | tr.41 | Mục 2. TRÁCH NHIỆM VẬT CHẤT > Điều 129. Bồi thường thiệt hại | 0.411 | R15: gemini-3.5-flash-lite | S15: 15 | T15: 1 | U15: 0.92 | V15: Yes | W15: Yes | X15: PASS | Z15: PASS | AA15: =IF(Z15="",X15,Z15) | AC15: [AI] Đồng ý với chấm tự động
A16: LAW_A_015 | B16: Scenario-based | C16: Một NLĐ gây thiệt hại tài sản cho NSDLĐ khi thực hiện nghĩa vụ lao động. Theo cách phân loại của giáo trình, đây thuộc nhóm quan hệ nào? | D16: Thuộc quan hệ về bồi thường thiệt hại liên quan đến quan hệ lao động. | E16: Căn cứ: phần “Bài 1 - Bồi thường thiệt hại”, trang 5. Nội dung được tài liệu xác nhận: Thuộc quan hệ về bồi thường thiệt hại liên quan đến quan hệ lao động. | F16: 5 | G16: Bài 1 - Bồi thường thiệt hại | H16: bồi thường thiệt hại | tài sản | I16: Hard | J16: Single Chunk | K16: Yes | L16: Answer from document | N16: giao trinh Luat lao dong CB 2005 (1) | O16: Theo tài liệu được cung cấp, khi một chủ thể gây thiệt hại về tài sản cho bên kia khi thực hiện quyền và nghĩa vụ lao động, giữa họ sẽ phát sinh quan hệ về bồi thường thiệt hại [SOURCE_2]. Các quan hệ pháp luật về bồi thường thiệt hại này được chia thành ba loại, trong đó bao gồm: - Quan hệ bồi thường thiệt hại tài sản [SOURCE_1]. | P16: [SOURCE_1] giao trinh Luat lao dong CB 2005 (1) | tr.5 | (2) Quan hệ học nghề | 0.9491 [SOURCE_2] giao trinh Luat lao dong CB 2005 (1) | tr.5 | (2) Quan hệ học nghề | 0.8208 | Q16: [SOURCE_1] giao trinh Luat lao dong CB 2005 (1) | tr.5 | (2) Quan hệ học nghề | 0.9491 [SOURCE_2] giao trinh Luat lao dong CB 2005 (1) | tr.5 | (2) Quan hệ học nghề | 0.8208 [SOURCE_3] giao trinh Luat lao dong CB 2005 (1) | tr.95 | - Có quan hệ nhân quả giữa hành vi vi phạm và thiệt hại tài | 0.6305 [SOURCE_4] ILO-VCCI_Labour-Law-Guide-Book-V04-Final | tr.10 | CHƯƠNG I. QUAN HỆ LAO ĐỘNG VÀ HỢP ĐỒNG LAO ĐỘNG > I. QUAN HỆ | 0.5306 [SOURCE_5] giao trinh Luat lao dong CB 2005 (1) | tr.95 | IV. TRÁCH NHIỆM VẬT CHẤT TRONG QUAN HỆ LAO ĐỘNG > 1. Khái ni | 0.422 | R16: gemini-3.5-flash-lite | S16: 20.8 | T16: 1 | U16: 0.84615385 | V16: Yes | W16: Yes | X16: PASS | Z16: PASS | AA16: =IF(Z16="",X16,Z16) | AC16: [AI] Ngắn nhưng đúng nhóm quan hệ bồi thường thiệt hại
A17: LAW_A_016 | B17: Scenario-based | C17: Một người tìm việc thông qua trung tâm dịch vụ việc làm. Theo giáo trình, quan hệ này có nằm trong đối tượng điều chỉnh của Luật lao động không? | D17: Có. Đây là một dạng quan hệ về việc làm giữa NLĐ và trung tâm dịch vụ việc làm, được xếp vào các quan hệ liên quan đến quan hệ lao động. | E17: Căn cứ: phần “Bài 1 - Quan hệ việc làm”, trang 5. Nội dung được tài liệu xác nhận: Có. Đây là một dạng quan hệ về việc làm giữa NLĐ và trung tâm dịch vụ việc làm, được xếp vào các quan hệ liên quan đến quan hệ lao động. | F17: 5 | G17: Bài 1 - Quan hệ việc làm | H17: NLĐ | trung tâm dịch vụ việc làm | quan hệ việc làm | I17: Hard | J17: Single Chunk | K17: Yes | L17: Answer from document | N17: giao trinh Luat lao dong CB 2005 (1) | O17: Dựa trên tài liệu được cung cấp, đối tượng điều chỉnh của Luật lao động bao gồm hai nhóm quan hệ xã hội: quan hệ lao động và các quan hệ liên quan đến quan hệ lao động (phát sinh trong quá trình sử dụng lao động) [SOURCE_1]. Trong đó, tài liệu nêu rõ "Các quan hệ liên quan đến quan hệ lao động" là những quan hệ phát sinh từ hoặc có liên quan chặt chẽ với quan hệ lao động [SOURCE_1]. Tuy nhiên, trong các đoạn văn bản được cung cấp, không có thông tin chi tiết cụ thể xác định việc "một người tìm việc thông qua trung tâm dịch vụ việc làm" có trực tiếp thuộc đối tượng điều chỉnh của Luật lao động hay không, mặc dù người lao động có quyền "trực tiếp liên hệ với người sử dụng lao động hoặc thông qua tổ chức dịch vụ việc làm để tìm việc làm" theo Điều 10 [SOURCE_3]. Do đó, dựa trên tài liệu được cung cấp, tôi không tìm thấy thông tin đầy đủ để khẳng định chắc chắn rằng quan hệ tìm việc thông qua trung tâm dịch vụ việc làm này có nằm trong đối tượng điều chỉnh của Luật lao động hay không. | P17: [SOURCE_1] giao trinh Luat lao dong CB 2005 (1) | tr.3 | BÀI 1 > KHÁI NIỆM LUẬT LAO ĐỘNG VIỆT NAM > I - ĐỐI TƯỢNG VÀ | 0.9622 [SOURCE_3] luu-ban-nhap-tu-dong-3-4 | tr.73 | Điều 10. Quyền làm việc của người lao động | 0.5572 | Q17: [SOURCE_1] giao trinh Luat lao dong CB 2005 (1) | tr.3 | BÀI 1 > KHÁI NIỆM LUẬT LAO ĐỘNG VIỆT NAM > I - ĐỐI TƯỢNG VÀ | 0.9622 [SOURCE_2] giao trinh Luat lao dong CB 2005 (1) | tr.3 | a - Quan hệ lao động | 0.6522 [SOURCE_3] luu-ban-nhap-tu-dong-3-4 | tr.73 | Điều 10. Quyền làm việc của người lao động | 0.5572 | R17: gemini-3.5-flash-lite | S17: 19.8 | T17: 1 | U17: 0.80769231 | V17: Yes | W17: No | X17: PASS | Y17: Không trích đúng trang 5 (±1) | Z17: PARTIAL | AA17: =IF(Z17="",X17,Z17) | AC17: [AI] PASS oan của scorer: không kết luận 'Có', nói không đủ thông tin dù giáo trình xếp quan hệ với trung tâm dịch vụ việc làm vào quan hệ việc làm
A18: LAW_A_017 | B18: Multi-hop | C18: Từ cách giáo trình xác định đối tượng và phương pháp điều chỉnh, hãy giải thích vì sao HĐLĐ vừa mang tính thỏa thuận vừa chịu giới hạn pháp luật. | D18: Các bên tự do, bình đẳng, tự nguyện thỏa thuận về quá trình lao động, nhưng pháp luật đặt ra khung/chuẩn mực, trong đó quyền lợi thường được ấn định mức tối thiểu và nghĩa vụ ở mức tối đa để bảo vệ quan hệ lao động. | E18: Căn cứ: phần “Bài 1 - Đối tượng & phương pháp”, trang 4. Nội dung được tài liệu xác nhận: Các bên tự do, bình đẳng, tự nguyện thỏa thuận về quá trình lao động, nhưng pháp luật đặt ra khung/chuẩn mực, trong đó quyền lợi thường được ấn định mức tối thiểu và nghĩa vụ ở mức tối đa để bảo vệ quan hệ lao động. | F18: 4 | G18: Bài 1 - Đối tượng & phương pháp | H18: tự do thỏa thuận | khung pháp lý | quyền tối thiểu | nghĩa vụ tối đa | I18: Hard | J18: Multiple Chunks | K18: Yes | L18: Answer from document | N18: giao trinh Luat lao dong CB 2005 (1) | O18: Dựa trên tài liệu được cung cấp, phương pháp thỏa thuận trong Luật lao động cho phép các bên cùng nhau thỏa thuận các vấn đề liên quan trong quá trình lao động trên cơ sở tự nguyện, bình đẳng nhằm đảm bảo cùng có lợi và tạo điều kiện thực hiện tốt nghĩa vụ [SOURCE_1]. Các chủ thể thực hiện quyền tự định đoạt của mình thông qua sự tự do, thương lượng và thỏa thuận [SOURCE_1]. Tuy nhiên, phương pháp thỏa thuận trong Luật lao động chịu sự giới hạn và có sự khác biệt so với Luật dân sự: - Trong Luật lao động, các chủ thể tham gia quan hệ lao động không bình đẳng về địa vị và không độc lập với nhau về tổ chức [SOURCE_1]. - Do đó, để điều hòa mối quan hệ này và bảo vệ người lao động, Nhà nước thông qua pháp luật đã đặt ra những quy định nhằm nâng cao vị trí của người lao động để họ bình đẳng hơn với người sử dụng lao động [SOURCE_1]. - Vì vậy, mặc dù là tự do thỏa thuận và các chủ thể thực hiện quyền tự định đoạt, sự thỏa thuận đó luôn phải nằm trong khuôn khổ pháp luật và quan hệ lao động luôn mang yếu tố quản lý [SOURCE_1]. | P18: [SOURCE_1] giao trinh Luat lao dong CB 2005 (1) | tr.7 | a - Phương pháp thỏa thuận | 0.5369 | Q18: [SOURCE_1] giao trinh Luat lao dong CB 2005 (1) | tr.7 | a - Phương pháp thỏa thuận | 0.5369 [SOURCE_2] giao trinh Luat lao dong CB 2005 (1) | tr.7 | 2 - Phương pháp điều chỉnh của luật lao động | 0.4546 [SOURCE_3] giao trinh Luat lao dong CB 2005 (1) | tr.182 | 5. Đặc điểm và phân loại thẩm quyền của công đoàn > a. Đặc đ | 0.4193 | R18: gemini-3.5-flash-lite | S18: 16.4 | T18: 0.25 | U18: 0.69230769 | V18: Yes | W18: No | X18: PARTIAL | Y18: Thiếu từ khóa (25%); Không trích đúng trang 4 (±1) | Z18: PASS | AA18: =IF(Z18="",X18,Z18) | AC18: [AI] Không chắc: đủ ý thỏa thuận + Nhà nước đặt khung bảo vệ NLĐ; thiếu câu chữ 'quyền tối thiểu, nghĩa vụ tối đa'
A19: LAW_A_018 | B19: Multi-hop | C19: Giáo trình liên hệ quan hệ tranh chấp lao động và đình công với mục tiêu ổn định quan hệ lao động như thế nào? | D19: Việc giải quyết tranh chấp/đình công do các cơ quan, tổ chức có thẩm quyền thực hiện nhằm bảo đảm quyền lợi các bên và duy trì sự hài hòa, ổn định của quan hệ lao động. | E19: Căn cứ: phần “Bài 1 - Tranh chấp lao động”, trang 7. Nội dung được tài liệu xác nhận: Việc giải quyết tranh chấp/đình công do các cơ quan, tổ chức có thẩm quyền thực hiện nhằm bảo đảm quyền lợi các bên và duy trì sự hài hòa, ổn định của quan hệ lao động. | F19: 7 | G19: Bài 1 - Tranh chấp lao động | H19: tranh chấp | đình công | cơ quan thẩm quyền | hài hòa | ổn định | I19: Hard | J19: Single Chunk | K19: Yes | L19: Answer from document | N19: giao trinh Luat lao dong CB 2005 (1) | O19: Dựa trên tài liệu được cung cấp, việc giải quyết các tranh chấp lao động và các cuộc đình công do các tổ chức, cơ quan có thẩm quyền thực hiện (như Hội đồng hòa giải ở cơ sở, Hội đồng trọng tài lao động cấp tỉnh hoặc Tòa án nhân dân) nhằm mục đích bảo đảm quyền lợi cho cả hai bên và đảm bảo sự hài hòa, ổn định của quan hệ lao động [SOURCE_1]. Vì vậy, quan hệ về giải quyết các tranh chấp lao động và các cuộc đình công thuộc đối tượng điều chỉnh của Luật lao động [SOURCE_1]. | P19: [SOURCE_1] giao trinh Luat lao dong CB 2005 (1) | tr.6 | (6) Quan hệ về giải quyết các tranh chấp lao động và các cuộ | 0.9696 | Q19: [SOURCE_1] giao trinh Luat lao dong CB 2005 (1) | tr.6 | (6) Quan hệ về giải quyết các tranh chấp lao động và các cuộ | 0.9696 [SOURCE_2] giao trinh Luat lao dong CB 2005 (1) | tr.13 | Giáo trình Luật Lao động cơ bản | 0.7965 [SOURCE_3] luu-ban-nhap-tu-dong-3-4 | tr.60 | Mục 5. ĐÌNH CÔNG Điều 198. Đình công | 0.6755 [SOURCE_4] luu-ban-nhap-tu-dong-3-4 | tr.133 | Mục 4 ĐÌNH CÔNG VÀ GIẢI QUYẾT ĐÌNH CÔNG > Điều 209. Đình côn | 0.5837 | R19: gemini-3.5-flash-lite | S19: 20.4 | T19: 1 | U19: 0.93939394 | V19: Yes | W19: Yes | X19: PASS | Z19: PASS | AA19: =IF(Z19="",X19,Z19) | AC19: [AI] Đồng ý với chấm tự động
A20: LAW_A_019 | B20: Source-awareness | C20: Nếu hỏi “quy định hiện hành năm 2026 về làm thêm giờ”, RAG có nên chỉ dùng con số trong giáo trình 2005 không? | D20: Không nên. Giáo trình là nguồn lịch sử/giảng dạy cũ; hệ thống phải nhận diện thời điểm của nguồn và không trình bày quy định trong tài liệu này như pháp luật hiện hành năm 2026 nếu không có nguồn cập nhật. | E20: Căn cứ: phần “Lưu ý nguồn/tính thời điểm”, trang 1. Nội dung được tài liệu xác nhận: Không nên. Giáo trình là nguồn lịch sử/giảng dạy cũ; hệ thống phải nhận diện thời điểm của nguồn và không trình bày quy định trong tài liệu này như pháp luật hiện hành năm 2026 nếu không có nguồn cập nhật. | F20: 1 | G20: Lưu ý nguồn/tính thời điểm | H20: nguồn 2005 | lịch sử | không suy diễn hiện hành | I20: Hard | J20: Multiple Chunks | K20: Yes | L20: Answer with temporal caveat | M20: Tests temporal grounding. | N20: giao trinh Luat lao dong CB 2005 (1) | O20: Dựa trên tài liệu được cung cấp, tôi không tìm thấy thông tin để trả lời câu hỏi này. | R20: (no LLM call: early exit) | S20: 18.1 | T20: 0 | U20: 0 | V20: No | W20: No | X20: FAIL | Y20: Từ chối trả lời dù câu hỏi có đáp án | Z20: FAIL | AA20: =IF(Z20="",X20,Z20) | AB20: DEF-04 | AC20: [AI] Từ chối; câu hỏi về hành vi RAG, cần SME xem lại thiết kế test
A21: LAW_A_020 | B21: Synthesis | C21: Theo giáo trình, vì sao Luật lao động không chỉ điều chỉnh việc “đi làm nhận lương” mà còn bao phủ nhiều quan hệ khác? | D21: Vì ngoài quan hệ lao động làm công ăn lương, quá trình sử dụng lao động còn phát sinh các quan hệ gắn chặt như việc làm, học nghề, bồi thường, BHXH, công đoàn, tranh chấp/đình công và quản lý lao động; các quan hệ này cần được điều chỉnh để quan hệ lao động vận hành ổn định. | E21: Căn cứ: phần “Bài 1 - Tổng hợp” Nội dung được tài liệu xác nhận: Vì ngoài quan hệ lao động làm công ăn lương, quá trình sử dụng lao động còn phát sinh các quan hệ gắn chặt như việc làm, học nghề, bồi thường, BHXH, công đoàn, tranh chấp/đình công và quản lý lao động; các quan hệ này cần được điều chỉnh để quan hệ lao động vận hành ổn định. | G21: Bài 1 - Tổng hợp | H21: quan hệ lao động | quan hệ liên quan | ổn định | I21: Hard | J21: Multiple Chunks | K21: Yes | L21: Answer from document | N21: giao trinh Luat lao dong CB 2005 (1) | O21: Theo giáo trình, Luật lao động không chỉ điều chỉnh quan hệ lao động làm công ăn lương mà còn bao phủ nhiều quan hệ khác vì đối tượng điều chỉnh của Luật lao động bao gồm hai nhóm quan hệ xã hội: nhóm quan hệ lao động và nhóm các quan hệ liên quan đến quan hệ lao động (phát sinh trong quá trình sử dụng lao động) [SOURCE_5]. Bên cạnh quan hệ lao động làm công ăn lương là quan hệ chủ yếu, Luật lao động còn điều chỉnh một số quan hệ xã hội khác có liên quan chặt chẽ với quan hệ lao động, bao gồm [SOURCE_3]: - Quan hệ về việc làm [SOURCE_3]. - Quan hệ học nghề [SOURCE_3]. - Quan hệ về bồi thường thiệt hại [SOURCE_3]. - Quan hệ về bảo hiểm xã hội [SOURCE_3]. - Quan hệ giữa người sử dụng lao động với tổ chức Công đoàn, đại diện của tập thể người lao động [SOURCE_3]. - Quan hệ về giải quyết các tranh chấp lao động và các cuộc đình công [SOURCE_3]. - Quan hệ về quản lý lao động [SOURCE_3]. Ngoài ra, bản thân quan hệ lao động vừa mang tính kinh tế vừa mang tính xã hội [SOURCE_4]. Luật lao động không chỉ giải quyết các mục tiêu kinh tế như lợi nhuận, tiền lương và sự tăng trưởng trong sản xuất kinh doanh, mà còn phải giải quyết các vấn đề xã hội như việc làm, công bằng, dân chủ, tương trợ cộng đồng ngay trong quá trình lao động và tại các doanh nghiệp để làm động lực phát triển kinh tế [SOURCE_4]. | P21: [SOURCE_3] giao trinh Luat lao dong CB 2005 (1) | tr.4 | b - Các quan hệ liên quan đến quan hệ lao động | 0.8773 [SOURCE_4] giao trinh Luat lao dong CB 2005 (1) | tr.13 | Giáo trình Luật Lao động cơ bản | 0.8155 [SOURCE_5] giao trinh Luat lao dong CB 2005 (1) | tr.3 | BÀI 1 > KHÁI NIỆM LUẬT LAO ĐỘNG VIỆT NAM > I - ĐỐI TƯỢNG VÀ | 0.7594 | Q21: [SOURCE_1] giao trinh Luat lao dong CB 2005 (1) | tr.3 | a - Quan hệ lao động | 0.9642 [SOURCE_2] giao trinh Luat lao dong CB 2005 (1) | tr.3 | a - Quan hệ lao động | 0.9122 [SOURCE_3] giao trinh Luat lao dong CB 2005 (1) | tr.4 | b - Các quan hệ liên quan đến quan hệ lao động | 0.8773 [SOURCE_4] giao trinh Luat lao dong CB 2005 (1) | tr.13 | Giáo trình Luật Lao động cơ bản | 0.8155 [SOURCE_5] giao trinh Luat lao dong CB 2005 (1) | tr.3 | BÀI 1 > KHÁI NIỆM LUẬT LAO ĐỘNG VIỆT NAM > I - ĐỐI TƯỢNG VÀ | 0.7594 | R21: gemini-3.5-flash-lite | S21: 19.1 | T21: 0.66666667 | U21: 0.89285714 | V21: Yes | W21: n/a | X21: PARTIAL | Y21: Thiếu từ khóa (67%) | Z21: PASS | AA21: =IF(Z21="",X21,Z21) | AC21: [AI] Đủ 7 quan hệ liên quan; scorer chấm thiếu từ khóa oan
A22: LAW_B_001 | B22: Direct Fact | C22: Theo sổ tay, hợp đồng lao động có thể được giao kết bằng lời nói trong trường hợp nào? | D22: Theo tài liệu, giao kết bằng lời nói áp dụng với công việc tạm thời có thời hạn dưới 03 tháng. | E22: Căn cứ: phần “Phần I - Hợp đồng lao động”, trang 11. Nội dung được tài liệu xác nhận: Theo tài liệu, giao kết bằng lời nói áp dụng với công việc tạm thời có thời hạn dưới 03 tháng. | F22: 11 | G22: Phần I - Hợp đồng lao động | H22: lời nói | tạm thời | dưới 03 tháng | I22: Easy | J22: Single Chunk | K22: Yes | L22: Answer from document | N22: so-tay-kien-thuc-phap-luat-lao-dong-cdi | O22: Theo tài liệu được cung cấp, việc giao kết hợp đồng lao động bằng lời nói chỉ được áp dụng trong trường hợp làm công việc tạm thời có thời hạn dưới 03 tháng [SOURCE_1], [SOURCE_2]. | P22: [SOURCE_1] so-tay-kien-thuc-phap-luat-lao-dong-cdi | tr.11 | Trả lời: | 0.9907 [SOURCE_2] so-tay-kien-thuc-phap-luat-lao-dong-cdi | tr.49 | Trả lời: | 0.9852 | Q22: [SOURCE_1] so-tay-kien-thuc-phap-luat-lao-dong-cdi | tr.11 | Trả lời: | 0.9907 [SOURCE_2] so-tay-kien-thuc-phap-luat-lao-dong-cdi | tr.49 | Trả lời: | 0.9852 [SOURCE_3] Văn-bản-hợp-nhất-18-VBHN-VPQH | tr.7 | Điều 14. Hình thức hợp đồng lao động | 0.9647 [SOURCE_4] giao trinh Luat lao dong CB 2005 (1) | tr.36 | b. Hình thức của hợp đồng lao động | 0.9553 [SOURCE_5] so-tay-kien-thuc-phap-luat-lao-dong-cdi | tr.6 | Mục lục > KIẾN THỨC VỀ PHÁP LUẬT LAO ĐỘNG | 0.7975 | R22: gemini-3.5-flash-lite | S22: 16 | T22: 1 | U22: 1 | V22: Yes | W22: Yes | X22: PASS | Z22: PASS | AA22: =IF(Z22="",X22,Z22) | AC22: [AI] Đồng ý với chấm tự động
A23: LAW_B_002 | B23: Concept | C23: Vì sao sổ tay khuyến nghị nên ký hợp đồng lao động? | D23: Vì hợp đồng thể hiện thỏa thuận về công việc, lương, điều kiện làm việc, quyền và nghĩa vụ và là căn cứ xem xét khi phát sinh tranh chấp. | E23: Căn cứ: phần “Phần I - Hợp đồng lao động” Nội dung được tài liệu xác nhận: Vì hợp đồng thể hiện thỏa thuận về công việc, lương, điều kiện làm việc, quyền và nghĩa vụ và là căn cứ xem xét khi phát sinh tranh chấp. | G23: Phần I - Hợp đồng lao động | H23: thỏa thuận | căn cứ | tranh chấp | I23: Easy | J23: Single Chunk | K23: Yes | L23: Answer from document | N23: so-tay-kien-thuc-phap-luat-lao-dong-cdi | O23: Dựa trên tài liệu được cung cấp, sổ tay khuyến nghị việc ký kết hợp đồng lao động vì những lý do sau: * **Đối với người lao động:** Nhằm đảm bảo quyền lợi của họ, đồng thời là căn cứ để hạn chế việc người sử dụng lao động bóc lột, đánh đập hoặc vi phạm quyền lợi của người lao động [SOURCE_1]. * **Đối với người sử dụng lao động:** Hợp đồng lao động là căn cứ để quản lý người lao động và chỉ rõ nghĩa vụ của người lao động đối với người sử dụng lao động [SOURCE_1]. * **Đối với cả hai bên:** Việc thực hiện tốt các nguyên tắc của hợp đồng giúp các bên đảm bảo được quyền và nghĩa vụ của mình, từ đó tránh xảy ra tranh chấp, kiện tụng ảnh hưởng đến việc làm của cả hai bên [SOURCE_1]. | P23: [SOURCE_1] so-tay-kien-thuc-phap-luat-lao-dong-cdi | tr.12 | Trả lời: | 0.466 | Q23: [SOURCE_1] so-tay-kien-thuc-phap-luat-lao-dong-cdi | tr.12 | Trả lời: | 0.466 | R23: gemini-3.5-flash-lite | S23: 22.8 | T23: 0.66666667 | U23: 0.6 | V23: Yes | W23: n/a | X23: PARTIAL | Y23: Thiếu từ khóa (67%) | Z23: PARTIAL | AA23: =IF(Z23="",X23,Z23) | AC23: [AI] Đúng tài liệu (sổ tay tr.12) nhưng thiếu ý 'căn cứ xem xét khi tranh chấp'
A24: LAW_B_003 | B24: Direct Fact | C24: Sổ tay có đề cập nội dung “khi nào được ký HĐLĐ không xác định thời hạn” ở phần nào? | D24: Nội dung này nằm trong Phần I - Hợp đồng lao động. | E24: Căn cứ: phần “Phần I - Hợp đồng lao động”, trang 6. Nội dung được tài liệu xác nhận: Nội dung này nằm trong Phần I - Hợp đồng lao động. | F24: 6 | G24: Phần I - Hợp đồng lao động | H24: HĐLĐ không xác định thời hạn | I24: Easy | J24: Single Chunk | K24: Yes | L24: Answer from document | N24: so-tay-kien-thuc-phap-luat-lao-dong-cdi | O24: Dựa trên tài liệu được cung cấp, nội dung liên quan đến việc khi nào hợp đồng lao động trở thành hoặc phải ký kết hợp đồng lao động không xác định thời hạn được đề cập tại các phần sau: * **Phần (b) của Mục "5. Gia hạn HĐLĐ":** Khi hợp đồng lao động xác định thời hạn đầu tiên kết thúc, người sử dụng lao động chỉ có thể ký thêm một hợp đồng lao động xác định thời hạn nữa và sau đó phải ký hợp đồng lao động không xác định thời hạn với người lao động [SOURCE_1]. * **Phần "Điều 20. Loại hợp đồng lao động":** Kể từ ngày hợp đồng lao động hết hạn mà hai bên không ký kết hợp đồng lao động mới thì hợp đồng đã giao kết theo điểm b khoản này trở thành hợp đồng lao động không xác định thời hạn; hoặc trường hợp hai bên ký kết hợp đồng lao động mới là hợp đồng lao động xác định thời hạn thì cũng chỉ được ký thêm 01 lần, sau đó nếu người lao động vẫn tiếp tục làm việc thì phải ký kết hợp đồng lao động không xác định thời hạn (trừ một số trường hợp ngoại lệ pháp luật quy định) [SOURCE_3]. * **Phần "Trả lời:":** Có hai trường hợp chuyển từ xác định thời hạn sang không xác định thời hạn: (1) Hết hạn hợp đồng xác định thời hạn sau 30 ngày mà hai bên không ký hợp đồng lao động mới thì hợp đồng đã giao kết trở thành hợp đồng lao động không xác định thời hạn; hoặc (2) Trường hợp hai bên ký kết hợp đồng lao động mới là hợp đồng xác định thời hạn thì cũng chỉ được ký thêm 01 lần, sau đó nếu người lao động vẫn tiếp tục làm việc thì phải ký kết hợp đồng lao động không xác định thời hạn [SOURCE_4]. * **Phần "Điều 22. Loại hợp đồng lao động":** Khi hợp đồng lao động quy định tại điểm b và điểm c khoản 1 Điều này hết hạn mà người lao động vẫn tiếp tục làm việc thì trong thời hạn 30 ngày, kể từ ngày hợp đồng lao động hết hạn, hai bên phải ký kết hợp đồng lao động mới; nếu không ký kết thì hợp đồng theo điểm b trở thành hợp đồng không xác định thời hạn. Đồng thời, trường hợp hai bên ký kết hợp đồng lao động mới là hợp đồng xác định thời hạn thì cũng chỉ được ký thêm 01 lần, sau đó nếu người lao động vẫn tiếp tục làm việc thì phải ký kết hợp đồng lao động không xác định thời hạn [SOURCE_5]. | P24: [SOURCE_1] ILO-VCCI_Labour-Law-Guide-Book-V04-Final | tr.18 | 5. Gia hạn HĐLĐ | 0.8821 [SOURCE_3] Văn-bản-hợp-nhất-18-VBHN-VPQH | tr.9 | Điều 20. Loại hợp đồng lao động | 0.8088 [SOURCE_4] so-tay-kien-thuc-phap-luat-lao-dong-cdi | tr.13 | Trả lời: | 0.8098 [SOURCE_5] luu-ban-nhap-tu-dong-3-4 | tr.76 | Điều 22. Loại hợp đồng lao động | 0.7937 | Q24: [SOURCE_1] ILO-VCCI_Labour-Law-Guide-Book-V04-Final | tr.18 | 5. Gia hạn HĐLĐ | 0.8821 [SOURCE_2] ILO-VCCI_Labour-Law-Guide-Book-V04-Final | tr.19 | (a) Đối với người lao động cao tuổi: | 0.8691 [SOURCE_3] Văn-bản-hợp-nhất-18-VBHN-VPQH | tr.9 | Điều 20. Loại hợp đồng lao động | 0.8088 [SOURCE_4] so-tay-kien-thuc-phap-luat-lao-dong-cdi | tr.13 | Trả lời: | 0.8098 [SOURCE_5] luu-ban-nhap-tu-dong-3-4 | tr.76 | Điều 22. Loại hợp đồng lao động | 0.7937 | R24: gemini-3.5-flash-lite | S24: 18 | T24: 1 | U24: 0.875 | V24: Yes | W24: No | X24: PASS | Y24: Không trích đúng trang 6 (±1) | Z24: FAIL | AA24: =IF(Z24="",X24,Z24) | AB24: DEF-02 | AC24: [AI] PASS oan của scorer: không nêu 'Phần I - Hợp đồng lao động', trả lời bằng mục của cẩm nang ILO và Điều 20
A25: LAW_B_004 | B25: Direct Fact | C25: Sổ tay xếp quy định về thử việc vào nhóm nội dung nào? | D25: Thuộc Phần I - Hợp đồng lao động. | E25: Căn cứ: phần “Phần I - Hợp đồng lao động”, trang 6. Nội dung được tài liệu xác nhận: Thuộc Phần I - Hợp đồng lao động. | F25: 6 | G25: Phần I - Hợp đồng lao động | H25: thử việc | hợp đồng lao động | I25: Easy | J25: Single Chunk | K25: Yes | L25: Answer from document | N25: so-tay-kien-thuc-phap-luat-lao-dong-cdi | O25: Dựa trên tài liệu được cung cấp, tôi không tìm thấy thông tin để trả lời câu hỏi này. | Q25: [SOURCE_1] luu-ban-nhap-tu-dong-3-4 | tr.77 | Điều 26. Thử việc | 0.4688 [SOURCE_2] Văn-bản-hợp-nhất-18-VBHN-VPQH | tr.11 | Điều 24. Thử việc | 0.3633 [SOURCE_3] ILO-VCCI_Labour-Law-Guide-Book-V04-Final | tr.14 | 3. Hình thức của thỏa thuận thử việc | 0.4043 | R25: gemini-3.5-flash-lite | S25: 22.2 | T25: 0 | U25: 0 | V25: No | W25: No | X25: FAIL | Y25: Từ chối trả lời dù câu hỏi có đáp án | Z25: FAIL | AA25: =IF(Z25="",X25,Z25) | AB25: DEF-02 | AC25: [AI] Từ chối câu hỏi điều hướng (Phần I)
A26: LAW_B_005 | B26: Direct Fact | C26: Sổ tay xếp trả tiền lương làm thêm giờ vào phần nào? | D26: Thuộc Phần II - Tiền lương. | E26: Căn cứ: phần “Phần II - Tiền lương”, trang 6. Nội dung được tài liệu xác nhận: Thuộc Phần II - Tiền lương. | F26: 6 | G26: Phần II - Tiền lương | H26: làm thêm giờ | tiền lương | I26: Easy | J26: Single Chunk | K26: Yes | L26: Answer from document | N26: so-tay-kien-thuc-phap-luat-lao-dong-cdi | O26: Dựa trên tài liệu được cung cấp, sổ tay xếp việc trả tiền lương làm thêm giờ vào **PHẦN II TIỀN LƯƠNG** [SOURCE_1]. | P26: [SOURCE_1] so-tay-kien-thuc-phap-luat-lao-dong-cdi | tr.17 | PHẦN II TIỀN LƯƠNG > Trả tiền lương làm thêm giờ. @ | 0.8177 | Q26: [SOURCE_1] so-tay-kien-thuc-phap-luat-lao-dong-cdi | tr.17 | PHẦN II TIỀN LƯƠNG > Trả tiền lương làm thêm giờ. @ | 0.8177 [SOURCE_2] giao trinh Luat lao dong CB 2005 (1) | tr.59 | 4. Trả lương khi làm thêm giờ | 0.7052 [SOURCE_3] ILO-VCCI_Labour-Law-Guide-Book-V04-Final | tr.100 | 1. Tiền lương làm thêm giờ225 > (a) Đối với NLĐ hưởng lương | 0.5308 [SOURCE_4] ILO-VCCI_Labour-Law-Guide-Book-V04-Final | tr.100 | 1. Tiền lương làm thêm giờ225 > (a) Đối với NLĐ hưởng lương | 0.5054 [SOURCE_5] ILO-VCCI_Labour-Law-Guide-Book-V04-Final | tr.99 | IV. TIỀN LƯƠNG LÀM THÊM GIỜ, LÀM VIỆC VÀO BAN ĐÊM | 0.4686 | R26: gemini-3.5-flash-lite | S26: 17.2 | T26: 1 | U26: 0.8 | V26: Yes | W26: No | X26: PASS | Y26: Không trích đúng trang 6 (±1) | Z26: PASS | AA26: =IF(Z26="",X26,Z26) | AC26: [AI] Đồng ý với chấm tự động
A27: LAW_B_006 | B27: Direct Fact | C27: Sổ tay xếp nghỉ giữa giờ, nghỉ phép và nghỉ việc riêng vào phần nào? | D27: Thuộc Phần III - Thời gian làm việc và nghỉ ngơi. | E27: Căn cứ: phần “Phần III - Thời gian làm việc và nghỉ ngơi”, trang 6. Nội dung được tài liệu xác nhận: Thuộc Phần III - Thời gian làm việc và nghỉ ngơi. | F27: 6 | G27: Phần III - Thời gian làm việc và nghỉ ngơi | H27: nghỉ giữa giờ | nghỉ phép | nghỉ việc riêng | I27: Easy | J27: Single Chunk | K27: Yes | L27: Answer from document | N27: so-tay-kien-thuc-phap-luat-lao-dong-cdi | O27: Dựa trên tài liệu được cung cấp, tôi không tìm thấy thông tin để trả lời câu hỏi này. | R27: (no LLM call: early exit) | S27: 13.7 | T27: 0 | U27: 0 | V27: No | W27: No | X27: FAIL | Y27: Từ chối trả lời dù câu hỏi có đáp án | Z27: FAIL | AA27: =IF(Z27="",X27,Z27) | AB27: DEF-02 | AC27: [AI] Từ chối câu hỏi điều hướng (Phần III)
A28: LAW_B_007 | B28: Direct Fact | C28: Sổ tay xếp tai nạn lao động và bệnh nghề nghiệp vào phần nào? | D28: Thuộc Phần IV - An toàn lao động. | E28: Căn cứ: phần “Phần IV - An toàn lao động”, trang 6. Nội dung được tài liệu xác nhận: Thuộc Phần IV - An toàn lao động. | F28: 6 | G28: Phần IV - An toàn lao động | H28: an toàn lao động | tai nạn | bệnh nghề nghiệp | I28: Easy | J28: Single Chunk | K28: Yes | L28: Answer from document | N28: so-tay-kien-thuc-phap-luat-lao-dong-cdi | O28: Dựa trên tài liệu được cung cấp, tôi không tìm thấy thông tin để trả lời câu hỏi này. | Q28: [SOURCE_1] giao trinh Luat lao dong CB 2005 (1) | tr.112 | V. TAI NẠN LAO ĐỘNG VÀ BỆNH NGHỀ NGHIỆP > 1- Khái niệm tai n | 0.8539 [SOURCE_2] luu-ban-nhap-tu-dong-3-4 | tr.142 | Điều 2. Đối tượng áp dụng | 0.7808 [SOURCE_3] luu-ban-nhap-tu-dong-3-4 | tr.112 | Điều 142. Tai nạn lao động | 0.7273 [SOURCE_4] giao trinh Luat lao dong CB 2005 (1) | tr.113 | 2. Trách nhiệm của người sử dụng lao động khi tai nạn lao độ | 0.6928 [SOURCE_5] luu-ban-nhap-tu-dong-3-4 | tr.161 | Điều 38. Trách nhiệm của người sử dụng lao động đối với ngườ | 0.6555 | R28: gemini-3.5-flash-lite | S28: 18.4 | T28: 0 | U28: 0 | V28: No | W28: No | X28: FAIL | Y28: Từ chối trả lời dù câu hỏi có đáp án | Z28: FAIL | AA28: =IF(Z28="",X28,Z28) | AB28: DEF-02 | AC28: [AI] Từ chối câu hỏi điều hướng (Phần IV)
A29: LAW_B_008 | B29: Scenario-based | C29: Một người làm việc tạm thời 2 tháng, hai bên chỉ thỏa thuận miệng về lương và an toàn lao động. Theo tình huống trong sổ tay, có được coi là đã giao kết HĐLĐ không? | D29: Có. Tài liệu kết luận trường hợp làm tạm thời 2 tháng thuộc trường hợp có thể giao kết bằng lời nói theo quy định mà sổ tay viện dẫn. | E29: Căn cứ: phần “Phần I - Hợp đồng lao động” Nội dung được tài liệu xác nhận: Có. Tài liệu kết luận trường hợp làm tạm thời 2 tháng thuộc trường hợp có thể giao kết bằng lời nói theo quy định mà sổ tay viện dẫn. | G29: Phần I - Hợp đồng lao động | H29: 2 tháng | lời nói | giao kết HĐLĐ | I29: Medium | J29: Single Chunk | K29: Yes | L29: Answer from document | N29: so-tay-kien-thuc-phap-luat-lao-dong-cdi | O29: Theo tình huống trong tài liệu, việc giao kết hợp đồng lao động bằng lời nói (thỏa thuận miệng) đối với trường hợp làm công việc tạm thời có thời hạn dưới 03 tháng được pháp luật cho phép [SOURCE_1], [SOURCE_2], [SOURCE_3], [SOURCE_4]. Do đó, trường hợp này được coi là đã giao kết hợp đồng lao động [SOURCE_1]. | P29: [SOURCE_1] so-tay-kien-thuc-phap-luat-lao-dong-cdi | tr.11 | Trả lời: | 0.9955 [SOURCE_2] so-tay-kien-thuc-phap-luat-lao-dong-cdi | tr.11 | Thỏa thuận bằng lời nói có được coi là giao kết hợp đồng lao | 0.9942 [SOURCE_3] giao trinh Luat lao dong CB 2005 (1) | tr.36 | b. Hình thức của hợp đồng lao động | 0.7948 [SOURCE_4] luu-ban-nhap-tu-dong-3-4 | tr.74 | Điều 16. Hình thức hợp đồng lao động | 0.6229 | Q29: [SOURCE_1] so-tay-kien-thuc-phap-luat-lao-dong-cdi | tr.11 | Trả lời: | 0.9955 [SOURCE_2] so-tay-kien-thuc-phap-luat-lao-dong-cdi | tr.11 | Thỏa thuận bằng lời nói có được coi là giao kết hợp đồng lao | 0.9942 [SOURCE_3] giao trinh Luat lao dong CB 2005 (1) | tr.36 | b. Hình thức của hợp đồng lao động | 0.7948 [SOURCE_4] luu-ban-nhap-tu-dong-3-4 | tr.74 | Điều 16. Hình thức hợp đồng lao động | 0.6229 [SOURCE_5] so-tay-kien-thuc-phap-luat-lao-dong-cdi | tr.49 | Trả lời: | 0.5987 | R29: gemini-3.5-flash-lite | S29: 19.4 | T29: 0.66666667 | U29: 0.60869565 | V29: Yes | W29: n/a | X29: PARTIAL | Y29: Thiếu từ khóa (67%) | Z29: PASS | AA29: =IF(Z29="",X29,Z29) | AC29: [AI] Kết luận đúng 'được coi là đã giao kết'
A30: LAW_B_009 | B30: Concept | C30: Hợp đồng lao động có ý nghĩa gì khi xảy ra tranh chấp theo sổ tay? | D30: Là căn cứ thể hiện các thỏa thuận của các bên để xem xét quyền, nghĩa vụ và giải quyết tranh chấp. | E30: Căn cứ: phần “Phần I - Hợp đồng lao động” Nội dung được tài liệu xác nhận: Là căn cứ thể hiện các thỏa thuận của các bên để xem xét quyền, nghĩa vụ và giải quyết tranh chấp. | G30: Phần I - Hợp đồng lao động | H30: căn cứ | quyền nghĩa vụ | tranh chấp | I30: Medium | J30: Single Chunk | K30: Yes | L30: Answer from document | N30: so-tay-kien-thuc-phap-luat-lao-dong-cdi | O30: Theo tài liệu cung cấp, trong quan hệ lao động, hợp đồng là văn bản thể hiện sự thỏa thuận của các bên về công việc, lương, điều kiện làm việc, quyền và nghĩa vụ, do đó đây chính là căn cứ để xem xét nếu xảy ra tranh chấp giữa các bên [SOURCE_1]. Việc thực hiện tốt các nguyên tắc của hợp đồng lao động giúp các bên đảm bảo được quyền và nghĩa vụ của mình, tránh xảy ra tranh chấp và kiện tụng ảnh hưởng đến việc làm của cả hai bên [SOURCE_1]. | P30: [SOURCE_1] so-tay-kien-thuc-phap-luat-lao-dong-cdi | tr.11 | Trả lời: | 0.9626 | Q30: [SOURCE_1] so-tay-kien-thuc-phap-luat-lao-dong-cdi | tr.11 | Trả lời: | 0.9626 [SOURCE_2] giao trinh Luat lao dong CB 2005 (1) | tr.33 | 1. Khái niệm, đối tượng áp dụng và các nguyên tắc của hợp đồ | 0.8156 [SOURCE_3] giao trinh Luat lao dong CB 2005 (1) | tr.51 | c. Nguyên tắc công khai | 0.553 [SOURCE_4] giao trinh Luat lao dong CB 2005 (1) | tr.49 | 4. Ý nghĩa của thỏa ước lao động tập thể | 0.4473 [SOURCE_5] giao trinh Luat lao dong CB 2005 (1) | tr.193 | I. TRANH CHẤP LAO ĐỘNG VÀ CƠ QUAN, TỔ CHỨC CÓ THẨM QUYỀN GIẢ | 0.3644 | R30: gemini-3.5-flash-lite | S30: 16.9 | T30: 1 | U30: 0.875 | V30: Yes | W30: n/a | X30: PASS | Z30: PASS | AA30: =IF(Z30="",X30,Z30) | AC30: [AI] Đồng ý với chấm tự động
A31: LAW_B_010 | B31: Navigation | C31: Muốn tìm câu trả lời về việc công ty có được giữ văn bằng gốc của NLĐ hay không, cần truy xuất phần nào của sổ tay? | D31: Phần VIII - Khiếu nại, khiếu kiện về lao động. | E31: Căn cứ: phần “Phần VIII - Khiếu nại, khiếu kiện”, trang 7. Nội dung được tài liệu xác nhận: Phần VIII - Khiếu nại, khiếu kiện về lao động. | F31: 7 | G31: Phần VIII - Khiếu nại, khiếu kiện | H31: văn bằng gốc | khiếu nại | khiếu kiện | I31: Medium | J31: Single Chunk | K31: Yes | L31: Answer from document | N31: so-tay-kien-thuc-phap-luat-lao-dong-cdi | O31: Dựa trên tài liệu được cung cấp, để tìm nội dung về việc công ty có được giữ văn bằng gốc của người lao động hay không, bạn cần truy xuất đến phần: **"Công ty có quyền giữ văn bằng gốc hay không?"** (nằm ở trang 49 của sổ tay) [SOURCE_1]. | P31: [SOURCE_1] so-tay-kien-thuc-phap-luat-lao-dong-cdi | tr.49 | Công ty có quyền giữ văn bằng gốc hay không? @ | 0.3578 | Q31: [SOURCE_1] so-tay-kien-thuc-phap-luat-lao-dong-cdi | tr.49 | Công ty có quyền giữ văn bằng gốc hay không? @ | 0.3578 | R31: gemini-3.5-flash-lite | S31: 17.2 | T31: 0.33333333 | U31: 0.375 | V31: Yes | W31: No | X31: PARTIAL | Y31: Thiếu từ khóa (33%); Ít khớp Expected Answer (38%); Không trích đúng trang 7 (±1) | Z31: PARTIAL | AA31: =IF(Z31="",X31,Z31) | AB31: DEF-02 | AC31: [AI] Chỉ tới câu hỏi tr.49 nhưng không nêu 'Phần VIII'
A32: LAW_B_011 | B32: Navigation | C32: Muốn tìm quy trình tiến hành đình công và tiền lương trong ngày đình công, cần truy xuất phần nào? | D32: Phần VII - Đình công. | E32: Căn cứ: phần “Phần VII - Đình công”, trang 7. Nội dung được tài liệu xác nhận: Phần VII - Đình công. | F32: 7 | G32: Phần VII - Đình công | H32: đình công | trình tự | tiền lương | I32: Medium | J32: Single Chunk | K32: Yes | L32: Answer from document | N32: so-tay-kien-thuc-phap-luat-lao-dong-cdi | O32: Dựa trên tài liệu được cung cấp, để tìm quy trình tiến hành đình công, bạn cần truy xuất các phần sau: - Trình tự đình công theo Điều 200 (bao gồm lấy ý kiến, ra quyết định và thông báo đình công, tiến hành đình công) [SOURCE_1]. - Trình tự, thủ tục tiến hành đình công (cụ thể về việc thông báo việc đình công, các yêu cầu khi gửi bản thông báo và những điều lưu ý trước, trong, sau khi đình công) [SOURCE_2]. Dựa trên tài liệu được cung cấp, tôi không tìm thấy thông tin về tiền lương trong ngày đình công. | P32: [SOURCE_1] Văn-bản-hợp-nhất-18-VBHN-VPQH | tr.76 | Điều 200. Trình tự đình công | 0.4017 [SOURCE_2] giao trinh Luat lao dong CB 2005 (1) | tr.206 | 2. Trình tự, thủ tục tiến hành đình công | 0.393 | Q32: [SOURCE_1] Văn-bản-hợp-nhất-18-VBHN-VPQH | tr.76 | Điều 200. Trình tự đình công | 0.4017 [SOURCE_2] giao trinh Luat lao dong CB 2005 (1) | tr.206 | 2. Trình tự, thủ tục tiến hành đình công | 0.393 | R32: gemini-3.5-flash-lite | S32: 14.1 | T32: 1 | U32: 0.75 | V32: No | W32: No | X32: PARTIAL | Y32: Không trích tài liệu mong đợi (không có trong ngữ cảnh); Không trích đúng trang 7 (±1) | Z32: FAIL | AA32: =IF(Z32="",X32,Z32) | AB32: DEF-02 | AC32: [AI] Không nêu 'Phần VII - Đình công'; trả lời bằng Điều 200 VBHN và giáo trình
A33: LAW_B_012 | B33: Navigation | C33: Câu hỏi về quyền lợi của phụ nữ mang thai và chế độ nghỉ thai sản nằm ở phần nào? | D33: Phần VI - Chế độ đối với lao động nữ. | E33: Căn cứ: phần “Phần VI - Lao động nữ”, trang 7. Nội dung được tài liệu xác nhận: Phần VI - Chế độ đối với lao động nữ. | F33: 7 | G33: Phần VI - Lao động nữ | H33: mang thai | thai sản | lao động nữ | I33: Medium | J33: Single Chunk | K33: Yes | L33: Answer from document | N33: so-tay-kien-thuc-phap-luat-lao-dong-cdi | O33: Dựa trên tài liệu được cung cấp, thông tin về quyền lợi của phụ nữ khi mang thai và nuôi con nhỏ nằm ở **Phần VI: Chế độ đối vối lao động nữ** (với câu hỏi "Quyền lợi của phụ nữ khi mang thai và nuôi con nhỏ như thế nào?") [SOURCE_1]. Bên cạnh đó, các nội dung liên quan đến chế độ thai sản còn nằm ở **Điều 7. Chế độ thai sản** [SOURCE_2], **Điều 155. Bảo vệ thai sản đối với lao động nữ** [SOURCE_3], **Điều 35. Chế độ thai sản của lao động nữ mang thai hộ và người mẹ nhờ mang thai hộ** [SOURCE_4], và **Điều 139. Nghỉ thai sản** [SOURCE_5]. | P33: [SOURCE_1] so-tay-kien-thuc-phap-luat-lao-dong-cdi | tr.37 | PHẦN VI CHẾ ĐỘ ĐỐI VỚI LAO ĐỘNG NỮ > Quyền lợi của phụ nữ kh | 0.8872 [SOURCE_2] luu-ban-nhap-tu-dong-3-4 | tr.439 | Điều 7. Chế độ thai sản | 0.6854 [SOURCE_3] luu-ban-nhap-tu-dong-3-4 | tr.116 | Điều 155. Bảo vệ thai sản đối với lao động nữ | 0.6805 [SOURCE_4] luu-ban-nhap-tu-dong-3-4 | tr.231 | Điều 35. Chế độ thai sản của lao động nữ mang thai hộ và ngư | 0.5607 [SOURCE_5] Văn-bản-hợp-nhất-18-VBHN-VPQH | tr.52 | Điều 139. Nghỉ thai sản | 0.5334 | Q33: [SOURCE_1] so-tay-kien-thuc-phap-luat-lao-dong-cdi | tr.37 | PHẦN VI CHẾ ĐỘ ĐỐI VỚI LAO ĐỘNG NỮ > Quyền lợi của phụ nữ kh | 0.8872 [SOURCE_2] luu-ban-nhap-tu-dong-3-4 | tr.439 | Điều 7. Chế độ thai sản | 0.6854 [SOURCE_3] luu-ban-nhap-tu-dong-3-4 | tr.116 | Điều 155. Bảo vệ thai sản đối với lao động nữ | 0.6805 [SOURCE_4] luu-ban-nhap-tu-dong-3-4 | tr.231 | Điều 35. Chế độ thai sản của lao động nữ mang thai hộ và ngư | 0.5607 [SOURCE_5] Văn-bản-hợp-nhất-18-VBHN-VPQH | tr.52 | Điều 139. Nghỉ thai sản | 0.5334 | R33: gemini-3.5-flash-lite | S33: 13.2 | T33: 1 | U33: 1 | V33: Yes | W33: No | X33: PASS | Y33: Không trích đúng trang 7 (±1) | Z33: PASS | AA33: =IF(Z33="",X33,Z33) | AC33: [AI] Đồng ý với chấm tự động
A34: LAW_B_013 | B34: Navigation | C34: Câu hỏi về sa thải trái pháp luật và trách nhiệm của NSDLĐ khi sa thải trái pháp luật nằm ở đâu? | D34: Phần V - Kỷ luật lao động. | E34: Căn cứ: phần “Phần V - Kỷ luật lao động”, trang 7. Nội dung được tài liệu xác nhận: Phần V - Kỷ luật lao động. | F34: 7 | G34: Phần V - Kỷ luật lao động | H34: sa thải trái pháp luật | trách nhiệm NSDLĐ | I34: Medium | J34: Single Chunk | K34: Yes | L34: Answer from document | N34: so-tay-kien-thuc-phap-luat-lao-dong-cdi | O34: Dựa trên tài liệu được cung cấp, nội dung về trách nhiệm của người sử dụng lao động khi sa thải trái pháp luật nằm ở phần **"Trách nhiệm của người sử dụng lao động khi sa thải trái pháp luật?"** tại trang 34 của tài liệu *so-tay-kien-thuc-phap-luat-lao-dong-cdi.pdf* [SOURCE_3]. Ngoài ra, các quy định liên quan đến nghĩa vụ của người sử dụng lao động trong trường hợp kỷ luật lao động bằng hình thức sa thải trái pháp luật cũng được đề cập tại Điều 33 về khiếu nại về kỷ luật lao động, trách nhiệm vật chất (trang 429) [SOURCE_5]. | P34: [SOURCE_3] so-tay-kien-thuc-phap-luat-lao-dong-cdi | tr.34 | Trách nhiệm của người sử dụng lao động khi sa thải trái pháp | 0.7922 [SOURCE_5] luu-ban-nhap-tu-dong-3-4 | tr.429 | Điều 33. Khiếu nại về kỷ luật lao động, trách nhiệm vật chất | 0.6692 | Q34: [SOURCE_1] ILO-VCCI_Labour-Law-Guide-Book-V04-Final | tr.47 | 1. NSDLĐ đơn phương chấm dứt HĐLĐ trái pháp luật > (a) Trách | 0.9531 [SOURCE_2] ILO-VCCI_Labour-Law-Guide-Book-V04-Final | tr.46 | 1. NSDLĐ đơn phương chấm dứt HĐLĐ trái pháp luật > (a) Trách | 0.9454 [SOURCE_3] so-tay-kien-thuc-phap-luat-lao-dong-cdi | tr.34 | Trách nhiệm của người sử dụng lao động khi sa thải trái pháp | 0.7922 [SOURCE_4] ILO-VCCI_Labour-Law-Guide-Book-V04-Final | tr.6 | MỤC LỤC | 0.7576 [SOURCE_5] luu-ban-nhap-tu-dong-3-4 | tr.429 | Điều 33. Khiếu nại về kỷ luật lao động, trách nhiệm vật chất | 0.6692 | R34: gemini-3.5-flash-lite | S34: 20.5 | T34: 0.5 | U34: 1 | V34: Yes | W34: No | X34: PARTIAL | Y34: Thiếu từ khóa (50%); Không trích đúng trang 7 (±1) | Z34: PARTIAL | AA34: =IF(Z34="",X34,Z34) | AB34: DEF-02 | AC34: [AI] Chỉ tới câu hỏi tr.34 nhưng không nêu 'Phần V'
A35: LAW_B_014 | B35: Navigation | C35: Nếu NLĐ làm mất tài sản của doanh nghiệp, sổ tay định hướng tra cứu nội dung nào? | D35: Tra cứu câu hỏi “Bồi thường thiệt hại do làm mất tài sản?” trong Phần V - Kỷ luật lao động. | E35: Căn cứ: phần “Phần V - Kỷ luật lao động”, trang 7. Nội dung được tài liệu xác nhận: Tra cứu câu hỏi “Bồi thường thiệt hại do làm mất tài sản?” trong Phần V - Kỷ luật lao động. | F35: 7 | G35: Phần V - Kỷ luật lao động | H35: bồi thường | mất tài sản | kỷ luật | I35: Medium | J35: Single Chunk | K35: Yes | L35: Answer from document | N35: so-tay-kien-thuc-phap-luat-lao-dong-cdi | O35: Dựa trên tài liệu được cung cấp, tôi không tìm thấy thông tin để trả lời câu hỏi này. | R35: (no LLM call: early exit) | S35: 16.5 | T35: 0 | U35: 0.11764706 | V35: No | W35: No | X35: FAIL | Y35: Từ chối trả lời dù câu hỏi có đáp án | Z35: FAIL | AA35: =IF(Z35="",X35,Z35) | AB35: DEF-02 | AC35: [AI] Từ chối câu hỏi điều hướng
A36: LAW_B_015 | B36: Multi-hop | C36: Một NLĐ vừa hỏi về nghỉ phép vừa hỏi về lương làm thêm giờ. RAG cần lấy tối thiểu từ những phần nào của sổ tay? | D36: Ít nhất từ Phần II - Tiền lương (lương làm thêm giờ) và Phần III - Thời gian làm việc và nghỉ ngơi (nghỉ phép). | E36: Căn cứ: phần “Phần II + III”, trang 6. Nội dung được tài liệu xác nhận: Ít nhất từ Phần II - Tiền lương (lương làm thêm giờ) và Phần III - Thời gian làm việc và nghỉ ngơi (nghỉ phép). | F36: 6 | G36: Phần II + III | H36: tiền lương | làm thêm | nghỉ phép | I36: Hard | J36: Multiple Chunks | K36: Yes | L36: Answer from document | N36: so-tay-kien-thuc-phap-luat-lao-dong-cdi | O36: Dựa trên tài liệu được cung cấp, tôi không tìm thấy thông tin để trả lời câu hỏi này. | R36: (no LLM call: early exit) | S36: 25.1 | T36: 0 | U36: 0 | V36: No | W36: No | X36: FAIL | Y36: Từ chối trả lời dù câu hỏi có đáp án | Z36: FAIL | AA36: =IF(Z36="",X36,Z36) | AB36: DEF-03 | AC36: [AI] Từ chối câu hỏi gộp 2 chủ đề
A37: LAW_B_016 | B37: Multi-hop | C37: Một vụ việc có tai nạn lao động và sau đó phát sinh khiếu kiện. Để trả lời theo cấu trúc sổ tay, cần kết hợp những phần nào? | D37: Cần kết hợp Phần IV - An toàn lao động với Phần VIII - Khiếu nại, khiếu kiện về lao động. | E37: Căn cứ: phần “Phần IV + VIII”, trang 6. Nội dung được tài liệu xác nhận: Cần kết hợp Phần IV - An toàn lao động với Phần VIII - Khiếu nại, khiếu kiện về lao động. | F37: 6 | G37: Phần IV + VIII | H37: tai nạn lao động | khiếu nại | khiếu kiện | I37: Hard | J37: Multiple Chunks | K37: Yes | L37: Answer from document | N37: so-tay-kien-thuc-phap-luat-lao-dong-cdi | O37: Dựa trên tài liệu được cung cấp, tôi không tìm thấy thông tin để trả lời câu hỏi này. | R37: (no LLM call: early exit) | S37: 17.7 | T37: 0 | U37: 0 | V37: No | W37: No | X37: FAIL | Y37: Từ chối trả lời dù câu hỏi có đáp án | Z37: FAIL | AA37: =IF(Z37="",X37,Z37) | AB37: DEF-03 | AC37: [AI] Từ chối câu hỏi gộp 2 chủ đề
A38: LAW_B_017 | B38: False Premise | C38: “Mọi hợp đồng lao động đều bắt buộc phải lập thành văn bản” có phù hợp với nội dung sổ tay không? | D38: Không. Sổ tay nêu hai hình thức là văn bản và lời nói, trong đó lời nói được áp dụng cho công việc tạm thời dưới 03 tháng theo quy định mà tài liệu viện dẫn. | E38: Căn cứ: phần “Phần I - Hợp đồng lao động”, trang None. Nội dung được tài liệu xác nhận: Không. Sổ tay nêu hai hình thức là văn bản và lời nói, trong đó lời nói được áp dụng cho công việc tạm thời dưới 03 tháng theo quy định mà tài liệu viện dẫn. | G38: Phần I - Hợp đồng lao động | H38: văn bản | lời nói | dưới 03 tháng | I38: Hard | J38: Single Chunk | K38: Yes | L38: Answer from document | N38: so-tay-kien-thuc-phap-luat-lao-dong-cdi | O38: Dựa trên tài liệu được cung cấp, nhận định “Mọi hợp đồng lao động đều bắt buộc phải lập thành văn bản” là không hoàn toàn phù hợp với nội dung sổ tay [SOURCE_1]. Theo Luật Lao động 2012 (có hiệu lực từ 01/5/2013), mọi hợp đồng lao động phải được giao kết bằng văn bản, ngoại trừ trường hợp hợp đồng để làm các công việc tạm thời có thời hạn dưới 03 tháng thì có thể được giao kết bằng lời nói [SOURCE_1]. | P38: [SOURCE_1] so-tay-kien-thuc-phap-luat-lao-dong-cdi | tr.49 | Trả lời: | 0.606 | Q38: [SOURCE_1] so-tay-kien-thuc-phap-luat-lao-dong-cdi | tr.49 | Trả lời: | 0.606 [SOURCE_2] Văn-bản-hợp-nhất-18-VBHN-VPQH | tr.7 | Điều 14. Hình thức hợp đồng lao động | 0.44 [SOURCE_3] giao trinh Luat lao dong CB 2005 (1) | tr.36 | b. Hình thức của hợp đồng lao động | 0.375 | R38: gemini-3.5-flash-lite | S38: 19.5 | T38: 1 | U38: 0.64 | V38: Yes | W38: n/a | X38: PASS | Z38: PASS | AA38: =IF(Z38="",X38,Z38) | AC38: [AI] Kết luận đúng; faithfulness 0,67 vì câu 'không hoàn toàn phù hợp' diễn giải thêm
A39: LAW_B_018 | B39: Source-awareness | C39: Nếu người dùng hỏi pháp luật hiện hành 2026, RAG có nên trả lời trực tiếp theo ngưỡng “dưới 03 tháng” của sổ tay không? | D39: Không nên coi đó là quy định hiện hành chỉ dựa vào sổ tay này. Cần nêu đây là nội dung của tài liệu và ưu tiên/đối chiếu nguồn pháp luật cập nhật hơn nếu câu hỏi yêu cầu hiện hành. | E39: Căn cứ: phần “Phần I - Hợp đồng lao động”, trang 11. Nội dung được tài liệu xác nhận: Không nên coi đó là quy định hiện hành chỉ dựa vào sổ tay này. Cần nêu đây là nội dung của tài liệu và ưu tiên/đối chiếu nguồn pháp luật cập nhật hơn nếu câu hỏi yêu cầu hiện hành. | F39: 11 | G39: Phần I - Hợp đồng lao động | H39: nguồn cũ | thời điểm | quy định hiện hành | I39: Hard | J39: Multiple Chunks | K39: Yes | L39: Answer with temporal caveat | M39: Tests outdated-source handling. | N39: so-tay-kien-thuc-phap-luat-lao-dong-cdi | O39: Dựa trên tài liệu được cung cấp, tôi không tìm thấy thông tin để trả lời câu hỏi này. | R39: (no LLM call: early exit) | S39: 16.7 | T39: 0 | U39: 0.09375 | V39: No | W39: No | X39: FAIL | Y39: Từ chối trả lời dù câu hỏi có đáp án | Z39: FAIL | AA39: =IF(Z39="",X39,Z39) | AB39: DEF-04 | AC39: [AI] Từ chối; câu hỏi về hành vi RAG, cần SME xem lại thiết kế test
A40: LAW_B_019 | B40: Synthesis | C40: Sổ tay được thiết kế theo hình thức nào và điều đó có ý nghĩa gì cho RAG? | D40: Tài liệu được thiết kế dạng Hỏi - Đáp, với thông tin và giải thích ngắn gọn; các câu hỏi dựa trên tình huống thực tế. Với RAG, cấu trúc này phù hợp cho truy xuất theo câu hỏi/tình huống nhưng vẫn cần giữ đúng bối cảnh và thời điểm của nguồn. | E40: Căn cứ: phần “Giới thiệu”, trang 5. Nội dung được tài liệu xác nhận: Tài liệu được thiết kế dạng Hỏi - Đáp, với thông tin và giải thích ngắn gọn; các câu hỏi dựa trên tình huống thực tế. Với RAG, cấu trúc này phù hợp cho truy xuất theo câu hỏi/tình huống nhưng vẫn cần giữ đúng bối cảnh và thời điểm của nguồn. | F40: 5 | G40: Giới thiệu | H40: Hỏi-Đáp | tình huống thực tế | ngắn gọn | I40: Hard | J40: Single Chunk | K40: Yes | L40: Answer from document | N40: so-tay-kien-thuc-phap-luat-lao-dong-cdi | O40: Dựa trên tài liệu được cung cấp, tôi không tìm thấy thông tin để trả lời câu hỏi này. | R40: (no LLM call: early exit) | S40: 27.1 | T40: 0 | U40: 0.225 | V40: No | W40: No | X40: FAIL | Y40: Từ chối trả lời dù câu hỏi có đáp án | Z40: FAIL | AA40: =IF(Z40="",X40,Z40) | AB40: DEF-04 | AC40: [AI] Từ chối câu hỏi về hình thức tài liệu (Hỏi - Đáp)
A41: LAW_B_020 | B41: Synthesis | C41: Một chatbot nhận câu hỏi “bị sa thải khi đang mang thai thì quyền lợi thế nào?”. Theo mục lục sổ tay, retrieval nên mở rộng sang những nhóm nội dung nào? | D41: Nên truy xuất ít nhất Phần V - Kỷ luật lao động và Phần VI - Chế độ đối với lao động nữ; tùy câu hỏi về khiếu kiện có thể cần thêm Phần VIII. | E41: Căn cứ: phần “Phần V + VI (+ VIII)”, trang 7. Nội dung được tài liệu xác nhận: Nên truy xuất ít nhất Phần V - Kỷ luật lao động và Phần VI - Chế độ đối với lao động nữ; tùy câu hỏi về khiếu kiện có thể cần thêm Phần VIII. | F41: 7 | G41: Phần V + VI (+ VIII) | H41: sa thải | mang thai | lao động nữ | khiếu kiện | I41: Hard | J41: Multiple Chunks | K41: Yes | L41: Answer from document | N41: so-tay-kien-thuc-phap-luat-lao-dong-cdi | O41: Dựa trên tài liệu được cung cấp, tôi không tìm thấy thông tin để trả lời câu hỏi này. | R41: (no LLM call: early exit) | S41: 18.9 | T41: 0 | U41: 0.071428571 | V41: No | W41: No | X41: FAIL | Y41: Từ chối trả lời dù câu hỏi có đáp án | Z41: FAIL | AA41: =IF(Z41="",X41,Z41) | AB41: DEF-03 | AC41: [AI] Từ chối câu hỏi gộp nhiều phần
A42: LAW_C_001 | B42: Direct Fact | C42: Bộ tổng hợp văn bản được cập nhật đến thời điểm nào? | D42: Được cập nhật đến hết tháng 3/2020. | E42: Căn cứ: phần “Bìa”, trang 1. Nội dung được tài liệu xác nhận: Được cập nhật đến hết tháng 3/2020. | F42: 1 | G42: Bìa | H42: 03/2020 | cập nhật | I42: Easy | J42: Single Chunk | K42: Yes | L42: Answer from document | N42: luu-ban-nhap-tu-dong-3-4 | O42: Bộ tổng hợp văn bản được cập nhật đến hết tháng 3/2020 [SOURCE_1]. | P42: [SOURCE_1] luu-ban-nhap-tu-dong-3-4 | tr.1 | ĐƯỢC TỔNG HỢP BỞI LUẬT SƯ FDVN > TỔNG HỢP HỆ THỐNG VĂN BẢN P | 0.3582 | Q42: [SOURCE_1] luu-ban-nhap-tu-dong-3-4 | tr.1 | ĐƯỢC TỔNG HỢP BỞI LUẬT SƯ FDVN > TỔNG HỢP HỆ THỐNG VĂN BẢN P | 0.3582 | R42: gemini-3.5-flash-lite | S42: 15.5 | T42: 0.5 | U42: 1 | V42: Yes | W42: Yes | X42: PARTIAL | Y42: Thiếu từ khóa (50%) | Z42: PASS | AA42: =IF(Z42="",X42,Z42) | AC42: [AI] Đúng 'hết tháng 3/2020'; scorer chấm thiếu từ khóa oan
A43: LAW_C_002 | B43: Direct Fact | C43: Văn bản đầu tiên trong mục lục của bộ tổng hợp là văn bản nào? | D43: Bộ luật Lao động số 45/2019/QH14 ngày 20/11/2019. | E43: Căn cứ: phần “Mục lục”, trang 2. Nội dung được tài liệu xác nhận: Bộ luật Lao động số 45/2019/QH14 ngày 20/11/2019. | F43: 2 | G43: Mục lục | H43: 45/2019/QH14 | 20/11/2019 | I43: Easy | J43: Single Chunk | K43: Yes | L43: Answer from document | N43: luu-ban-nhap-tu-dong-3-4 | O43: Dựa trên tài liệu được cung cấp, tôi không tìm thấy thông tin để trả lời câu hỏi này. | R43: (no LLM call: early exit) | S43: 22.8 | T43: 0 | U43: 0 | V43: No | W43: No | X43: FAIL | Y43: Từ chối trả lời dù câu hỏi có đáp án | Z43: FAIL | AA43: =IF(Z43="",X43,Z43) | AB43: DEF-02 | AC43: [AI] Từ chối câu hỏi mục lục
A44: LAW_C_003 | B44: Direct Fact | C44: Bộ tổng hợp có chứa Luật An toàn, vệ sinh lao động không? | D44: Có. Mục lục liệt kê Luật An toàn, vệ sinh lao động số 84/2015/QH13. | E44: Căn cứ: phần “Mục lục”, trang 2. Nội dung được tài liệu xác nhận: Có. Mục lục liệt kê Luật An toàn, vệ sinh lao động số 84/2015/QH13. | F44: 2 | G44: Mục lục | H44: 84/2015/QH13 | an toàn vệ sinh lao động | I44: Easy | J44: Single Chunk | K44: Yes | L44: Answer from document | N44: luu-ban-nhap-tu-dong-3-4 | O44: Dựa trên tài liệu được cung cấp, tôi không tìm thấy thông tin để trả lời câu hỏi này. | Q44: [SOURCE_1] luu-ban-nhap-tu-dong-3-4 | tr.560 | ` Chương II AN TOAN LAO DONG, VỆ SINH LAO DONG > Mục i NHỮNG | 0.8496 [SOURCE_2] luu-ban-nhap-tu-dong-3-4 | tr.160 | Điều 36. Thống kê, báo cáo tai nạn lao động, sự cố kỹ thuật | 0.8397 [SOURCE_3] luu-ban-nhap-tu-dong-3-4 | tr.160 | Điều 36. Thống kê, báo cáo tai nạn lao động, sự cố kỹ thuật | 0.72 [SOURCE_4] luu-ban-nhap-tu-dong-3-4 | tr.177 | Điều 84. Trách nhiệm quản lý nhà nước về an toàn, vệ sinh la | 0.6968 [SOURCE_5] luu-ban-nhap-tu-dong-3-4 | tr.170 | Điều 65. An toàn, vệ sinh lao động trong trường hợp cho thuê | 0.5984 | R44: gemini-3.5-flash-lite | S44: 21.7 | T44: 0 | U44: 0 | V44: No | W44: No | X44: FAIL | Y44: Từ chối trả lời dù câu hỏi có đáp án | Z44: FAIL | AA44: =IF(Z44="",X44,Z44) | AB44: DEF-02 | AC44: [AI] Từ chối câu hỏi mục lục
A45: LAW_C_004 | B45: Direct Fact | C45: Bộ tổng hợp có chứa Luật Việc làm không? | D45: Có. Mục lục liệt kê Luật Việc làm số 38/2013/QH13. | E45: Căn cứ: phần “Mục lục”, trang 2. Nội dung được tài liệu xác nhận: Có. Mục lục liệt kê Luật Việc làm số 38/2013/QH13. | F45: 2 | G45: Mục lục | H45: 38/2013/QH13 | Luật việc làm | I45: Easy | J45: Single Chunk | K45: Yes | L45: Answer from document | N45: luu-ban-nhap-tu-dong-3-4 | O45: Dựa trên tài liệu được cung cấp, tôi không tìm thấy thông tin để trả lời câu hỏi này. | R45: (no LLM call: early exit) | S45: 26.8 | T45: 0 | U45: 0 | V45: No | W45: No | X45: FAIL | Y45: Từ chối trả lời dù câu hỏi có đáp án | Z45: FAIL | AA45: =IF(Z45="",X45,Z45) | AB45: DEF-02 | AC45: [AI] Từ chối câu hỏi mục lục
A46: LAW_C_005 | B46: Direct Fact | C46: Bộ tổng hợp có chứa Luật Công đoàn không? | D46: Có. Mục lục liệt kê Luật Công đoàn số 12/2012/QH13. | E46: Căn cứ: phần “Mục lục”, trang 2. Nội dung được tài liệu xác nhận: Có. Mục lục liệt kê Luật Công đoàn số 12/2012/QH13. | F46: 2 | G46: Mục lục | H46: 12/2012/QH13 | công đoàn | I46: Easy | J46: Single Chunk | K46: Yes | L46: Answer from document | N46: luu-ban-nhap-tu-dong-3-4 | O46: Dựa trên tài liệu được cung cấp, tôi không tìm thấy thông tin để trả lời câu hỏi này. | R46: (no LLM call: early exit) | S46: 18.8 | T46: 0 | U46: 0 | V46: No | W46: No | X46: FAIL | Y46: Từ chối trả lời dù câu hỏi có đáp án | Z46: FAIL | AA46: =IF(Z46="",X46,Z46) | AB46: DEF-02 | AC46: [AI] Từ chối câu hỏi mục lục
A47: LAW_C_006 | B47: Direct Fact | C47: Nghị định nào trong mục lục quy định chi tiết về hợp đồng lao động? | D47: Nghị định số 44/2013/NĐ-CP ngày 10/05/2013. | E47: Căn cứ: phần “Mục lục”, trang 4. Nội dung được tài liệu xác nhận: Nghị định số 44/2013/NĐ-CP ngày 10/05/2013. | F47: 4 | G47: Mục lục | H47: 44/2013/NĐ-CP | hợp đồng lao động | I47: Easy | J47: Single Chunk | K47: Yes | L47: Answer from document | N47: luu-ban-nhap-tu-dong-3-4 | O47: Dựa trên tài liệu được cung cấp, Nghị định quy định chi tiết thi hành một số điều của Bộ luật Lao động về hợp đồng lao động trong mục lục là Nghị định số 44/2013/NĐ-CP ngày 10/05/2013 của Chính Phủ [SOURCE_2], [SOURCE_5]. | P47: [SOURCE_2] luu-ban-nhap-tu-dong-3-4 | tr.4 | MỤC LỤC | 0.9751 [SOURCE_5] so-tay-kien-thuc-phap-luat-lao-dong-cdi | tr.53 | Lao động - Tiền lương | 0.9646 | Q47: [SOURCE_1] luu-ban-nhap-tu-dong-3-4 | tr.77 | Điều 24. Phụ lục hợp đồng lao động | 0.9769 [SOURCE_2] luu-ban-nhap-tu-dong-3-4 | tr.4 | MỤC LỤC | 0.9751 [SOURCE_3] giao trinh Luat lao dong CB 2005 (1) | tr.209 | DANH MỤC TÀI LIỆU THAM KHẢO | 0.9705 [SOURCE_4] luu-ban-nhap-tu-dong-3-4 | tr.572 | NGHI DINH | 0.9702 [SOURCE_5] so-tay-kien-thuc-phap-luat-lao-dong-cdi | tr.53 | Lao động - Tiền lương | 0.9646 | R47: gemini-3.5-flash-lite | S47: 19.1 | T47: 1 | U47: 1 | V47: Yes | W47: Yes | X47: PASS | Z47: PASS | AA47: =IF(Z47="",X47,Z47) | AC47: [AI] Đồng ý với chấm tự động
A48: LAW_C_007 | B48: Direct Fact | C48: Nghị định nào trong mục lục liên quan đến tranh chấp lao động? | D48: Nghị định số 46/2013/NĐ-CP ngày 10/05/2013. | E48: Căn cứ: phần “Mục lục”, trang 4. Nội dung được tài liệu xác nhận: Nghị định số 46/2013/NĐ-CP ngày 10/05/2013. | F48: 4 | G48: Mục lục | H48: 46/2013/NĐ-CP | tranh chấp lao động | I48: Easy | J48: Single Chunk | K48: Yes | L48: Answer from document | N48: luu-ban-nhap-tu-dong-3-4 | O48: Dựa trên tài liệu được cung cấp, văn bản liên quan đến tranh chấp lao động trong mục lục là **Nghị định số 46/2013/NĐ - CP** ngày 10/05/2013 của Chính Phủ quy định chi tiết thi hành một số điều của Bộ luật lao động về tranh chấp lao động [SOURCE_1]. | P48: [SOURCE_1] luu-ban-nhap-tu-dong-3-4 | tr.4 | MỤC LỤC | 0.9832 | Q48: [SOURCE_1] luu-ban-nhap-tu-dong-3-4 | tr.4 | MỤC LỤC | 0.9832 [SOURCE_2] luu-ban-nhap-tu-dong-3-4 | tr.54 | Chương XIV > GIẢI QUYẾT TRANH CHẤP LAO ĐỘNG Mục 1. NHỮNG QUY | 0.9827 | R48: gemini-3.5-flash-lite | S48: 18.9 | T48: 1 | U48: 1 | V48: Yes | W48: Yes | X48: PASS | Z48: PASS | AA48: =IF(Z48="",X48,Z48) | AC48: [AI] Đồng ý với chấm tự động
A49: LAW_C_008 | B49: Definition | C49: BLLĐ 2019 trong bộ tổng hợp định nghĩa cưỡng bức lao động như thế nào? | D49: Là việc dùng vũ lực, đe dọa dùng vũ lực hoặc thủ đoạn khác để ép buộc NLĐ làm việc trái ý muốn. | E49: Căn cứ: phần “BLLĐ 2019 - Điều 3”, trang 7. Nội dung được tài liệu xác nhận: Là việc dùng vũ lực, đe dọa dùng vũ lực hoặc thủ đoạn khác để ép buộc NLĐ làm việc trái ý muốn. | F49: 7 | G49: BLLĐ 2019 - Điều 3 | H49: vũ lực | đe dọa | trái ý muốn | I49: Medium | J49: Single Chunk | K49: Yes | L49: Answer from document | N49: luu-ban-nhap-tu-dong-3-4 | O49: Dựa trên tài liệu được cung cấp, Bộ luật Lao động 2019 (BLLĐ 2019) định nghĩa cưỡng bức lao động là việc dùng vũ lực, đe dọa dùng vũ lực hoặc các thủ đoạn khác để ép buộc hoặc nhằm buộc người lao động (hoặc người khác) phải làm việc trái ý muốn của họ [SOURCE_2, SOURCE_4]. | Q49: [SOURCE_1] ILO-VCCI_Labour-Law-Guide-Book-V04-Final | tr.17 | (b) Buộc NLĐ thực hiện HĐLĐ để trả nợ cho NSDLĐ | 0.9039 [SOURCE_2] luu-ban-nhap-tu-dong-3-4 | tr.6 | NHỮNG QUY ĐỊNH CHUNG | 0.892 [SOURCE_3] ILO-VCCI_Labour-Law-Guide-Book-V04-Final | tr.11 | 3. Quyền và nghĩa vụ cơ bản của NLĐ , NSDLĐ và các hành vi b | 0.827 [SOURCE_4] luu-ban-nhap-tu-dong-3-4 | tr.70 | Điều 3. Giải thích từ ngữ ữ | 0.8042 [SOURCE_5] ILO-VCCI_Labour-Law-Guide-Book-V04-Final | tr.31 | 2. Các trường hợp đơn phương chấm dứt HĐLĐ không phải thông | 0.6053 | R49: gemini-3.5-flash-lite | S49: 36.6 | T49: 1 | U49: 1 | V49: No | W49: No | X49: PARTIAL | Y49: Không trích tài liệu mong đợi (có trong ngữ cảnh); Không trích đúng trang 7 (±1) | Z49: PARTIAL | AA49: =IF(Z49="",X49,Z49) | AB49: DEF-01 | AC49: [AI] Nội dung đúng nhưng mất toàn bộ trích dẫn (thẻ gộp)
A50: LAW_C_009 | B50: Definition | C50: BLLĐ 2019 định nghĩa phân biệt đối xử trong lao động dựa trên những nhóm căn cứ nào? | D50: Tài liệu liệt kê các căn cứ như chủng tộc, màu da, nguồn gốc, dân tộc, giới tính, độ tuổi, thai sản, hôn nhân, tôn giáo/tín ngưỡng, chính kiến, khuyết tật, trách nhiệm gia đình, HIV và lý do liên quan đến tổ chức đại diện NLĐ. | E50: Căn cứ: phần “BLLĐ 2019 - Điều 3”, trang 7. Nội dung được tài liệu xác nhận: Tài liệu liệt kê các căn cứ như chủng tộc, màu da, nguồn gốc, dân tộc, giới tính, độ tuổi, thai sản, hôn nhân, tôn giáo/tín ngưỡng, chính kiến, khuyết tật, trách nhiệm gia đình, HIV và lý do liên quan đến tổ chức đại diện NLĐ. | F50: 7 | G50: BLLĐ 2019 - Điều 3 | H50: phân biệt đối xử | giới tính | tuổi | thai sản | HIV | công đoàn | I50: Medium | J50: Single Chunk | K50: Yes | L50: Answer from document | N50: luu-ban-nhap-tu-dong-3-4 | O50: Dựa trên tài liệu được cung cấp, phân biệt đối xử trong lao động theo BLLĐ 2019 được định nghĩa là hành vi phân biệt, loại trừ hoặc ưu tiên dựa trên các căn cứ sau: - Chủng tộc, màu da, nguồn gốc quốc gia hoặc nguồn gốc xã hội [SOURCE_2]. - Dân tộc, giới tính, độ tuổi, tình trạng thai sản, tình trạng hôn nhân [SOURCE_2]. - Tôn giáo, tín ngưỡng, chính kiến, khuyết tật, trách nhiệm gia đình [SOURCE_2]. - Trên cơ sở tình trạng nhiễm HIV [SOURCE_2]. - Vì lý do thành lập, gia nhập và hoạt động công đoàn, tổ chức của người lao động tại doanh nghiệp [SOURCE_2]. Các yếu tố này có tác động làm ảnh hưởng đến bình đẳng về cơ hội việc làm hoặc nghề nghiệp [SOURCE_2]. Ngoài ra, BLLĐ 2019 cũng mở rộng thêm một số khía cạnh thường gặp trên thực tế như độ tuổi, tình trạng thai sản, hay các khía cạnh mang tính chất tinh thần như chính kiến của mỗi cá nhân hoặc trách nhiệm gia đình [SOURCE_1]. | P50: [SOURCE_1] ILO-VCCI_Labour-Law-Guide-Book-V04-Final | tr.11 | 3. Quyền và nghĩa vụ cơ bản của NLĐ , NSDLĐ và các hành vi b | 0.9957 [SOURCE_2] Văn-bản-hợp-nhất-18-VBHN-VPQH | tr.2 | Điều 3. Giai thích từ ngữ | 0.8934 | Q50: [SOURCE_1] ILO-VCCI_Labour-Law-Guide-Book-V04-Final | tr.11 | 3. Quyền và nghĩa vụ cơ bản của NLĐ , NSDLĐ và các hành vi b | 0.9957 [SOURCE_2] Văn-bản-hợp-nhất-18-VBHN-VPQH | tr.2 | Điều 3. Giai thích từ ngữ | 0.8934 [SOURCE_3] ILO-VCCI_Labour-Law-Guide-Book-V04-Final | tr.11 | 3. Quyền và nghĩa vụ cơ bản của NLĐ , NSDLĐ và các hành vi b | 0.8732 [SOURCE_4] ILO-VCCI_Labour-Law-Guide-Book-V04-Final | tr.30 | II. NLĐ ĐƠN PHƯƠNG CHẤM DỨT HĐLĐ | 0.7279 [SOURCE_5] ILO-VCCI_Labour-Law-Guide-Book-V04-Final | tr.27 | 2. Các trường hợp NSDLĐ được đơn phương chấm dứt HĐLĐ | 0.5981 | R50: gemini-3.5-flash-lite | S50: 17.1 | T50: 1 | U50: 0.86363636 | V50: No | W50: No | X50: PARTIAL | Y50: Không trích tài liệu mong đợi (không có trong ngữ cảnh); Không trích đúng trang 7 (±1) | Z50: PARTIAL | AA50: =IF(Z50="",X50,Z50) | AB50: DEF-06 | AC50: [AI] Nội dung đúng; trích VBHN/ILO thay vì bộ tổng hợp (do PREFERRED_SOURCES ưu tiên VBHN, cần PO chốt hành vi mong đợi)
A51: LAW_C_010 | B51: Direct Fact | C51: Theo BLLĐ 2019 trong bộ tổng hợp, NLĐ có quyền từ chối làm việc trong tình huống nào? | D51: Khi có nguy cơ rõ ràng đe dọa trực tiếp đến tính mạng, sức khỏe trong quá trình thực hiện công việc. | E51: Căn cứ: phần “BLLĐ 2019 - Quyền NLĐ”, trang 8. Nội dung được tài liệu xác nhận: Khi có nguy cơ rõ ràng đe dọa trực tiếp đến tính mạng, sức khỏe trong quá trình thực hiện công việc. | F51: 8 | G51: BLLĐ 2019 - Quyền NLĐ | H51: từ chối làm việc | nguy cơ rõ ràng | tính mạng | sức khỏe | I51: Medium | J51: Single Chunk | K51: Yes | L51: Answer from document | N51: luu-ban-nhap-tu-dong-3-4 | O51: Dựa trên tài liệu được cung cấp, Bộ luật Lao động 2019 bổ sung quyền từ chối làm thêm giờ của người lao động (NLĐ) nếu người sử dụng lao động (NSDLĐ) yêu cầu làm thêm giờ để thực hiện các công việc nhằm bảo vệ tính mạng con người, tài sản của cơ quan, tổ chức, cá nhân trong phòng ngừa, khắc phục hậu quả thiên tai, hỏa hoạn, dịch bệnh nguy hiểm và thảm họa, nhưng các công việc đó lại có nguy cơ ảnh hưởng đến tính mạng, sức khỏe của NLĐ theo quy định của pháp luật về an toàn, vệ sinh lao động [SOURCE_1]. | P51: [SOURCE_1] ILO-VCCI_Labour-Law-Guide-Book-V04-Final | tr.113 | 2. Làm thêm giờ trong trường hợp đặc biệt | 0.9904 | Q51: [SOURCE_1] ILO-VCCI_Labour-Law-Guide-Book-V04-Final | tr.113 | 2. Làm thêm giờ trong trường hợp đặc biệt | 0.9904 [SOURCE_2] ILO-VCCI_Labour-Law-Guide-Book-V04-Final | tr.70 | (vii) Tạm đình chỉ công việc của NLĐ | 0.7581 [SOURCE_3] ILO-VCCI_Labour-Law-Guide-Book-V04-Final | tr.11 | 3. Quyền và nghĩa vụ cơ bản của NLĐ , NSDLĐ và các hành vi b | 0.721 [SOURCE_4] ILO-VCCI_Labour-Law-Guide-Book-V04-Final | tr.55 | IV. MỘT SỐ NỘI DUNG MỚI VÀ NHỮNG ĐIỂM CẦN LƯU Ý VỀ XỬ LÝ KLL | 0.7156 [SOURCE_5] ILO-VCCI_Labour-Law-Guide-Book-V04-Final | tr.32 | 3. Những điểm mới liên quan đến việc NLĐ đơn phương chấm dứt | 0.6985 | R51: gemini-3.5-flash-lite | S51: 15.6 | T51: 0.75 | U51: 0.55555556 | V51: No | W51: No | X51: PARTIAL | Y51: Không trích tài liệu mong đợi (không có trong ngữ cảnh); Không trích đúng trang 8 (±1) | Z51: FAIL | AA51: =IF(Z51="",X51,Z51) | AB51: DEF-05 | AC51: [AI] Sai pháp lý: trả lời quyền từ chối làm thêm giờ thay vì quyền từ chối việc có nguy cơ đe dọa tính mạng, sức khỏe
A52: LAW_C_011 | B52: Navigation | C52: Muốn tra quy định về lao động nước ngoài làm việc tại Việt Nam, mục lục gợi ý văn bản hợp nhất nào? | D52: VBHN số 5325/VBHN-BLĐTBXH ngày 19/12/2018 về Nghị định 11/2016/NĐ-CP, được sửa đổi bởi Nghị định 140/2018/NĐ-CP. | E52: Căn cứ: phần “Mục lục”, trang 2. Nội dung được tài liệu xác nhận: VBHN số 5325/VBHN-BLĐTBXH ngày 19/12/2018 về Nghị định 11/2016/NĐ-CP, được sửa đổi bởi Nghị định 140/2018/NĐ-CP. | F52: 2 | G52: Mục lục | H52: 5325/VBHN-BLĐTBXH | lao động nước ngoài | I52: Medium | J52: Single Chunk | K52: Yes | L52: Answer from document | N52: luu-ban-nhap-tu-dong-3-4 | O52: Dựa trên mục lục được cung cấp, để tra cứu quy định về lao động nước ngoài làm việc tại Việt Nam, tài liệu gợi ý Văn bản hợp nhất số 5325/VBHN - 11/2016/NĐ - CP ngày 03/02/2016 của Chính phủ quy định chi tiết thi hành một số điều của Bộ luật Lao động về lao động nước ngoài làm việc tại Việt Nam [SOURCE_1]. | P52: [SOURCE_1] luu-ban-nhap-tu-dong-3-4 | tr.2 | MỤC LỤC | 0.972 | Q52: [SOURCE_1] luu-ban-nhap-tu-dong-3-4 | tr.2 | MỤC LỤC | 0.972 [SOURCE_2] luu-ban-nhap-tu-dong-3-4 | tr.3 | MỤC LỤC | 0.9626 [SOURCE_3] luu-ban-nhap-tu-dong-3-4 | tr.483 | XÁC THỰC VĂN BẢN HỢP NHẤT KT. BỘ TRƯỞNG THỨ TRƯỞNG | 0.8638 [SOURCE_4] luu-ban-nhap-tu-dong-3-4 | tr.394 | Điều 10. Hồ sơ đề nghị cấp giấy phép lao động | 0.7815 | R52: gemini-3.5-flash-lite | S52: 18.5 | T52: 0.5 | U52: 0.56521739 | V52: Yes | W52: Yes | X52: PARTIAL | Y52: Thiếu từ khóa (50%) | Z52: PARTIAL | AA52: =IF(Z52="",X52,Z52) | AB52: DEF-14 | AC52: [AI] Đúng số VBHN 5325 nhưng sai ngày (03/02/2016 là ngày NĐ 11/2016), thiếu NĐ 140/2018
A53: LAW_C_012 | B53: Navigation | C53: Muốn tra quy định về tiền lương theo hệ thống văn bản trước BLLĐ 2019, mục lục có văn bản hợp nhất nào? | D53: VBHN số 4759/VBHN-BLĐTBXH ngày 12/11/2018 hợp nhất Nghị định 49/2013/NĐ-CP và sửa đổi liên quan. | E53: Căn cứ: phần “Mục lục”, trang 2. Nội dung được tài liệu xác nhận: VBHN số 4759/VBHN-BLĐTBXH ngày 12/11/2018 hợp nhất Nghị định 49/2013/NĐ-CP và sửa đổi liên quan. | F53: 2 | G53: Mục lục | H53: 4759/VBHN-BLĐTBXH | tiền lương | I53: Medium | J53: Single Chunk | K53: Yes | L53: Answer from document | N53: luu-ban-nhap-tu-dong-3-4 | O53: Dựa trên phần mục lục của tài liệu được cung cấp, văn bản hợp nhất liên quan đến tiền lương trước BLLĐ 2019 là: - Văn bản hợp nhất số 4759/VBHN-BLĐTBXH ngày 12/11/2018 (hoặc Văn bản hợp nhất số 4759/VBHN CP ngày 14/05/2013) của Bộ Lao động - Thương binh và Xã hội hợp nhất Nghị định quy định chi tiết thi hành một số điều của Bộ luật Lao động về tiền lương [SOURCE_1]. | P53: [SOURCE_1] luu-ban-nhap-tu-dong-3-4 | tr.2 | MỤC LỤC | 0.8687 | Q53: [SOURCE_1] luu-ban-nhap-tu-dong-3-4 | tr.2 | MỤC LỤC | 0.8687 [SOURCE_2] luu-ban-nhap-tu-dong-3-4 | tr.413 | XÁC THỰC VĂN BẢN HỢP NHẤT KT. BỘ TRƯỞNG THỨ TRƯỞNG | 0.4326 [SOURCE_3] ILO-VCCI_Labour-Law-Guide-Book-V04-Final | tr.22 | 10. Học nghề, tập nghề và hợp đồng đào tạo nghề | 0.4101 [SOURCE_4] ILO-VCCI_Labour-Law-Guide-Book-V04-Final | tr.93 | II. THANG LƯƠNG, BẢNG LƯƠNG VÀ ĐỊNH MỨC LAO ĐỘNG > 1. Các ng | 0.375 | R53: gemini-3.5-flash-lite | S53: 30.1 | T53: 1 | U53: 0.80952381 | V53: Yes | W53: Yes | X53: PASS | Z53: PARTIAL | AA53: =IF(Z53="",X53,Z53) | AB53: DEF-14 | AC53: [AI] PASS oan của scorer: đúng VBHN 4759 nhưng tự ghép thêm 'VBHN 4759/VBHN CP ngày 14/05/2013' không có trong tài liệu
A54: LAW_C_013 | B54: Navigation | C54: Văn bản nào trong mục lục quy định chi tiết về thời giờ làm việc, nghỉ ngơi và an toàn, vệ sinh lao động? | D54: Nghị định số 45/2013/NĐ-CP ngày 10/05/2013. | E54: Căn cứ: phần “Mục lục”, trang 4. Nội dung được tài liệu xác nhận: Nghị định số 45/2013/NĐ-CP ngày 10/05/2013. | F54: 4 | G54: Mục lục | H54: 45/2013/NĐ-CP | thời giờ | nghỉ ngơi | an toàn | I54: Medium | J54: Single Chunk | K54: Yes | L54: Answer from document | N54: luu-ban-nhap-tu-dong-3-4 | O54: Dựa trên tài liệu được cung cấp, văn bản quy định chi tiết một số điều của Bộ luật Lao động về thời giờ làm việc, thời giờ nghỉ ngơi và an toàn lao động, vệ sinh lao động là Nghị định số 46/2013/NĐ-CP ngày 10 tháng 05 năm 2013 của Chính phủ [SOURCE_1], hoặc Nghị định quy định chi tiết một số điều của Bộ luật lao động về thời giờ làm việc, thời giờ nghỉ ngơi và an toàn lao động, vệ sinh lao động ban hành năm 2013 dựa trên Bộ luật lao động ngày 18 tháng 6 năm 2012 [SOURCE_4]. | P54: [SOURCE_1] so-tay-kien-thuc-phap-luat-lao-dong-cdi | tr.52 | Lĩnh vực việc làm | 0.995 [SOURCE_4] luu-ban-nhap-tu-dong-3-4 | tr.556 | NGHỊ ĐỊNH | 0.9913 | Q54: [SOURCE_1] so-tay-kien-thuc-phap-luat-lao-dong-cdi | tr.52 | Lĩnh vực việc làm | 0.995 [SOURCE_2] luu-ban-nhap-tu-dong-3-4 | tr.568 | Chương IV > QUAN LÝ NHAN UOC VE THOI GIO LAM VIEC, THOI GIO | 0.9929 [SOURCE_3] luu-ban-nhap-tu-dong-3-4 | tr.570 | . ChươngV DIEU KHOAN THI HANH > Điều 26. Hiệu lực thi hành | 0.9919 [SOURCE_4] luu-ban-nhap-tu-dong-3-4 | tr.556 | NGHỊ ĐỊNH | 0.9913 [SOURCE_5] luu-ban-nhap-tu-dong-3-4 | tr.568 | Chương IV > QUAN LÝ NHAN UOC VE THOI GIO LAM VIEC, THOI GIO | 0.9868 | R54: gemini-3.5-flash-lite | S54: 18.5 | T54: 0.75 | U54: 0.90909091 | V54: Yes | W54: No | X54: PASS | Y54: Không trích đúng trang 4 (±1) | Z54: FAIL | AA54: =IF(Z54="",X54,Z54) | AB54: DEF-14 | AC54: [AI] PASS oan của scorer, sai pháp lý: nêu Nghị định 46/2013 (tranh chấp) thay vì 45/2013 (thời giờ làm việc)
A55: LAW_C_014 | B55: Navigation | C55: Muốn tra danh mục công việc nhẹ được sử dụng người dưới 15 tuổi, tài liệu liệt kê thông tư nào? | D55: Thông tư số 11/2013/TT-BLĐTBXH ngày 11/06/2013. | E55: Căn cứ: phần “Mục lục”, trang 5. Nội dung được tài liệu xác nhận: Thông tư số 11/2013/TT-BLĐTBXH ngày 11/06/2013. | F55: 5 | G55: Mục lục | H55: 11/2013/TT-BLĐTBXH | dưới 15 tuổi | I55: Medium | J55: Single Chunk | K55: Yes | L55: Answer from document | N55: luu-ban-nhap-tu-dong-3-4 | O55: Dựa trên tài liệu được cung cấp, để tra danh mục công việc nhẹ được sử dụng người dưới 15 tuổi, các tài liệu có nhắc đến các thông tư sau: * Thông tư số 11/2013/TT-BLĐTBXH ngày 11 tháng 06 năm 2013 của Bộ Lao động Thương binh và Xã hội về việc ban hành Danh mục công việc nhẹ được sử dụng người dưới 15 tuổi làm việc [SOURCE_1], [SOURCE_2]. * Thông tư số 14/2013/TT-BLĐTBXH ngày 11 tháng 06 năm 2013 của Bộ trưởng Bộ Lao động - Thương binh và Xã hội (lưu ý: tài liệu có ghi nhầm lẫn là Thông tư số 14/2013/TT-BLDTBXH) ban hành danh mục công việc nhẹ được sử dụng người dưới 15 tuổi làm việc [SOURCE_3], [SOURCE_4]. | P55: [SOURCE_1] so-tay-kien-thuc-phap-luat-lao-dong-cdi | tr.52 | Lĩnh vực việc làm | 0.9898 [SOURCE_2] luu-ban-nhap-tu-dong-3-4 | tr.5 | MỤC LỤC | 0.9888 [SOURCE_3] luu-ban-nhap-tu-dong-3-4 | tr.739 | DANH MỤC > Công việc nhẹ được sử dụng người đưới 15 tudi làm | 0.9854 [SOURCE_4] luu-ban-nhap-tu-dong-3-4 | tr.737 | Điều 1. | 0.9744 | Q55: [SOURCE_1] so-tay-kien-thuc-phap-luat-lao-dong-cdi | tr.52 | Lĩnh vực việc làm | 0.9898 [SOURCE_2] luu-ban-nhap-tu-dong-3-4 | tr.5 | MỤC LỤC | 0.9888 [SOURCE_3] luu-ban-nhap-tu-dong-3-4 | tr.739 | DANH MỤC > Công việc nhẹ được sử dụng người đưới 15 tudi làm | 0.9854 [SOURCE_4] luu-ban-nhap-tu-dong-3-4 | tr.737 | Điều 1. | 0.9744 [SOURCE_5] luu-ban-nhap-tu-dong-3-4 | tr.737 | Điều 2. | 0.9603 | R55: gemini-3.5-flash-lite | S55: 15.2 | T55: 1 | U55: 1 | V55: Yes | W55: Yes | X55: PASS | Z55: PASS | AA55: =IF(Z55="",X55,Z55) | AC55: [AI] Không chắc: đúng TT 11/2013; thêm TT 14/2013 và nhận xét 'tài liệu ghi nhầm' cần SME xem
A56: LAW_C_015 | B56: Multi-hop | C56: Một câu hỏi vừa liên quan hợp đồng lao động vừa liên quan an toàn vệ sinh lao động. Bộ tổng hợp có những nhóm nguồn nào để retrieval? | D56: Có thể truy xuất BLLĐ 2019, Nghị định 44/2013/NĐ-CP về HĐLĐ và Luật An toàn, vệ sinh lao động 84/2015/QH13 cùng các văn bản hướng dẫn liên quan trong bộ tổng hợp. | E56: Căn cứ: phần “Mục lục - đa văn bản”, trang 2. Nội dung được tài liệu xác nhận: Có thể truy xuất BLLĐ 2019, Nghị định 44/2013/NĐ-CP về HĐLĐ và Luật An toàn, vệ sinh lao động 84/2015/QH13 cùng các văn bản hướng dẫn liên quan trong bộ tổng hợp. | F56: 2 | G56: Mục lục - đa văn bản | H56: BLLĐ 2019 | 44/2013 | 84/2015 | đa văn bản | I56: Hard | J56: Multiple Chunks | K56: Yes | L56: Answer from document | N56: luu-ban-nhap-tu-dong-3-4 | O56: Dựa trên tài liệu được cung cấp, tôi không tìm thấy thông tin để trả lời câu hỏi này. | R56: (no LLM call: early exit) | S56: 17.8 | T56: 0 | U56: 0 | V56: No | W56: No | X56: FAIL | Y56: Từ chối trả lời dù câu hỏi có đáp án | Z56: FAIL | AA56: =IF(Z56="",X56,Z56) | AB56: DEF-03 | AC56: [AI] Từ chối câu hỏi gộp 2 chủ đề
A57: LAW_C_016 | B57: Temporal Reasoning | C57: Tại sao tiêu đề “ĐANG CÓ HIỆU LỰC” của bộ tổng hợp không đủ để kết luận mọi văn bản trong đó còn hiệu lực vào năm 2026? | D57: Vì trạng thái đó gắn với thời điểm cập nhật hết tháng 3/2020. Để trả lời cho năm 2026 cần nguồn cập nhật sau thời điểm này. | E57: Căn cứ: phần “Bìa - thời điểm cập nhật”, trang 1. Nội dung được tài liệu xác nhận: Vì trạng thái đó gắn với thời điểm cập nhật hết tháng 3/2020. Để trả lời cho năm 2026 cần nguồn cập nhật sau thời điểm này. | F57: 1 | G57: Bìa - thời điểm cập nhật | H57: 03/2020 | hiệu lực | 2026 | cần cập nhật | I57: Hard | J57: Single Chunk | K57: Yes | L57: Answer from document | N57: luu-ban-nhap-tu-dong-3-4 | O57: Dựa trên tài liệu được cung cấp, tôi không tìm thấy thông tin để trả lời câu hỏi này. | R57: (no LLM call: early exit) | S57: 16.9 | T57: 0 | U57: 0.090909091 | V57: No | W57: No | X57: FAIL | Y57: Từ chối trả lời dù câu hỏi có đáp án | Z57: FAIL | AA57: =IF(Z57="",X57,Z57) | AB57: DEF-04 | AC57: [AI] Từ chối câu hỏi hiệu lực
A58: LAW_C_017 | B58: False Premise | C58: “Bộ tổng hợp này chỉ chứa Bộ luật Lao động 2019” có đúng không? | D58: Không. Mục lục cho thấy tài liệu tổng hợp nhiều luật, nghị định, quyết định và thông tư về lao động, BHXH, việc làm, công đoàn, an toàn vệ sinh lao động và các chủ đề liên quan. | E58: Căn cứ: phần “Mục lục”, trang 2. Nội dung được tài liệu xác nhận: Không. Mục lục cho thấy tài liệu tổng hợp nhiều luật, nghị định, quyết định và thông tư về lao động, BHXH, việc làm, công đoàn, an toàn vệ sinh lao động và các chủ đề liên quan. | F58: 2 | G58: Mục lục | H58: nhiều văn bản | luật | nghị định | thông tư | I58: Hard | J58: Multiple Chunks | K58: Yes | L58: Answer from document | N58: luu-ban-nhap-tu-dong-3-4 | O58: Dựa trên tài liệu được cung cấp, nhận định “Bộ tổng hợp này chỉ chứa Bộ luật Lao động 2019” là không hoàn toàn chính xác [SOURCE_1]. Bên cạnh Bộ luật Lao động số 45/2019/QH14 (có hiệu lực từ ngày 01 tháng 01 năm 2021), bộ luật này còn được sửa đổi, bổ sung bởi các luật sau đây: - Luật Công nghiệp công nghệ số số 71/2025/QH15 ngày 14 tháng 6 năm 2025 của Quốc hội [SOURCE_1]. - Luật Dân số số 113/2025/QHI5 ngày 10 tháng 12 năm 2025 của Quốc hội [SOURCE_1]. - Luật Giáo dục nghề nghiệp số 124/2025/QH15 ngày 10 tháng 12 năm 2025 của Quốc hội [SOURCE_1]. | P58: [SOURCE_1] Văn-bản-hợp-nhất-18-VBHN-VPQH | tr.1 | CỘNG HÒA XÃ HỘI CHỦ NGHĨA VIỆT NAM Độc lập - Tự do - Hạnh ph | 0.4754 | Q58: [SOURCE_1] Văn-bản-hợp-nhất-18-VBHN-VPQH | tr.1 | CỘNG HÒA XÃ HỘI CHỦ NGHĨA VIỆT NAM Độc lập - Tự do - Hạnh ph | 0.4754 | R58: gemini-3.5-flash-lite | S58: 22.7 | T58: 0.25 | U58: 0.36363636 | V58: No | W58: No | X58: PARTIAL | Y58: Thiếu từ khóa (25%); Ít khớp Expected Answer (36%); Không trích tài liệu mong đợi (không có trong ngữ cảnh); Không trích đúng trang 2 (±1) | Z58: PARTIAL | AA58: =IF(Z58="",X58,Z58) | AB58: DEF-02 | AC58: [AI] Kết luận đúng 'không' nhưng lý do sai (liệt kê luật sửa đổi BLLĐ từ VBHN, không dùng mục lục bộ tổng hợp)
A59: LAW_C_018 | B59: Source Selection | C59: Nếu câu hỏi yêu cầu quy định BLLĐ 2019 nguyên gốc tại thời điểm ban hành, bộ tổng hợp có phù hợp không? | D59: Có thể phù hợp vì tài liệu chứa Bộ luật Lao động 45/2019/QH14. Tuy nhiên cần phân biệt với yêu cầu “hiện hành 2026”, khi đó phải ưu tiên nguồn hợp nhất/cập nhật mới hơn. | E59: Căn cứ: phần “Mục lục/BLLĐ 2019”, trang 2. Nội dung được tài liệu xác nhận: Có thể phù hợp vì tài liệu chứa Bộ luật Lao động 45/2019/QH14. Tuy nhiên cần phân biệt với yêu cầu “hiện hành 2026”, khi đó phải ưu tiên nguồn hợp nhất/cập nhật mới hơn. | F59: 2 | G59: Mục lục/BLLĐ 2019 | H59: nguyên gốc 2019 | hiện hành 2026 | nguồn cập nhật | I59: Hard | J59: Multiple Chunks | K59: Yes | L59: Answer from document | N59: luu-ban-nhap-tu-dong-3-4 | O59: Dựa trên tài liệu được cung cấp, tôi không tìm thấy thông tin để trả lời câu hỏi này. | Q59: [SOURCE_1] ILO-VCCI_Labour-Law-Guide-Book-V04-Final | tr.57 | I. TỔNG QUAN VỀ TỔ CHỨC CỦA NGƯỜI LAO ĐỘNG TẠI DOANH NGHIỆP | 0.5388 [SOURCE_2] ILO-VCCI_Labour-Law-Guide-Book-V04-Final | tr.131 | K ẾT LUẬN | 0.4831 | R59: gemini-3.5-flash-lite | S59: 19.3 | T59: 0 | U59: 0 | V59: No | W59: No | X59: FAIL | Y59: Từ chối trả lời dù câu hỏi có đáp án | Z59: FAIL | AA59: =IF(Z59="",X59,Z59) | AB59: DEF-04 | AC59: [AI] Từ chối câu hỏi chọn nguồn
A60: LAW_C_019 | B60: Multi-document | C60: Một truy vấn về người lao động nước ngoài và BHXH bắt buộc nên mở rộng retrieval đến những văn bản nào trong mục lục? | D60: Ít nhất đến văn bản về lao động nước ngoài (VBHN 5325/VBHN-BLĐTBXH) và Nghị định 143/2018/NĐ-CP về BHXH bắt buộc đối với NLĐ là công dân nước ngoài làm việc tại Việt Nam. | E60: Căn cứ: phần “Mục lục - lao động nước ngoài/BHXH”, trang 3. Nội dung được tài liệu xác nhận: Ít nhất đến văn bản về lao động nước ngoài (VBHN 5325/VBHN-BLĐTBXH) và Nghị định 143/2018/NĐ-CP về BHXH bắt buộc đối với NLĐ là công dân nước ngoài làm việc tại Việt Nam. | F60: 3 | G60: Mục lục - lao động nước ngoài/BHXH | H60: 5325/VBHN | 143/2018 | lao động nước ngoài | BHXH | I60: Hard | J60: Multiple Chunks | K60: Yes | L60: Answer from document | N60: luu-ban-nhap-tu-dong-3-4 | O60: Dựa trên tài liệu được cung cấp, tôi không tìm thấy thông tin để trả lời câu hỏi này. | R60: (no LLM call: early exit) | S60: 13.8 | T60: 0 | U60: 0 | V60: No | W60: No | X60: FAIL | Y60: Từ chối trả lời dù câu hỏi có đáp án | Z60: FAIL | AA60: =IF(Z60="",X60,Z60) | AB60: DEF-03 | AC60: [AI] Từ chối câu hỏi nhiều văn bản
A61: LAW_C_020 | B61: Multi-document | C61: Một truy vấn về lao động nữ vừa hỏi công việc bị cấm vừa hỏi chính sách bảo vệ nên retrieval đến những nguồn nào trong bộ tổng hợp? | D61: Có thể cần Nghị định 85/2015/NĐ-CP về chính sách đối với lao động nữ và Thông tư 26/2013/TT-BLĐTBXH về danh mục công việc không được sử dụng lao động nữ, cùng quy định liên quan trong BLLĐ. | E61: Căn cứ: phần “Mục lục - lao động nữ”, trang 3. Nội dung được tài liệu xác nhận: Có thể cần Nghị định 85/2015/NĐ-CP về chính sách đối với lao động nữ và Thông tư 26/2013/TT-BLĐTBXH về danh mục công việc không được sử dụng lao động nữ, cùng quy định liên quan trong BLLĐ. | F61: 3 | G61: Mục lục - lao động nữ | H61: 85/2015 | 26/2013 | lao động nữ | I61: Hard | J61: Multiple Chunks | K61: Yes | L61: Answer from document | N61: luu-ban-nhap-tu-dong-3-4 | O61: Dựa trên tài liệu được cung cấp, tôi không tìm thấy thông tin để trả lời câu hỏi này. | R61: (no LLM call: early exit) | S61: 21 | T61: 0 | U61: 0.026315789 | V61: No | W61: No | X61: FAIL | Y61: Từ chối trả lời dù câu hỏi có đáp án | Z61: FAIL | AA61: =IF(Z61="",X61,Z61) | AB61: DEF-03 | AC61: [AI] Từ chối câu hỏi nhiều văn bản
A62: LAW_D_001 | B62: Direct Fact | C62: Cẩm nang ILO-VCCI được xây dựng để hỗ trợ chủ thể nào? | D62: Chủ yếu hỗ trợ người sử dụng lao động/doanh nghiệp cập nhật và tuân thủ các thay đổi của BLLĐ 2019. | E62: Căn cứ: phần “Lời nói đầu”, trang None. Nội dung được tài liệu xác nhận: Chủ yếu hỗ trợ người sử dụng lao động/doanh nghiệp cập nhật và tuân thủ các thay đổi của BLLĐ 2019. | G62: Lời nói đầu | H62: NSDLĐ | doanh nghiệp | BLLĐ 2019 | I62: Easy | J62: Single Chunk | K62: Yes | L62: Answer from document | N62: ILO-VCCI_Labour-Law-Guide-Book-V04-Final | O62: Cẩm nang ILO-VCCI được xây dựng để hỗ trợ người sử dụng lao động (NSDLĐ) đáp ứng những thay đổi của Bộ luật Lao động 2019, giúp họ cập nhật các quy định mới so với BLLĐ 2012 và tuân thủ đúng các quy định hiện hành trong quan hệ lao động [SOURCE_2]. | P62: [SOURCE_2] ILO-VCCI_Labour-Law-Guide-Book-V04-Final | tr.3 | Vai trò và mục tiêu của Cẩm nang Thực hiện BLLĐ 2019 đối với | 0.6319 | Q62: [SOURCE_1] ILO-VCCI_Labour-Law-Guide-Book-V04-Final | tr.4 | C ẨM NANG THỰC HIỆN BỘ LUẬT LAO ĐỘNG 2019 TẠI DOANH NGHIỆP | 0.7928 [SOURCE_2] ILO-VCCI_Labour-Law-Guide-Book-V04-Final | tr.3 | Vai trò và mục tiêu của Cẩm nang Thực hiện BLLĐ 2019 đối với | 0.6319 [SOURCE_3] ILO-VCCI_Labour-Law-Guide-Book-V04-Final | tr.4 | C ẨM NANG THỰC HIỆN BỘ LUẬT LAO ĐỘNG 2019 TẠI DOANH NGHIỆP | 0.5045 | R62: gemini-3.5-flash-lite | S62: 19.8 | T62: 0.66666667 | U62: 0.81818182 | V62: Yes | W62: n/a | X62: PARTIAL | Y62: Thiếu từ khóa (67%) | Z62: PASS | AA62: =IF(Z62="",X62,Z62) | AC62: [AI] Đúng; scorer chấm thiếu từ khóa oan
A63: LAW_D_002 | B63: Direct Fact | C63: Cẩm nang so sánh chủ yếu hai phiên bản Bộ luật Lao động nào? | D63: BLLĐ 2012 và BLLĐ 2019. | E63: Căn cứ: phần “Lời nói đầu”, trang None. Nội dung được tài liệu xác nhận: BLLĐ 2012 và BLLĐ 2019. | G63: Lời nói đầu | H63: BLLĐ 2012 | BLLĐ 2019 | I63: Easy | J63: Single Chunk | K63: Yes | L63: Answer from document | N63: ILO-VCCI_Labour-Law-Guide-Book-V04-Final | O63: Dựa trên tài liệu được cung cấp, cẩm nang so sánh chủ yếu sự khác biệt về quy định giữa hai phiên bản là Bộ luật Lao động 2012 (BLLĐ 2012) và Bộ luật Lao động 2019 (BLLĐ 2019) [SOURCE_1]. | P63: [SOURCE_1] ILO-VCCI_Labour-Law-Guide-Book-V04-Final | tr.4 | C ẨM NANG THỰC HIỆN BỘ LUẬT LAO ĐỘNG 2019 TẠI DOANH NGHIỆP | 0.7989 | Q63: [SOURCE_1] ILO-VCCI_Labour-Law-Guide-Book-V04-Final | tr.4 | C ẨM NANG THỰC HIỆN BỘ LUẬT LAO ĐỘNG 2019 TẠI DOANH NGHIỆP | 0.7989 [SOURCE_2] ILO-VCCI_Labour-Law-Guide-Book-V04-Final | tr.131 | K ẾT LUẬN | 0.489 | R63: gemini-3.5-flash-lite | S63: 21.3 | T63: 1 | U63: 1 | V63: Yes | W63: n/a | X63: PASS | Z63: PASS | AA63: =IF(Z63="",X63,Z63) | AC63: [AI] Đồng ý với chấm tự động
A64: LAW_D_003 | B64: List | C64: Cẩm nang tập trung vào những nhóm nội dung chính nào? | D64: Gồm quan hệ/HĐLĐ, chấm dứt HĐLĐ, tiền lương, nghỉ lễ-tết và làm thêm giờ, nghỉ hưu, lao động nữ, kỷ luật lao động; đồng thời có đối thoại và thương lượng tập thể. | E64: Căn cứ: phần “Lời nói đầu/Mục lục”, trang 4. Nội dung được tài liệu xác nhận: Gồm quan hệ/HĐLĐ, chấm dứt HĐLĐ, tiền lương, nghỉ lễ-tết và làm thêm giờ, nghỉ hưu, lao động nữ, kỷ luật lao động; đồng thời có đối thoại và thương lượng tập thể. | F64: 4 | G64: Lời nói đầu/Mục lục | H64: HĐLĐ | chấm dứt | tiền lương | làm thêm | nghỉ hưu | lao động nữ | kỷ luật | I64: Easy | J64: Single Chunk | K64: Yes | L64: Answer from document | N64: ILO-VCCI_Labour-Law-Guide-Book-V04-Final | O64: Dựa trên tài liệu được cung cấp, cẩm nang tập trung vào các thay đổi quan trọng liên quan đến: * HĐLĐ; hình thức của HĐLĐ; hành vi người sử dụng lao động (NSDLĐ) không được làm khi giao kết, thực hiện HĐLĐ; thời gian thử việc [SOURCE_1]. * Chuyển người lao động (NLĐ) làm công việc khác so với HĐLĐ; tạm hoãn thực hiện HĐLĐ; quyền đơn phương chấm dứt HĐLĐ của NLĐ; quyền đơn phương chấm dứt HĐLĐ của NSDLĐ [SOURCE_1]. * Tổ chức đối thoại tại nơi làm việc; thương lượng tập thể (TLTT); nguyên tắc trả lương; thưởng; làm thêm giờ; nghỉ lễ, tết [SOURCE_1]. * Sử dụng NLĐ cao tuổi; tuổi nghỉ hưu [SOURCE_1]. Bên cạnh đó, nội dung chính của cẩm nang bao gồm: Giới thiệu về TLTTNDN; QHLĐ và HĐLĐ; Chấm dứt HĐLĐ; Tiền lương; Ngày nghỉ lễ, tết – Quy định về làm thêm giờ; Nghỉ hưu; Lao động nữ; KLLĐ [SOURCE_1], [SOURCE_2]. | P64: [SOURCE_1] ILO-VCCI_Labour-Law-Guide-Book-V04-Final | tr.4 | C ẨM NANG THỰC HIỆN BỘ LUẬT LAO ĐỘNG 2019 TẠI DOANH NGHIỆP | 0.9776 [SOURCE_2] ILO-VCCI_Labour-Law-Guide-Book-V04-Final | tr.4 | C ẨM NANG THỰC HIỆN BỘ LUẬT LAO ĐỘNG 2019 TẠI DOANH NGHIỆP | 0.9514 | Q64: [SOURCE_1] ILO-VCCI_Labour-Law-Guide-Book-V04-Final | tr.4 | C ẨM NANG THỰC HIỆN BỘ LUẬT LAO ĐỘNG 2019 TẠI DOANH NGHIỆP | 0.9776 [SOURCE_2] ILO-VCCI_Labour-Law-Guide-Book-V04-Final | tr.4 | C ẨM NANG THỰC HIỆN BỘ LUẬT LAO ĐỘNG 2019 TẠI DOANH NGHIỆP | 0.9514 [SOURCE_3] ILO-VCCI_Labour-Law-Guide-Book-V04-Final | tr.131 | K ẾT LUẬN | 0.5574 | R64: gemini-3.5-flash-lite | S64: 22.3 | T64: 0.85714286 | U64: 0.94594595 | V64: Yes | W64: Yes | X64: PASS | Z64: PASS | AA64: =IF(Z64="",X64,Z64) | AC64: [AI] Đồng ý với chấm tự động
A65: LAW_D_004 | B65: Direct Fact | C65: Chương I của cẩm nang nói về chủ đề gì? | D65: Quan hệ lao động và hợp đồng lao động. | E65: Căn cứ: phần “Chương I”, trang None. Nội dung được tài liệu xác nhận: Quan hệ lao động và hợp đồng lao động. | G65: Chương I | H65: quan hệ lao động | HĐLĐ | I65: Easy | J65: Single Chunk | K65: Yes | L65: Answer from document | N65: ILO-VCCI_Labour-Law-Guide-Book-V04-Final | O65: Dựa trên tài liệu được cung cấp, tôi không tìm thấy thông tin để trả lời câu hỏi này. | Q65: [SOURCE_1] ILO-VCCI_Labour-Law-Guide-Book-V04-Final | tr.4 | C ẨM NANG THỰC HIỆN BỘ LUẬT LAO ĐỘNG 2019 TẠI DOANH NGHIỆP | 0.3751 | R65: gemini-3.5-flash-lite | S65: 29.6 | T65: 0 | U65: 0 | V65: No | W65: n/a | X65: FAIL | Y65: Từ chối trả lời dù câu hỏi có đáp án | Z65: FAIL | AA65: =IF(Z65="",X65,Z65) | AB65: DEF-02 | AC65: [AI] Từ chối câu hỏi mục lục (Chương I)
A66: LAW_D_005 | B66: Direct Fact | C66: Cẩm nang có nội dung riêng về thử việc không? | D66: Có. Mục lục Chương I có phần về thử việc. | E66: Căn cứ: phần “Chương I - Thử việc”, trang 5. Nội dung được tài liệu xác nhận: Có. Mục lục Chương I có phần về thử việc. | F66: 5 | G66: Chương I - Thử việc | H66: thử việc | I66: Easy | J66: Single Chunk | K66: Yes | L66: Answer from document | N66: ILO-VCCI_Labour-Law-Guide-Book-V04-Final | O66: Dựa trên tài liệu được cung cấp, cẩm nang có tập trung vào nội dung về thời gian thử việc [SOURCE_1]. Tuy nhiên, trong phần tóm tắt các nội dung chính của cẩm nang, thời gian thử việc không được liệt kê là một mục chính riêng biệt mà nằm trong các thay đổi quan trọng mà cẩm nang tập trung hướng đến [SOURCE_1]. | P66: [SOURCE_1] ILO-VCCI_Labour-Law-Guide-Book-V04-Final | tr.4 | C ẨM NANG THỰC HIỆN BỘ LUẬT LAO ĐỘNG 2019 TẠI DOANH NGHIỆP | 0.9076 | Q66: [SOURCE_1] ILO-VCCI_Labour-Law-Guide-Book-V04-Final | tr.4 | C ẨM NANG THỰC HIỆN BỘ LUẬT LAO ĐỘNG 2019 TẠI DOANH NGHIỆP | 0.9076 [SOURCE_2] ILO-VCCI_Labour-Law-Guide-Book-V04-Final | tr.4 | C ẨM NANG THỰC HIỆN BỘ LUẬT LAO ĐỘNG 2019 TẠI DOANH NGHIỆP | 0.4911 | R66: gemini-3.5-flash-lite | S66: 18.4 | T66: 1 | U66: 0.66666667 | V66: Yes | W66: Yes | X66: PASS | Z66: PARTIAL | AA66: =IF(Z66="",X66,Z66) | AB66: DEF-02 | AC66: [AI] Không chắc: nói có nội dung thử việc nhưng 'không phải mục riêng', trái với mục lục Chương I
A67: LAW_D_006 | B67: Direct Fact | C67: Cẩm nang có chương riêng về xử lý kỷ luật lao động không? | D67: Có. Chương III là Xử lý kỷ luật lao động. | E67: Căn cứ: phần “Chương III”, trang 7. Nội dung được tài liệu xác nhận: Có. Chương III là Xử lý kỷ luật lao động. | F67: 7 | G67: Chương III | H67: kỷ luật lao động | I67: Easy | J67: Single Chunk | K67: Yes | L67: Answer from document | N67: ILO-VCCI_Labour-Law-Guide-Book-V04-Final | O67: Có, cẩm nang có chương riêng về xử lý kỷ luật lao động, đó là **CHƯƠNG III. XỬ LÝ KỶ LUẬT LAO ĐỘNG** [SOURCE_1]. | P67: [SOURCE_1] ILO-VCCI_Labour-Law-Guide-Book-V04-Final | tr.7 | C ẨM NANG THỰC HIỆN BỘ LUẬT LAO ĐỘNG 2019 TẠI DOANH NGHIỆP | 0.9711 | Q67: [SOURCE_1] ILO-VCCI_Labour-Law-Guide-Book-V04-Final | tr.7 | C ẨM NANG THỰC HIỆN BỘ LUẬT LAO ĐỘNG 2019 TẠI DOANH NGHIỆP | 0.9711 [SOURCE_2] ILO-VCCI_Labour-Law-Guide-Book-V04-Final | tr.7 | C ẨM NANG THỰC HIỆN BỘ LUẬT LAO ĐỘNG 2019 TẠI DOANH NGHIỆP | 0.9607 [SOURCE_3] ILO-VCCI_Labour-Law-Guide-Book-V04-Final | tr.4 | C ẨM NANG THỰC HIỆN BỘ LUẬT LAO ĐỘNG 2019 TẠI DOANH NGHIỆP | 0.9178 [SOURCE_4] ILO-VCCI_Labour-Law-Guide-Book-V04-Final | tr.131 | K ẾT LUẬN | 0.8626 | R67: gemini-3.5-flash-lite | S67: 23.4 | T67: 1 | U67: 1 | V67: Yes | W67: Yes | X67: PASS | Z67: PASS | AA67: =IF(Z67="",X67,Z67) | AC67: [AI] Đồng ý với chấm tự động
A68: LAW_D_007 | B68: Direct Fact | C68: Cẩm nang có nội dung về tiền lương làm thêm giờ và làm việc ban đêm không? | D68: Có. Mục lục có mục riêng “Tiền lương làm thêm giờ, làm việc vào ban đêm”. | E68: Căn cứ: phần “Chương tiền lương”, trang 8. Nội dung được tài liệu xác nhận: Có. Mục lục có mục riêng “Tiền lương làm thêm giờ, làm việc vào ban đêm”. | F68: 8 | G68: Chương tiền lương | H68: làm thêm giờ | ban đêm | tiền lương | I68: Easy | J68: Single Chunk | K68: Yes | L68: Answer from document | N68: ILO-VCCI_Labour-Law-Guide-Book-V04-Final | O68: Có, cẩm nang có nội dung về tiền lương làm thêm giờ và làm việc vào ban đêm [SOURCE_2, SOURCE_3, SOURCE_5]. Nội dung này được trình bày chi tiết bao gồm tiền lương làm thêm giờ, tiền lương làm việc vào ban đêm, và tiền lương làm thêm giờ vào ban đêm [SOURCE_2, SOURCE_5]. | Q68: [SOURCE_1] ILO-VCCI_Labour-Law-Guide-Book-V04-Final | tr.4 | C ẨM NANG THỰC HIỆN BỘ LUẬT LAO ĐỘNG 2019 TẠI DOANH NGHIỆP | 0.9897 [SOURCE_2] ILO-VCCI_Labour-Law-Guide-Book-V04-Final | tr.8 | C ẨM NANG THỰC HIỆN BỘ LUẬT LAO ĐỘNG 2019 TẠI DOANH NGHIỆP | 0.9803 [SOURCE_3] ILO-VCCI_Labour-Law-Guide-Book-V04-Final | tr.4 | C ẨM NANG THỰC HIỆN BỘ LUẬT LAO ĐỘNG 2019 TẠI DOANH NGHIỆP | 0.9699 [SOURCE_4] Văn-bản-hợp-nhất-18-VBHN-VPQH | tr.38 | Điều 98. Tiền lương làm thêm giờ, làm việc vào ban đêm | 0.9034 [SOURCE_5] ILO-VCCI_Labour-Law-Guide-Book-V04-Final | tr.99 | IV. TIỀN LƯƠNG LÀM THÊM GIỜ, LÀM VIỆC VÀO BAN ĐÊM | 0.88 | R68: gemini-3.5-flash-lite | S68: 19.4 | T68: 1 | U68: 0.71428571 | V68: No | W68: No | X68: PARTIAL | Y68: Không trích tài liệu mong đợi (có trong ngữ cảnh); Không trích đúng trang 8 (±1) | Z68: PARTIAL | AA68: =IF(Z68="",X68,Z68) | AB68: DEF-01 | AC68: [AI] Nội dung đúng nhưng mất toàn bộ trích dẫn (thẻ gộp)
A69: LAW_D_008 | B69: Concept | C69: Cẩm nang tiếp cận các thay đổi của BLLĐ 2019 theo cách nào? | D69: Làm rõ khác biệt giữa BLLĐ 2012 và 2019 cùng văn bản liên quan, sau đó đưa ra giải pháp/kiến nghị để doanh nghiệp điều chỉnh và tuân thủ. | E69: Căn cứ: phần “Lời nói đầu”, trang 4. Nội dung được tài liệu xác nhận: Làm rõ khác biệt giữa BLLĐ 2012 và 2019 cùng văn bản liên quan, sau đó đưa ra giải pháp/kiến nghị để doanh nghiệp điều chỉnh và tuân thủ. | F69: 4 | G69: Lời nói đầu | H69: so sánh 2012-2019 | giải pháp | doanh nghiệp | I69: Medium | J69: Single Chunk | K69: Yes | L69: Answer from document | N69: ILO-VCCI_Labour-Law-Guide-Book-V04-Final | O69: Cẩm nang tiếp cận các thay đổi của Bộ luật Lao động 2019 (BLLĐ 2019) thông qua việc làm rõ sự khác biệt giữa các quy định của BLLĐ 2012 và BLLĐ 2019 cùng với các văn bản pháp luật mới có liên quan điều chỉnh quan hệ lao động [SOURCE_1]. Từ đó, cẩm nang đưa ra các giải pháp và kiến nghị đối với doanh nghiệp trong việc cải cách những thay đổi đó [SOURCE_1]. | P69: [SOURCE_1] ILO-VCCI_Labour-Law-Guide-Book-V04-Final | tr.4 | C ẨM NANG THỰC HIỆN BỘ LUẬT LAO ĐỘNG 2019 TẠI DOANH NGHIỆP | 0.9978 | Q69: [SOURCE_1] ILO-VCCI_Labour-Law-Guide-Book-V04-Final | tr.4 | C ẨM NANG THỰC HIỆN BỘ LUẬT LAO ĐỘNG 2019 TẠI DOANH NGHIỆP | 0.9978 [SOURCE_2] ILO-VCCI_Labour-Law-Guide-Book-V04-Final | tr.131 | K ẾT LUẬN | 0.9893 [SOURCE_3] ILO-VCCI_Labour-Law-Guide-Book-V04-Final | tr.3 | Vai trò và mục tiêu của Cẩm nang Thực hiện BLLĐ 2019 đối với | 0.9866 [SOURCE_4] ILO-VCCI_Labour-Law-Guide-Book-V04-Final | tr.83 | IV. QUY ĐỊNH VỀ THƯƠNG LƯỢNG TẬP THỂ CÓ NHIỀU DOANH NGHIỆP > | 0.9473 [SOURCE_5] ILO-VCCI_Labour-Law-Guide-Book-V04-Final | tr.4 | C ẨM NANG THỰC HIỆN BỘ LUẬT LAO ĐỘNG 2019 TẠI DOANH NGHIỆP | 0.9429 | R69: gemini-3.5-flash-lite | S69: 14 | T69: 0.66666667 | U69: 0.89285714 | V69: Yes | W69: Yes | X69: PARTIAL | Y69: Thiếu từ khóa (67%) | Z69: PASS | AA69: =IF(Z69="",X69,Z69) | AC69: [AI] Đúng ý; scorer chấm thiếu từ khóa oan
A70: LAW_D_009 | B70: Navigation | C70: Muốn tìm dấu hiệu nhận biết quan hệ lao động, cần truy xuất phần nào? | D70: Chương I, mục I - Quan hệ lao động, phần “Dấu hiệu nhận biết quan hệ lao động”. | E70: Căn cứ: phần “Chương I - Quan hệ lao động”, trang 5. Nội dung được tài liệu xác nhận: Chương I, mục I - Quan hệ lao động, phần “Dấu hiệu nhận biết quan hệ lao động”. | F70: 5 | G70: Chương I - Quan hệ lao động | H70: dấu hiệu | quan hệ lao động | I70: Medium | J70: Single Chunk | K70: Yes | L70: Answer from document | N70: ILO-VCCI_Labour-Law-Guide-Book-V04-Final | O70: Dựa trên tài liệu được cung cấp, để tìm dấu hiệu nhận biết quan hệ lao động, bạn cần truy xuất phần **"2. Dấu hiệu nhận biết quan hệ lao động"** (nằm ở trang 10 của tài liệu) [SOURCE_1], [SOURCE_2]. | P70: [SOURCE_1] ILO-VCCI_Labour-Law-Guide-Book-V04-Final | tr.10 | 2. Dấu hiệu nhận biết quan hệ lao động | 0.629 [SOURCE_2] ILO-VCCI_Labour-Law-Guide-Book-V04-Final | tr.5 | MỤC LỤC | 0.4961 | Q70: [SOURCE_1] ILO-VCCI_Labour-Law-Guide-Book-V04-Final | tr.10 | 2. Dấu hiệu nhận biết quan hệ lao động | 0.629 [SOURCE_2] ILO-VCCI_Labour-Law-Guide-Book-V04-Final | tr.5 | MỤC LỤC | 0.4961 [SOURCE_3] ILO-VCCI_Labour-Law-Guide-Book-V04-Final | tr.10 | 2. Dấu hiệu nhận biết quan hệ lao động | 0.455 | R70: gemini-3.5-flash-lite | S70: 21.3 | T70: 1 | U70: 0.86666667 | V70: Yes | W70: Yes | X70: PASS | Z70: PASS | AA70: =IF(Z70="",X70,Z70) | AC70: [AI] Đồng ý với chấm tự động
A71: LAW_D_010 | B71: Navigation | C71: Muốn tìm thay đổi về quyền NLĐ đơn phương chấm dứt HĐLĐ, cần truy xuất phần nào? | D71: Chương về chấm dứt HĐLĐ, mục nêu “Những điểm mới liên quan đến việc NLĐ đơn phương chấm dứt HĐLĐ”. | E71: Căn cứ: phần “Chấm dứt HĐLĐ”, trang 6. Nội dung được tài liệu xác nhận: Chương về chấm dứt HĐLĐ, mục nêu “Những điểm mới liên quan đến việc NLĐ đơn phương chấm dứt HĐLĐ”. | F71: 6 | G71: Chấm dứt HĐLĐ | H71: NLĐ | đơn phương chấm dứt | điểm mới | I71: Medium | J71: Single Chunk | K71: Yes | L71: Answer from document | N71: ILO-VCCI_Labour-Law-Guide-Book-V04-Final | O71: Dựa trên tài liệu được cung cấp, để tìm hiểu về những điểm mới liên quan đến quyền của người lao động (NLĐ) đơn phương chấm dứt hợp đồng lao động (HĐLĐ), bạn cần truy xuất phần **"3. Những điểm mới liên quan đến việc NLĐ đơn phương chấm dứt HĐLĐ"** [SOURCE_1, SOURCE_2]. Phần này nằm ở trang 32 của tài liệu *ILO-VCCI_Labour-Law-Guide-Book-V04-Final.pdf* [SOURCE_1, SOURCE_2]. | Q71: [SOURCE_1] ILO-VCCI_Labour-Law-Guide-Book-V04-Final | tr.32 | 3. Những điểm mới liên quan đến việc NLĐ đơn phương chấm dứt | 0.9129 [SOURCE_2] ILO-VCCI_Labour-Law-Guide-Book-V04-Final | tr.32 | 3. Những điểm mới liên quan đến việc NLĐ đơn phương chấm dứt | 0.9015 [SOURCE_3] luu-ban-nhap-tu-dong-3-4 | tr.419 | Mục 3: SỬA ĐỔI, BỔ SUNG, CHẤM DỨT HỢP ĐỒNG LAO ĐỘNG > Điều 1 | 0.798 [SOURCE_4] ILO-VCCI_Labour-Law-Guide-Book-V04-Final | tr.46 | 1. NSDLĐ đơn phương chấm dứt HĐLĐ trái pháp luật > (a) Trách | 0.6872 [SOURCE_5] ILO-VCCI_Labour-Law-Guide-Book-V04-Final | tr.124 | (b) Trường hợp 2: Các bên tiếp tục thực hiện HĐLĐ đã giao kế | 0.6683 | R71: gemini-3.5-flash-lite | S71: 19.5 | T71: 1 | U71: 0.88 | V71: No | W71: No | X71: PARTIAL | Y71: Không trích tài liệu mong đợi (có trong ngữ cảnh); Không trích đúng trang 6 (±1) | Z71: PARTIAL | AA71: =IF(Z71="",X71,Z71) | AB71: DEF-01 | AC71: [AI] Chỉ đúng mục 'Những điểm mới...' nhưng mất toàn bộ trích dẫn (thẻ gộp)
A72: LAW_D_011 | B72: Navigation | C72: Câu hỏi doanh nghiệp cho thôi việc do thay đổi cơ cấu, công nghệ hoặc lý do kinh tế cần truy xuất phần nào? | D72: Phần III về chấm dứt HĐLĐ do thay đổi cơ cấu, công nghệ hoặc vì lý do kinh tế, gồm căn cứ và quy trình cho thôi việc. | E72: Căn cứ: phần “Chấm dứt HĐLĐ”, trang 6. Nội dung được tài liệu xác nhận: Phần III về chấm dứt HĐLĐ do thay đổi cơ cấu, công nghệ hoặc vì lý do kinh tế, gồm căn cứ và quy trình cho thôi việc. | F72: 6 | G72: Chấm dứt HĐLĐ | H72: cơ cấu | công nghệ | lý do kinh tế | cho thôi việc | I72: Medium | J72: Single Chunk | K72: Yes | L72: Answer from document | N72: ILO-VCCI_Labour-Law-Guide-Book-V04-Final | O72: Dựa trên tài liệu được cung cấp, khi người sử dụng lao động cho người lao động thôi việc do thay đổi cơ cấu, công nghệ hoặc vì lý do kinh tế, quy trình thủ tục pháp lý cần tuân thủ bao gồm các bước sau [SOURCE_1]: * **Bước 1:** Người sử dụng lao động lập danh sách những người lao động sẽ được đào tạo lại để tiếp tục sử dụng [SOURCE_1]. * **Bước 2:** Người sử dụng lao động xây dựng Phương án sử dụng lao động (PASDLĐ) với sự tham gia trao đổi của Tổ chức đại diện người lao động tại cơ sở (TCĐDNLĐCS) đối với nơi có tổ chức này [SOURCE_1]. * **Bước 3:** Người sử dụng lao động tổ chức đối thoại tại nơi làm việc để trao đổi về việc xây dựng PASDLĐ và công bố công khai tại nơi làm việc những nội dung chính của đối thoại trong vòng 03 ngày làm việc kể từ khi kết thúc đối thoại [SOURCE_1]. * **Bước 5:** Người sử dụng lao động thông báo công khai PASDLĐ cho người lao động biết trong thời hạn 15 ngày kể từ ngày PASDLĐ được thông qua [SOURCE_1]. Bên cạnh đó, trong quá trình xây dựng và thực hiện PASDLĐ, người sử dụng lao động cần giải trình thuyết phục các lý do thay đổi cơ cấu, công nghệ, lý do kinh tế và lý do cho thôi việc [SOURCE_2], đồng thời thực hiện việc thông báo bằng văn bản cho cơ quan quản lý nhà nước về lao động cấp tỉnh với các nội dung chủ yếu theo quy định [SOURCE_3, SOURCE_4]. | P72: [SOURCE_1] ILO-VCCI_Labour-Law-Guide-Book-V04-Final | tr.34 | 2. Quy trình cho thôi việc | 0.9012 [SOURCE_2] ILO-VCCI_Labour-Law-Guide-Book-V04-Final | tr.39 | (b) Việc xây dựng và thực hiện PASDLĐ | 0.893 | Q72: [SOURCE_1] ILO-VCCI_Labour-Law-Guide-Book-V04-Final | tr.34 | 2. Quy trình cho thôi việc | 0.9012 [SOURCE_2] ILO-VCCI_Labour-Law-Guide-Book-V04-Final | tr.39 | (b) Việc xây dựng và thực hiện PASDLĐ | 0.893 [SOURCE_3] luu-ban-nhap-tu-dong-3-4 | tr.419 | Điều 13. Thay đổi cơ cấu, công nghệ và lý do kinh tế | 0.8908 [SOURCE_4] luu-ban-nhap-tu-dong-3-4 | tr.420 | Điều 13. Thay đổi cơ cấu, công nghệ và lý do kinh tế | 0.8908 [SOURCE_5] ILO-VCCI_Labour-Law-Guide-Book-V04-Final | tr.68 | (ii) NSDLĐ cho thôi việc trong trường hợp thay đổi cơ cấu, c | 0.8432 | R72: gemini-3.5-flash-lite | S72: 16.8 | T72: 1 | U72: 0.73076923 | V72: Yes | W72: No | X72: PASS | Y72: Không trích đúng trang 6 (±1) | Z72: PARTIAL | AA72: =IF(Z72="",X72,Z72) | AB72: DEF-02 | AC72: [AI] PASS oan của scorer: trả lời quy trình thay vì chỉ ra phần cần truy xuất
A73: LAW_D_012 | B73: Navigation | C73: Muốn tra các hình thức xử lý kỷ luật lao động, cần vào phần nào? | D73: Chương III - Xử lý kỷ luật lao động, mục II “Các hình thức xử lý kỷ luật lao động”. | E73: Căn cứ: phần “Chương III”, trang 7. Nội dung được tài liệu xác nhận: Chương III - Xử lý kỷ luật lao động, mục II “Các hình thức xử lý kỷ luật lao động”. | F73: 7 | G73: Chương III | H73: hình thức | kỷ luật lao động | I73: Medium | J73: Single Chunk | K73: Yes | L73: Answer from document | N73: ILO-VCCI_Labour-Law-Guide-Book-V04-Final | O73: Dựa trên tài liệu được cung cấp, để tra cứu các hình thức xử lý kỷ luật lao động, bạn có thể tìm đến các phần sau: * Mục **"II. CÁC HÌNH THỨC XỬ LÝ KỶ LUẬT LAO ĐỘNG"** [SOURCE_2]. * Phần **"2. Các hình thức xử lý kỷ luật lao động:"** [SOURCE_4]. * **"Điều 124. Hình thức xử lý kỷ luật lao động"** [SOURCE_5]. * Mục **"Các hành vi vi phạm kỷ luật lao động, hình thức xử lý kỷ luật lao động và trách nhiệm vật chất"** trong nội dung của nội quy lao động (Chương V, Mục 1, Điều 27) [SOURCE_3]. | P73: [SOURCE_2] ILO-VCCI_Labour-Law-Guide-Book-V04-Final | tr.53 | II. CÁC HÌNH THỨC XỬ LÝ KỶ LUẬT LAO ĐỘNG | 0.872 [SOURCE_3] luu-ban-nhap-tu-dong-3-4 | tr.426 | Chương V > KỶ LUẬT LAO ĐỘNG, TRÁCH NHIỆM VẬT CHẤT Mục 1: KỶ | 0.7889 [SOURCE_4] giao trinh Luat lao dong CB 2005 (1) | tr.91 | 2. Các hình thức xử lý kỷ luật lao động: | 0.6221 [SOURCE_5] luu-ban-nhap-tu-dong-3-4 | tr.40 | Điều 124. Hình thức xử lý kỷ luật lao động | 0.5988 | Q73: [SOURCE_1] giao trinh Luat lao dong CB 2005 (1) | tr.92 | (3) Sa thải: | 0.8993 [SOURCE_2] ILO-VCCI_Labour-Law-Guide-Book-V04-Final | tr.53 | II. CÁC HÌNH THỨC XỬ LÝ KỶ LUẬT LAO ĐỘNG | 0.872 [SOURCE_3] luu-ban-nhap-tu-dong-3-4 | tr.426 | Chương V > KỶ LUẬT LAO ĐỘNG, TRÁCH NHIỆM VẬT CHẤT Mục 1: KỶ | 0.7889 [SOURCE_4] giao trinh Luat lao dong CB 2005 (1) | tr.91 | 2. Các hình thức xử lý kỷ luật lao động: | 0.6221 [SOURCE_5] luu-ban-nhap-tu-dong-3-4 | tr.40 | Điều 124. Hình thức xử lý kỷ luật lao động | 0.5988 | R73: gemini-3.5-flash-lite | S73: 19.7 | T73: 1 | U73: 0.94444444 | V73: Yes | W73: No | X73: PASS | Y73: Không trích đúng trang 7 (±1) | Z73: PASS | AA73: =IF(Z73="",X73,Z73) | AC73: [AI] Đồng ý với chấm tự động
A74: LAW_D_013 | B74: Navigation | C74: Muốn tra kỳ hạn trả lương, cần tìm mục nào? | D74: Mục “Kỳ hạn trả lương” trong chương/phần về tiền lương. | E74: Căn cứ: phần “Tiền lương”, trang 8. Nội dung được tài liệu xác nhận: Mục “Kỳ hạn trả lương” trong chương/phần về tiền lương. | F74: 8 | G74: Tiền lương | H74: kỳ hạn | trả lương | I74: Medium | J74: Single Chunk | K74: Yes | L74: Answer from document | N74: ILO-VCCI_Labour-Law-Guide-Book-V04-Final | O74: Dựa trên tài liệu được cung cấp, tôi không tìm thấy thông tin để trả lời câu hỏi này. | R74: (no LLM call: early exit) | S74: 11.8 | T74: 0 | U74: 0.11111111 | V74: No | W74: No | X74: FAIL | Y74: Từ chối trả lời dù câu hỏi có đáp án | Z74: FAIL | AA74: =IF(Z74="",X74,Z74) | AB74: DEF-02 | AC74: [AI] Từ chối câu hỏi điều hướng
A75: LAW_D_014 | B75: Scope | C75: Cẩm nang có áp dụng chi tiết cho doanh nghiệp cho thuê lại lao động không? | D75: Không phải trọng tâm. Tài liệu lưu ý phạm vi dành cho đa số doanh nghiệp sản xuất kinh doanh; doanh nghiệp kinh doanh có điều kiện như cho thuê lại lao động được hướng dẫn chi tiết ở tài liệu khác. | E75: Căn cứ: phần “Lời nói đầu - Phạm vi”, trang None. Nội dung được tài liệu xác nhận: Không phải trọng tâm. Tài liệu lưu ý phạm vi dành cho đa số doanh nghiệp sản xuất kinh doanh; doanh nghiệp kinh doanh có điều kiện như cho thuê lại lao động được hướng dẫn chi tiết ở tài liệu khác. | G75: Lời nói đầu - Phạm vi | H75: phạm vi | cho thuê lại lao động | tài liệu khác | I75: Medium | J75: Single Chunk | K75: Yes | L75: Answer from document | N75: ILO-VCCI_Labour-Law-Guide-Book-V04-Final | O75: Dựa trên tài liệu được cung cấp, phạm vi của cẩm nang dành cho đa số các doanh nghiệp sản xuất kinh doanh, tuy nhiên đối với các doanh nghiệp thuộc lĩnh vực kinh doanh có điều kiện như cho thuê lại lao động sẽ không được hướng dẫn chi tiết trong cẩm nang này mà sẽ được hướng dẫn chi tiết ở tài liệu khác [SOURCE_1]. | P75: [SOURCE_1] ILO-VCCI_Labour-Law-Guide-Book-V04-Final | tr.4 | C ẨM NANG THỰC HIỆN BỘ LUẬT LAO ĐỘNG 2019 TẠI DOANH NGHIỆP | 0.9962 | Q75: [SOURCE_1] ILO-VCCI_Labour-Law-Guide-Book-V04-Final | tr.4 | C ẨM NANG THỰC HIỆN BỘ LUẬT LAO ĐỘNG 2019 TẠI DOANH NGHIỆP | 0.9962 [SOURCE_2] luu-ban-nhap-tu-dong-3-4 | tr.170 | Điều 65. An toàn, vệ sinh lao động trong trường hợp cho thuê | 0.639 [SOURCE_3] ILO-VCCI_Labour-Law-Guide-Book-V04-Final | tr.131 | K ẾT LUẬN | 0.6096 [SOURCE_4] Văn-bản-hợp-nhất-18-VBHN-VPQH | tr.22 | Mục 5 CHO THUÊ LẠI LAO ĐỘNG > Điều 52. Cho thuê lại lao động | 0.4841 [SOURCE_5] luu-ban-nhap-tu-dong-3-4 | tr.363 | Điều 3. Giải thích từ ngữ | 0.4912 | R75: gemini-3.5-flash-lite | S75: 20.7 | T75: 1 | U75: 0.89655172 | V75: Yes | W75: n/a | X75: PASS | Z75: PASS | AA75: =IF(Z75="",X75,Z75) | AC75: [AI] Đồng ý với chấm tự động
A76: LAW_D_015 | B76: Multi-hop | C76: Một doanh nghiệp hỏi vừa về chuyển NLĐ sang công việc khác vừa về chấm dứt HĐLĐ do thay đổi cơ cấu. Retrieval nên lấy những phần nào? | D76: Cần kết hợp nội dung Chương I về chuyển NLĐ làm công việc khác so với HĐLĐ với phần chấm dứt HĐLĐ do thay đổi cơ cấu, công nghệ/lý do kinh tế. | E76: Căn cứ: phần “Chương I + Chấm dứt HĐLĐ”, trang 4. Nội dung được tài liệu xác nhận: Cần kết hợp nội dung Chương I về chuyển NLĐ làm công việc khác so với HĐLĐ với phần chấm dứt HĐLĐ do thay đổi cơ cấu, công nghệ/lý do kinh tế. | F76: 4 | G76: Chương I + Chấm dứt HĐLĐ | H76: chuyển công việc | thay đổi cơ cấu | chấm dứt | I76: Hard | J76: Multiple Chunks | K76: Yes | L76: Answer from document | N76: ILO-VCCI_Labour-Law-Guide-Book-V04-Final | O76: Dựa trên tài liệu được cung cấp, tôi không tìm thấy thông tin để trả lời câu hỏi này. | Q76: [SOURCE_1] ILO-VCCI_Labour-Law-Guide-Book-V04-Final | tr.36 | 3. Những điểm mới cần lưu ý khi thực hiện quy trình cho thôi | 0.7433 [SOURCE_2] ILO-VCCI_Labour-Law-Guide-Book-V04-Final | tr.38 | 5. Các vấn đề cần lưu ý khi chấm dứt HĐLĐ do thay đổi cơ cấu | 0.642 [SOURCE_3] ILO-VCCI_Labour-Law-Guide-Book-V04-Final | tr.33 | III. CHẤM DỨT HĐLĐ DO THAY ĐỔI CƠ CẤU, CÔNG NGHỆ HOẶC VÌ LÝ | 0.6049 [SOURCE_4] ILO-VCCI_Labour-Law-Guide-Book-V04-Final | tr.6 | MỤC LỤC | 0.5582 [SOURCE_5] ILO-VCCI_Labour-Law-Guide-Book-V04-Final | tr.38 | 4. Trách nhiệm chi trả trợ cấp mất việc làm của NSDLĐ khi ch | 0.4097 | R76: gemini-3.5-flash-lite | S76: 16.5 | T76: 0 | U76: 0 | V76: No | W76: No | X76: FAIL | Y76: Từ chối trả lời dù câu hỏi có đáp án | Z76: FAIL | AA76: =IF(Z76="",X76,Z76) | AB76: DEF-03 | AC76: [AI] Từ chối câu hỏi gộp 2 chủ đề
A77: LAW_D_016 | B77: Multi-hop | C77: Một câu hỏi về làm thêm vào ngày lễ vừa liên quan thời giờ nghỉ vừa liên quan tiền lương. Cẩm nang định hướng retrieval qua những nhóm nội dung nào? | D77: Cần kết hợp phần ngày nghỉ lễ, tết/quy định làm thêm giờ với phần tiền lương, đặc biệt tiền lương làm thêm giờ và làm việc ban đêm. | E77: Căn cứ: phần “Nghỉ lễ/tết + Tiền lương”, trang 4. Nội dung được tài liệu xác nhận: Cần kết hợp phần ngày nghỉ lễ, tết/quy định làm thêm giờ với phần tiền lương, đặc biệt tiền lương làm thêm giờ và làm việc ban đêm. | F77: 4 | G77: Nghỉ lễ/tết + Tiền lương | H77: ngày lễ | làm thêm | tiền lương | I77: Hard | J77: Multiple Chunks | K77: Yes | L77: Answer from document | N77: ILO-VCCI_Labour-Law-Guide-Book-V04-Final | O77: Dựa trên tài liệu được cung cấp, cẩm nang tập trung vào các thay đổi quan trọng liên quan đến các nhóm nội dung như: HĐLĐ; hình thức của HĐLĐ; hành vi người sử dụng lao động không được làm khi giao kết, thực hiện HĐLĐ; thời gian thử việc; chuyển người lao động làm công việc khác so với HĐLĐ; tạm hoãn thực hiện HĐLĐ; quyền đơn phương chấm dứt HĐLĐ của người lao động và người sử dụng lao động; tổ chức đối thoại tại nơi làm việc; tiền lương thỏa ước tập thể (TLTT); nguyên tắc trả lương; thưởng; làm thêm giờ; nghỉ lễ, tết; sử dụng người lao động cao tuổi; tuổi nghỉ hưu [SOURCE_4]. Nội dung chính của cẩm nang bao gồm: Giới thiệu về thỏa ước lao động tập thể tại doanh nghiệp (TLTTNDN); quan hệ lao động (QHLĐ) và hợp đồng lao động (HĐLĐ); chấm dứt HĐLĐ; tiền lương; ngày nghỉ lễ, tết – quy định về làm thêm giờ; nghỉ hưu; lao động nữ; kỷ luật lao động (KLLĐ) [SOURCE_1], [SOURCE_4]. | P77: [SOURCE_1] ILO-VCCI_Labour-Law-Guide-Book-V04-Final | tr.4 | C ẨM NANG THỰC HIỆN BỘ LUẬT LAO ĐỘNG 2019 TẠI DOANH NGHIỆP | 0.7563 [SOURCE_4] ILO-VCCI_Labour-Law-Guide-Book-V04-Final | tr.4 | C ẨM NANG THỰC HIỆN BỘ LUẬT LAO ĐỘNG 2019 TẠI DOANH NGHIỆP | 0.3808 | Q77: [SOURCE_1] ILO-VCCI_Labour-Law-Guide-Book-V04-Final | tr.4 | C ẨM NANG THỰC HIỆN BỘ LUẬT LAO ĐỘNG 2019 TẠI DOANH NGHIỆP | 0.7563 [SOURCE_2] ILO-VCCI_Labour-Law-Guide-Book-V04-Final | tr.101 | (c) Làm thêm giờ vào ngày lễ, tết trùng vào ngày nghỉ hằng t | 0.7003 [SOURCE_3] luu-ban-nhap-tu-dong-3-4 | tr.424 | Điều 25. Tiền lương làm thêm giờ, làm việc vào ban đêm | 0.4553 [SOURCE_4] ILO-VCCI_Labour-Law-Guide-Book-V04-Final | tr.4 | C ẨM NANG THỰC HIỆN BỘ LUẬT LAO ĐỘNG 2019 TẠI DOANH NGHIỆP | 0.3808 [SOURCE_5] so-tay-kien-thuc-phap-luat-lao-dong-cdi | tr.19 | Trả lời: | 0.3533 | R77: gemini-3.5-flash-lite | S77: 23.3 | T77: 1 | U77: 0.74074074 | V77: Yes | W77: Yes | X77: PASS | Z77: PARTIAL | AA77: =IF(Z77="",X77,Z77) | AB77: DEF-02 | AC77: [AI] PASS oan của scorer: liệt kê toàn bộ nội dung cẩm nang, không chọn ra phần nghỉ lễ/làm thêm giờ và tiền lương
A78: LAW_D_017 | B78: Comparison | C78: Vì sao cẩm nang phù hợp để test câu hỏi “điểm mới” hơn một văn bản luật thuần túy? | D78: Vì cẩm nang chủ động so sánh BLLĐ 2012 với BLLĐ 2019 và giải thích thay đổi, thay vì chỉ trình bày điều khoản hiện hành. | E78: Căn cứ: phần “Lời nói đầu”, trang None. Nội dung được tài liệu xác nhận: Vì cẩm nang chủ động so sánh BLLĐ 2012 với BLLĐ 2019 và giải thích thay đổi, thay vì chỉ trình bày điều khoản hiện hành. | G78: Lời nói đầu | H78: so sánh | điểm mới | 2012 | 2019 | I78: Hard | J78: Single Chunk | K78: Yes | L78: Answer from document | N78: ILO-VCCI_Labour-Law-Guide-Book-V04-Final | O78: Dựa trên tài liệu được cung cấp, tôi không tìm thấy thông tin để trả lời câu hỏi này. | R78: (no LLM call: early exit) | S78: 13.1 | T78: 0 | U78: 0 | V78: No | W78: n/a | X78: FAIL | Y78: Từ chối trả lời dù câu hỏi có đáp án | Z78: FAIL | AA78: =IF(Z78="",X78,Z78) | AB78: DEF-04 | AC78: [AI] Từ chối
A79: LAW_D_018 | B79: Source-awareness | C79: Nếu cẩm nang nói một quy định “mới” của BLLĐ 2019, RAG có nên tự suy ra đó vẫn là quy định mới nhất năm 2026 không? | D79: Không. Cẩm nang xuất bản năm 2021 và tự lưu ý có thể có quy định mới chưa kịp cập nhật; câu hỏi hiện hành 2026 cần đối chiếu nguồn pháp luật cập nhật hơn. | E79: Căn cứ: phần “Lời nói đầu - Lưu ý cập nhật”, trang None. Nội dung được tài liệu xác nhận: Không. Cẩm nang xuất bản năm 2021 và tự lưu ý có thể có quy định mới chưa kịp cập nhật; câu hỏi hiện hành 2026 cần đối chiếu nguồn pháp luật cập nhật hơn. | G79: Lời nói đầu - Lưu ý cập nhật | H79: 2021 | cập nhật | 2026 | đối chiếu | I79: Hard | J79: Multiple Chunks | K79: Yes | L79: Answer with temporal caveat | N79: ILO-VCCI_Labour-Law-Guide-Book-V04-Final | O79: Dựa trên tài liệu được cung cấp, tôi không tìm thấy thông tin để trả lời câu hỏi này. | Q79: [SOURCE_1] ILO-VCCI_Labour-Law-Guide-Book-V04-Final | tr.4 | C ẨM NANG THỰC HIỆN BỘ LUẬT LAO ĐỘNG 2019 TẠI DOANH NGHIỆP | 0.6836 [SOURCE_2] ILO-VCCI_Labour-Law-Guide-Book-V04-Final | tr.131 | K ẾT LUẬN | 0.5247 [SOURCE_3] ILO-VCCI_Labour-Law-Guide-Book-V04-Final | tr.3 | Vai trò và mục tiêu của Cẩm nang Thực hiện BLLĐ 2019 đối với | 0.3804 | R79: gemini-3.5-flash-lite | S79: 15.5 | T79: 0 | U79: 0.066666667 | V79: No | W79: n/a | X79: FAIL | Y79: Từ chối trả lời dù câu hỏi có đáp án | Z79: FAIL | AA79: =IF(Z79="",X79,Z79) | AB79: DEF-04 | AC79: [AI] Từ chối; câu hỏi về hành vi RAG, cần SME xem lại thiết kế test
A80: LAW_D_019 | B80: Synthesis | C80: Mục tiêu của cẩm nang đối với quản trị doanh nghiệp là gì ngoài việc “biết luật”? | D80: Giúp NSDLĐ nhận diện thay đổi pháp luật để tuân thủ, cải cách bộ máy quản lý và tổ chức đối thoại/thương lượng tập thể, qua đó hạn chế mâu thuẫn trong quan hệ lao động. | E80: Căn cứ: phần “Lời nói đầu”, trang 3. Nội dung được tài liệu xác nhận: Giúp NSDLĐ nhận diện thay đổi pháp luật để tuân thủ, cải cách bộ máy quản lý và tổ chức đối thoại/thương lượng tập thể, qua đó hạn chế mâu thuẫn trong quan hệ lao động. | F80: 3 | G80: Lời nói đầu | H80: tuân thủ | quản trị | đối thoại | thương lượng | mâu thuẫn | I80: Hard | J80: Multiple Chunks | K80: Yes | L80: Answer from document | N80: ILO-VCCI_Labour-Law-Guide-Book-V04-Final | O80: Dựa trên tài liệu được cung cấp, mục tiêu của cẩm nang đối với người sử dụng lao động (doanh nghiệp) ngoài việc giúp nắm bắt các quy định mới của Bộ luật Lao động 2019 còn bao gồm: * Tạo điều kiện cho người sử dụng lao động tuân thủ đúng các quy định hiện hành trong quan hệ lao động [SOURCE_3]. * Giúp người sử dụng lao động thực hiện những cải cách cần thiết trong bộ máy quản lý cũng như tổ chức các hoạt động đối thoại, thương lượng tập thể (TLTT) để đảm bảo quyền lợi và nghĩa vụ của các bên theo đúng quy định pháp luật, từ đó tránh các mâu thuẫn và hạn chế rủi ro, tranh chấp phát sinh giữa người sử dụng lao động và người lao động [SOURCE_2, SOURCE_3]. * Đáp ứng nhu cầu sản xuất, hoạt động của doanh nghiệp trong công tác quản lý và sử dụng lao động [SOURCE_2]. | P80: [SOURCE_2] ILO-VCCI_Labour-Law-Guide-Book-V04-Final | tr.131 | K ẾT LUẬN | 0.7355 [SOURCE_3] ILO-VCCI_Labour-Law-Guide-Book-V04-Final | tr.3 | Vai trò và mục tiêu của Cẩm nang Thực hiện BLLĐ 2019 đối với | 0.6454 | Q80: [SOURCE_1] ILO-VCCI_Labour-Law-Guide-Book-V04-Final | tr.4 | C ẨM NANG THỰC HIỆN BỘ LUẬT LAO ĐỘNG 2019 TẠI DOANH NGHIỆP | 0.8133 [SOURCE_2] ILO-VCCI_Labour-Law-Guide-Book-V04-Final | tr.131 | K ẾT LUẬN | 0.7355 [SOURCE_3] ILO-VCCI_Labour-Law-Guide-Book-V04-Final | tr.3 | Vai trò và mục tiêu của Cẩm nang Thực hiện BLLĐ 2019 đối với | 0.6454 [SOURCE_4] ILO-VCCI_Labour-Law-Guide-Book-V04-Final | tr.4 | C ẨM NANG THỰC HIỆN BỘ LUẬT LAO ĐỘNG 2019 TẠI DOANH NGHIỆP | 0.4033 | R80: gemini-3.5-flash-lite | S80: 14.8 | T80: 0.8 | U80: 0.86486486 | V80: Yes | W80: Yes | X80: PASS | Z80: PASS | AA80: =IF(Z80="",X80,Z80) | AC80: [AI] Đồng ý với chấm tự động
A81: LAW_D_020 | B81: Scenario-based | C81: Doanh nghiệp hỏi một tình huống vừa có dấu hiệu quan hệ lao động, thử việc và sau đó sa thải. Retrieval tối thiểu nên phủ những phần nào của cẩm nang? | D81: Ít nhất Chương I về quan hệ lao động/HĐLĐ và thử việc, cùng Chương III về xử lý kỷ luật lao động/sa thải; nếu có chấm dứt HĐLĐ ngoài kỷ luật thì cần thêm chương chấm dứt HĐLĐ. | E81: Căn cứ: phần “Chương I + II/III liên quan”, trang 5. Nội dung được tài liệu xác nhận: Ít nhất Chương I về quan hệ lao động/HĐLĐ và thử việc, cùng Chương III về xử lý kỷ luật lao động/sa thải; nếu có chấm dứt HĐLĐ ngoài kỷ luật thì cần thêm chương chấm dứt HĐLĐ. | F81: 5 | G81: Chương I + II/III liên quan | H81: quan hệ lao động | thử việc | sa thải | chấm dứt | I81: Hard | J81: Multiple Chunks | K81: Yes | L81: Answer from document | N81: ILO-VCCI_Labour-Law-Guide-Book-V04-Final | O81: Dựa trên tài liệu được cung cấp, tôi không tìm thấy thông tin để trả lời câu hỏi này. | R81: (no LLM call: early exit) | S81: 20 | T81: 0 | U81: 0 | V81: No | W81: No | X81: FAIL | Y81: Từ chối trả lời dù câu hỏi có đáp án | Z81: FAIL | AA81: =IF(Z81="",X81,Z81) | AB81: DEF-03 | AC81: [AI] Từ chối câu hỏi gộp nhiều phần
A82: LAW_E_001 | B82: Direct Fact | C82: Bộ luật Lao động trong văn bản hợp nhất có hiệu lực gốc từ ngày nào? | D82: Bộ luật Lao động 45/2019/QH14 có hiệu lực từ ngày 01/01/2021. | E82: Căn cứ: phần “Phần mở đầu”, trang 1. Nội dung được tài liệu xác nhận: Bộ luật Lao động 45/2019/QH14 có hiệu lực từ ngày 01/01/2021. | F82: 1 | G82: Phần mở đầu | H82: 01/01/2021 | 45/2019/QH14 | I82: Easy | J82: Single Chunk | K82: Yes | L82: Answer from document | N82: Văn-bản-hợp-nhất-18-VBHN-VPQH | O82: Dựa trên tài liệu được cung cấp, Bộ luật Lao động (Bộ luật Lao động số 45/2019/QH14) có hiệu lực kể từ ngày 01 tháng 01 năm 2021 [SOURCE_2, SOURCE_4]. | Q82: [SOURCE_1] luu-ban-nhap-tu-dong-3-4 | tr.432 | XÁC THỰC VĂN BẢN HỢP NHẤT BỘ TRƯỞNG | 0.9834 [SOURCE_2] Văn-bản-hợp-nhất-18-VBHN-VPQH | tr.86 | Điều 220. Hiệu lực thi hành | 0.9673 [SOURCE_3] luu-ban-nhap-tu-dong-3-4 | tr.433 | XÁC THỰC VĂN BẢN HỢP NHẤT BỘ TRƯỞNG | 0.9643 [SOURCE_4] Văn-bản-hợp-nhất-18-VBHN-VPQH | tr.1 | CỘNG HÒA XÃ HỘI CHỦ NGHĨA VIỆT NAM Độc lập - Tự do - Hạnh ph | 0.9533 [SOURCE_5] luu-ban-nhap-tu-dong-3-4 | tr.140 | Điều 240. Hiệu lực của Bộ luật Lao động | 0.9513 | R82: gemini-3.5-flash-lite | S82: 15.8 | T82: 1 | U82: 1 | V82: No | W82: No | X82: PARTIAL | Y82: Không trích tài liệu mong đợi (có trong ngữ cảnh); Không trích đúng trang 1 (±1) | Z82: PARTIAL | AA82: =IF(Z82="",X82,Z82) | AB82: DEF-01 | AC82: [AI] Nội dung đúng nhưng mất toàn bộ trích dẫn (thẻ gộp)
A83: LAW_E_002 | B83: Definition | C83: Theo Điều 3, người lao động được định nghĩa như thế nào? | D83: Là người làm việc cho NSDLĐ theo thỏa thuận, được trả lương và chịu sự quản lý, điều hành, giám sát của NSDLĐ. | E83: Căn cứ: phần “Điều 3”, trang 2. Nội dung được tài liệu xác nhận: Là người làm việc cho NSDLĐ theo thỏa thuận, được trả lương và chịu sự quản lý, điều hành, giám sát của NSDLĐ. | F83: 2 | G83: Điều 3 | H83: thỏa thuận | trả lương | quản lý | điều hành | giám sát | I83: Easy | J83: Single Chunk | K83: Yes | L83: Answer from document | N83: Văn-bản-hợp-nhất-18-VBHN-VPQH | O83: Dựa trên các tài liệu được cung cấp, thuật ngữ "Người lao động" được định nghĩa ở Điều 3 tại các văn bản khác nhau như sau: * Theo tài liệu [SOURCE_1], người lao động là người làm việc cho người sử dụng lao động theo thỏa thuận, được trả lương và chịu sự quản lý, điều hành, giám sát của người sử dụng lao động [SOURCE_1]. * Theo tài liệu [SOURCE_2], người lao động là người từ đủ 15 tuổi trở lên, có khả năng lao động, làm việc theo hợp đồng lao động, được trả lương và chịu sự quản lý, điều hành của người sử dụng lao động [SOURCE_2]. * Theo tài liệu [SOURCE_3], người lao động là công dân Việt Nam từ đủ 15 tuổi trở lên, có khả năng lao động và có nhu cầu làm việc [SOURCE_3]. * Theo tài liệu [SOURCE_4], lao động (được gọi chung là người lao động) là người giúp việc gia đình quy định tại Khoản 1 Điều 179 của Bộ luật Lao động, bao gồm: người lao động sống tại gia đình người sử dụng lao động và người lao động không sống tại gia đình người sử dụng lao động [SOURCE_4]. | P83: [SOURCE_1] Văn-bản-hợp-nhất-18-VBHN-VPQH | tr.2 | Điều 3. Giai thích từ ngữ | 0.9878 [SOURCE_2] luu-ban-nhap-tu-dong-3-4 | tr.69 | Điều 3. Giải thích từ ngữ ữ | 0.9818 [SOURCE_3] luu-ban-nhap-tu-dong-3-4 | tr.272 | Điều 3. Giải thích từ ngữ | 0.9734 [SOURCE_4] luu-ban-nhap-tu-dong-3-4 | tr.526 | Điều 3. Giải thích từ ngữ | 0.9683 | Q83: [SOURCE_1] Văn-bản-hợp-nhất-18-VBHN-VPQH | tr.2 | Điều 3. Giai thích từ ngữ | 0.9878 [SOURCE_2] luu-ban-nhap-tu-dong-3-4 | tr.69 | Điều 3. Giải thích từ ngữ ữ | 0.9818 [SOURCE_3] luu-ban-nhap-tu-dong-3-4 | tr.272 | Điều 3. Giải thích từ ngữ | 0.9734 [SOURCE_4] luu-ban-nhap-tu-dong-3-4 | tr.526 | Điều 3. Giải thích từ ngữ | 0.9683 [SOURCE_5] luu-ban-nhap-tu-dong-3-4 | tr.336 | Điều 3. Giải thích từ ngữ | 0.796 | R83: gemini-3.5-flash-lite | S83: 15.8 | T83: 1 | U83: 1 | V83: Yes | W83: Yes | X83: PASS | Z83: PASS | AA83: =IF(Z83="",X83,Z83) | AC83: [AI] Không chắc: định nghĩa đầu đúng (VBHN), nhưng kèm 3 định nghĩa từ luật khác dễ gây nhầm
A84: LAW_E_003 | B84: Direct Fact | C84: Độ tuổi lao động tối thiểu theo định nghĩa chung là bao nhiêu? | D84: Đủ 15 tuổi, trừ trường hợp được quy định riêng tại Mục 1 Chương XI. | E84: Căn cứ: phần “Điều 3”, trang 2. Nội dung được tài liệu xác nhận: Đủ 15 tuổi, trừ trường hợp được quy định riêng tại Mục 1 Chương XI. | F84: 2 | G84: Điều 3 | H84: đủ 15 tuổi | ngoại lệ Chương XI | I84: Easy | J84: Single Chunk | K84: Yes | L84: Answer from document | N84: Văn-bản-hợp-nhất-18-VBHN-VPQH | O84: Độ tuổi lao động tối thiểu của người lao động là đủ 15 tuổi, trừ trường hợp quy định tại Mục | Chương XI của Bộ luật này [SOURCE_1]. | P84: [SOURCE_1] Văn-bản-hợp-nhất-18-VBHN-VPQH | tr.2 | Điều 3. Giai thích từ ngữ | 0.8727 | Q84: [SOURCE_1] Văn-bản-hợp-nhất-18-VBHN-VPQH | tr.2 | Điều 3. Giai thích từ ngữ | 0.8727 [SOURCE_2] giao trinh Luat lao dong CB 2005 (1) | tr.16 | a) Người lao động | 0.7096 | R84: gemini-3.5-flash-lite | S84: 15 | T84: 0.5 | U84: 0.91666667 | V84: Yes | W84: Yes | X84: PARTIAL | Y84: Thiếu từ khóa (50%) | Z84: PASS | AA84: =IF(Z84="",X84,Z84) | AC84: [AI] Đúng; scorer chấm thiếu từ khóa oan
A85: LAW_E_004 | B85: Definition | C85: Quan hệ lao động bao gồm những loại nào? | D85: Bao gồm quan hệ lao động cá nhân và quan hệ lao động tập thể. | E85: Căn cứ: phần “Điều 3”, trang None. Nội dung được tài liệu xác nhận: Bao gồm quan hệ lao động cá nhân và quan hệ lao động tập thể. | G85: Điều 3 | H85: cá nhân | tập thể | I85: Easy | J85: Single Chunk | K85: Yes | L85: Answer from document | N85: Văn-bản-hợp-nhất-18-VBHN-VPQH | O85: Dựa trên tài liệu được cung cấp, quan hệ lao động bao gồm quan hệ lao động cá nhân và quan hệ lao động tập thể [SOURCE_2]. | P85: [SOURCE_2] Văn-bản-hợp-nhất-18-VBHN-VPQH | tr.2 | Điều 3. Giai thích từ ngữ | 0.9832 | Q85: [SOURCE_1] giao trinh Luat lao dong CB 2005 (1) | tr.4 | b - Các quan hệ liên quan đến quan hệ lao động | 0.9914 [SOURCE_2] Văn-bản-hợp-nhất-18-VBHN-VPQH | tr.2 | Điều 3. Giai thích từ ngữ | 0.9832 [SOURCE_3] giao trinh Luat lao dong CB 2005 (1) | tr.196 | d. Phân loại tranh chấp lao động > · Căn cứ vào quy mô của t | 0.9675 [SOURCE_4] giao trinh Luat lao dong CB 2005 (1) | tr.3 | a - Quan hệ lao động | 0.9593 [SOURCE_5] giao trinh Luat lao dong CB 2005 (1) | tr.3 | a - Quan hệ lao động | 0.9532 | R85: gemini-3.5-flash-lite | S85: 14.4 | T85: 1 | U85: 1 | V85: Yes | W85: n/a | X85: PASS | Z85: PASS | AA85: =IF(Z85="",X85,Z85) | AC85: [AI] Đồng ý với chấm tự động
A86: LAW_E_005 | B86: Direct Fact | C86: NSDLĐ có được giữ bản chính giấy tờ tùy thân, văn bằng, chứng chỉ của NLĐ không? | D86: Không. Điều 17 cấm NSDLĐ giữ bản chính các giấy tờ này khi giao kết, thực hiện HĐLĐ. | E86: Căn cứ: phần “Điều 17”, trang 8. Nội dung được tài liệu xác nhận: Không. Điều 17 cấm NSDLĐ giữ bản chính các giấy tờ này khi giao kết, thực hiện HĐLĐ. | F86: 8 | G86: Điều 17 | H86: cấm | bản chính | giấy tờ | văn bằng | chứng chỉ | I86: Easy | J86: Single Chunk | K86: Yes | L86: Answer from document | N86: Văn-bản-hợp-nhất-18-VBHN-VPQH | O86: Người sử dụng lao động không được phép giữ bản chính giấy tờ tùy thân, văn bằng, chứng chỉ của người lao động khi giao kết, thực hiện hợp đồng lao động [SOURCE_1]. Đây là một trong những hành vi bị pháp luật nghiêm cấm [SOURCE_1], [SOURCE_4]. | P86: [SOURCE_1] Văn-bản-hợp-nhất-18-VBHN-VPQH | tr.8 | Điều 17. Hành vi người sử dung lao động không được làm khi g | 0.8688 [SOURCE_4] so-tay-kien-thuc-phap-luat-lao-dong-cdi | tr.49 | Trả lời: | 0.7323 | Q86: [SOURCE_1] Văn-bản-hợp-nhất-18-VBHN-VPQH | tr.8 | Điều 17. Hành vi người sử dung lao động không được làm khi g | 0.8688 [SOURCE_2] luu-ban-nhap-tu-dong-3-4 | tr.455 | Điều 5. Vi phạm quy định về giao kết hợp đồng lao động5 | 0.8781 [SOURCE_3] ILO-VCCI_Labour-Law-Guide-Book-V04-Final | tr.43 | V. TRÁCH NHIỆM CỦA NSDLĐ KHI CHẤM DỨT HĐLĐ > 1. Trách nhiệm | 0.7964 [SOURCE_4] so-tay-kien-thuc-phap-luat-lao-dong-cdi | tr.49 | Trả lời: | 0.7323 [SOURCE_5] ILO-VCCI_Labour-Law-Guide-Book-V04-Final | tr.29 | (c) NLĐ cung cấp không trung thực thông tin theo quy định tạ | 0.4655 | R86: gemini-3.5-flash-lite | S86: 17 | T86: 1 | U86: 0.9047619 | V86: Yes | W86: Yes | X86: PASS | Z86: PASS | AA86: =IF(Z86="",X86,Z86) | AC86: [AI] Đồng ý với chấm tự động
A87: LAW_E_006 | B87: Direct Fact | C87: HĐLĐ xác định thời hạn tối đa bao nhiêu tháng theo Điều 20? | D87: Không quá 36 tháng kể từ thời điểm có hiệu lực của hợp đồng. | E87: Căn cứ: phần “Điều 20”, trang None. Nội dung được tài liệu xác nhận: Không quá 36 tháng kể từ thời điểm có hiệu lực của hợp đồng. | G87: Điều 20 | H87: 36 tháng | HĐLĐ xác định thời hạn | I87: Easy | J87: Single Chunk | K87: Yes | L87: Answer from document | N87: Văn-bản-hợp-nhất-18-VBHN-VPQH | O87: Theo Điều 20 Bộ luật Lao động 2019, hợp đồng lao động xác định thời hạn có thời hạn tối đa không quá 36 tháng [SOURCE_1], [SOURCE_2]. | P87: [SOURCE_1] ILO-VCCI_Labour-Law-Guide-Book-V04-Final | tr.15 | III. HỢP ĐỒNG LAO ĐỘNG > 1. Các loại HĐLĐ | 0.9904 [SOURCE_2] Văn-bản-hợp-nhất-18-VBHN-VPQH | tr.9 | Điều 20. Loại hợp đồng lao động | 0.9774 | Q87: [SOURCE_1] ILO-VCCI_Labour-Law-Guide-Book-V04-Final | tr.15 | III. HỢP ĐỒNG LAO ĐỘNG > 1. Các loại HĐLĐ | 0.9904 [SOURCE_2] Văn-bản-hợp-nhất-18-VBHN-VPQH | tr.9 | Điều 20. Loại hợp đồng lao động | 0.9774 [SOURCE_3] ILO-VCCI_Labour-Law-Guide-Book-V04-Final | tr.28 | (a) Các trường hợp đơn phương chấm dứt HĐLĐ phải thông báo t | 0.9164 [SOURCE_4] ILO-VCCI_Labour-Law-Guide-Book-V04-Final | tr.30 | 1. Các trường hợp đơn phương chấm dứt HĐLĐ phải thông báo tr | 0.8942 [SOURCE_5] ILO-VCCI_Labour-Law-Guide-Book-V04-Final | tr.27 | (a) Các trường hợp đơn phương chấm dứt HĐLĐ phải thông báo t | 0.7971 | R87: gemini-3.5-flash-lite | S87: 19.3 | T87: 1 | U87: 0.6 | V87: Yes | W87: n/a | X87: PASS | Z87: PASS | AA87: =IF(Z87="",X87,Z87) | AC87: [AI] Đồng ý với chấm tự động
A88: LAW_E_007 | B88: Direct Fact | C88: Có áp dụng thử việc với HĐLĐ dưới 01 tháng không? | D88: Không. Điều 24 quy định không áp dụng thử việc với NLĐ giao kết HĐLĐ có thời hạn dưới 01 tháng. | E88: Căn cứ: phần “Điều 24”, trang 11. Nội dung được tài liệu xác nhận: Không. Điều 24 quy định không áp dụng thử việc với NLĐ giao kết HĐLĐ có thời hạn dưới 01 tháng. | F88: 11 | G88: Điều 24 | H88: không thử việc | dưới 01 tháng | I88: Easy | J88: Single Chunk | K88: Yes | L88: Answer from document | N88: Văn-bản-hợp-nhất-18-VBHN-VPQH | O88: Không áp dụng thử việc đối với người lao động giao kết hợp đồng lao động có thời hạn dưới 01 tháng [SOURCE_1], [SOURCE_2]. | P88: [SOURCE_1] ILO-VCCI_Labour-Law-Guide-Book-V04-Final | tr.13 | 2. Trường hợp không áp dụng thử việc | 0.9967 [SOURCE_2] Văn-bản-hợp-nhất-18-VBHN-VPQH | tr.11 | Điều 24. Thử việc | 0.995 | Q88: [SOURCE_1] ILO-VCCI_Labour-Law-Guide-Book-V04-Final | tr.13 | 2. Trường hợp không áp dụng thử việc | 0.9967 [SOURCE_2] Văn-bản-hợp-nhất-18-VBHN-VPQH | tr.11 | Điều 24. Thử việc | 0.995 [SOURCE_3] ILO-VCCI_Labour-Law-Guide-Book-V04-Final | tr.12 | II. THỬ VIỆC > 1. Thời hạn thử việc | 0.5108 [SOURCE_4] ILO-VCCI_Labour-Law-Guide-Book-V04-Final | tr.14 | 3. Hình thức của thỏa thuận thử việc | 0.4038 [SOURCE_5] giao trinh Luat lao dong CB 2005 (1) | tr.43 | · Cho người lao động | 0.4031 | R88: gemini-3.5-flash-lite | S88: 15.7 | T88: 1 | U88: 0.81818182 | V88: Yes | W88: Yes | X88: PASS | Z88: PASS | AA88: =IF(Z88="",X88,Z88) | AC88: [AI] Đồng ý với chấm tự động
A89: LAW_E_008 | B89: Rule | C89: Thời gian thử việc tối đa đối với người quản lý doanh nghiệp là bao lâu? | D89: Không quá 180 ngày. | E89: Căn cứ: phần “Điều 25”, trang 11. Nội dung được tài liệu xác nhận: Không quá 180 ngày. | F89: 11 | G89: Điều 25 | H89: 180 ngày | quản lý doanh nghiệp | I89: Medium | J89: Single Chunk | K89: Yes | L89: Answer from document | N89: Văn-bản-hợp-nhất-18-VBHN-VPQH | O89: Thời gian thử việc tối đa đối với công việc của người quản lý doanh nghiệp là không quá 180 ngày [SOURCE_1], [SOURCE_2], [SOURCE_3]. | P89: [SOURCE_1] ILO-VCCI_Labour-Law-Guide-Book-V04-Final | tr.12 | II. THỬ VIỆC > 1. Thời hạn thử việc | 0.998 [SOURCE_2] ILO-VCCI_Labour-Law-Guide-Book-V04-Final | tr.12 | II. THỬ VIỆC > 1. Thời hạn thử việc | 0.9963 [SOURCE_3] Văn-bản-hợp-nhất-18-VBHN-VPQH | tr.11 | Điều 25. Thời gian thử việc | 0.9916 | Q89: [SOURCE_1] ILO-VCCI_Labour-Law-Guide-Book-V04-Final | tr.12 | II. THỬ VIỆC > 1. Thời hạn thử việc | 0.998 [SOURCE_2] ILO-VCCI_Labour-Law-Guide-Book-V04-Final | tr.12 | II. THỬ VIỆC > 1. Thời hạn thử việc | 0.9963 [SOURCE_3] Văn-bản-hợp-nhất-18-VBHN-VPQH | tr.11 | Điều 25. Thời gian thử việc | 0.9916 [SOURCE_4] ILO-VCCI_Labour-Law-Guide-Book-V04-Final | tr.13 | II. THỬ VIỆC > 1. Thời hạn thử việc | 0.9294 [SOURCE_5] luu-ban-nhap-tu-dong-3-4 | tr.412 | Điều 8. Nguyên tắc xây dựng định mức lao động | 0.7964 | R89: gemini-3.5-flash-lite | S89: 12.5 | T89: 1 | U89: 1 | V89: Yes | W89: Yes | X89: PASS | Z89: PASS | AA89: =IF(Z89="",X89,Z89) | AC89: [AI] Đồng ý với chấm tự động
A90: LAW_E_009 | B90: Rule | C90: Khi tạm thời chuyển NLĐ làm công việc khác so với HĐLĐ, thời gian tối đa thông thường là bao nhiêu? | D90: Không quá 60 ngày làm việc cộng dồn trong 01 năm, trừ trường hợp NLĐ đồng ý bằng văn bản cho thời gian dài hơn. | E90: Căn cứ: phần “Điều 29”, trang 12. Nội dung được tài liệu xác nhận: Không quá 60 ngày làm việc cộng dồn trong 01 năm, trừ trường hợp NLĐ đồng ý bằng văn bản cho thời gian dài hơn. | F90: 12 | G90: Điều 29 | H90: 60 ngày | cộng dồn | 01 năm | I90: Medium | J90: Single Chunk | K90: Yes | L90: Answer from document | N90: Văn-bản-hợp-nhất-18-VBHN-VPQH | O90: Khi tạm thời chuyển người lao động làm công việc khác so với hợp đồng lao động, thời gian tối đa thông thường là không được quá 60 ngày làm việc cộng dồn trong một năm (trừ trường hợp được sự đồng ý của người lao động) [SOURCE_1], [SOURCE_4]. | P90: [SOURCE_1] ILO-VCCI_Labour-Law-Guide-Book-V04-Final | tr.47 | (b) Các vấn đề cần lưu ý | 0.9957 [SOURCE_4] luu-ban-nhap-tu-dong-3-4 | tr.78 | Điều 31. Chuyển người lao động làm công việc khác so với hợp | 0.9904 | Q90: [SOURCE_1] ILO-VCCI_Labour-Law-Guide-Book-V04-Final | tr.47 | (b) Các vấn đề cần lưu ý | 0.9957 [SOURCE_2] Văn-bản-hợp-nhất-18-VBHN-VPQH | tr.12 | Điều 29. Ch uyễn người lao động làm công việc khác so với hợ | 0.9819 [SOURCE_3] luu-ban-nhap-tu-dong-3-4 | tr.418 | Mục 2: THỰC HIỆN HỢP ĐỒNG LAO ĐỘNG > Điều 8. Tạm thời chuyển | 0.9911 [SOURCE_4] luu-ban-nhap-tu-dong-3-4 | tr.78 | Điều 31. Chuyển người lao động làm công việc khác so với hợp | 0.9904 | R90: gemini-3.5-flash-lite | S90: 13.4 | T90: 0.66666667 | U90: 0.73913043 | V90: No | W90: No | X90: PARTIAL | Y90: Thiếu từ khóa (67%); Không trích tài liệu mong đợi (có trong ngữ cảnh); Không trích đúng trang 12 (±1) | Z90: PARTIAL | AA90: =IF(Z90="",X90,Z90) | AB90: DEF-06 | AC90: [AI] Nội dung đúng (60 ngày cộng dồn); trích ILO và bộ tổng hợp, không trích VBHN dù có trong ngữ cảnh
A91: LAW_E_010 | B91: Rule | C91: NLĐ làm HĐLĐ không xác định thời hạn muốn đơn phương chấm dứt hợp đồng thông thường phải báo trước bao lâu? | D91: Ít nhất 45 ngày, trừ các trường hợp luật cho phép không cần báo trước hoặc ngành/nghề đặc thù có quy định riêng. | E91: Căn cứ: phần “Điều 35”, trang 15. Nội dung được tài liệu xác nhận: Ít nhất 45 ngày, trừ các trường hợp luật cho phép không cần báo trước hoặc ngành/nghề đặc thù có quy định riêng. | F91: 15 | G91: Điều 35 | H91: 45 ngày | không xác định thời hạn | báo trước | I91: Medium | J91: Single Chunk | K91: Yes | L91: Answer from document | N91: Văn-bản-hợp-nhất-18-VBHN-VPQH | O91: Theo quy định, người lao động làm việc theo hợp đồng lao động không xác định thời hạn khi đơn phương chấm dứt hợp đồng lao động thông thường phải báo trước ít nhất 45 (bốn mươi lăm) ngày [SOURCE_3]. | P91: [SOURCE_3] ILO-VCCI_Labour-Law-Guide-Book-V04-Final | tr.30 | 1. Các trường hợp đơn phương chấm dứt HĐLĐ phải thông báo tr | 0.9969 | Q91: [SOURCE_1] ILO-VCCI_Labour-Law-Guide-Book-V04-Final | tr.32 | 3. Những điểm mới liên quan đến việc NLĐ đơn phương chấm dứt | 0.9982 [SOURCE_2] ILO-VCCI_Labour-Law-Guide-Book-V04-Final | tr.27 | (a) Các trường hợp đơn phương chấm dứt HĐLĐ phải thông báo t | 0.9978 [SOURCE_3] ILO-VCCI_Labour-Law-Guide-Book-V04-Final | tr.30 | 1. Các trường hợp đơn phương chấm dứt HĐLĐ phải thông báo tr | 0.9969 [SOURCE_4] ILO-VCCI_Labour-Law-Guide-Book-V04-Final | tr.36 | 3. Những điểm mới cần lưu ý khi thực hiện quy trình cho thôi | 0.9949 [SOURCE_5] ILO-VCCI_Labour-Law-Guide-Book-V04-Final | tr.27 | (a) Các trường hợp đơn phương chấm dứt HĐLĐ phải thông báo t | 0.9935 | R91: gemini-3.5-flash-lite | S91: 15.6 | T91: 1 | U91: 0.47368421 | V91: No | W91: No | X91: PARTIAL | Y91: Ít khớp Expected Answer (47%); Không trích tài liệu mong đợi (không có trong ngữ cảnh); Không trích đúng trang 15 (±1) | Z91: PARTIAL | AA91: =IF(Z91="",X91,Z91) | AB91: DEF-06 | AC91: [AI] Nội dung đúng (45 ngày); trích cẩm nang ILO thay vì VBHN
A92: LAW_E_011 | B92: Rule | C92: NLĐ làm HĐLĐ xác định thời hạn từ 12 đến 36 tháng muốn nghỉ thông thường phải báo trước bao lâu? | D92: Ít nhất 30 ngày. | E92: Căn cứ: phần “Điều 35”, trang 15. Nội dung được tài liệu xác nhận: Ít nhất 30 ngày. | F92: 15 | G92: Điều 35 | H92: 30 ngày | 12-36 tháng | báo trước | I92: Medium | J92: Single Chunk | K92: Yes | L92: Answer from document | N92: Văn-bản-hợp-nhất-18-VBHN-VPQH | O92: Người lao động (NLĐ) làm việc theo hợp đồng lao động (HĐLĐ) xác định thời hạn có thời hạn từ 12 (mười hai) đến 36 (ba mươi sáu) tháng khi đơn phương chấm dứt hợp đồng thông thường phải báo trước ít nhất 30 (ba mươi) ngày [SOURCE_1], [SOURCE_2], [SOURCE_3]. | P92: [SOURCE_1] ILO-VCCI_Labour-Law-Guide-Book-V04-Final | tr.28 | (a) Các trường hợp đơn phương chấm dứt HĐLĐ phải thông báo t | 0.9968 [SOURCE_2] ILO-VCCI_Labour-Law-Guide-Book-V04-Final | tr.27 | (a) Các trường hợp đơn phương chấm dứt HĐLĐ phải thông báo t | 0.9949 [SOURCE_3] ILO-VCCI_Labour-Law-Guide-Book-V04-Final | tr.30 | 1. Các trường hợp đơn phương chấm dứt HĐLĐ phải thông báo tr | 0.9942 | Q92: [SOURCE_1] ILO-VCCI_Labour-Law-Guide-Book-V04-Final | tr.28 | (a) Các trường hợp đơn phương chấm dứt HĐLĐ phải thông báo t | 0.9968 [SOURCE_2] ILO-VCCI_Labour-Law-Guide-Book-V04-Final | tr.27 | (a) Các trường hợp đơn phương chấm dứt HĐLĐ phải thông báo t | 0.9949 [SOURCE_3] ILO-VCCI_Labour-Law-Guide-Book-V04-Final | tr.30 | 1. Các trường hợp đơn phương chấm dứt HĐLĐ phải thông báo tr | 0.9942 [SOURCE_4] ILO-VCCI_Labour-Law-Guide-Book-V04-Final | tr.32 | 3. Những điểm mới liên quan đến việc NLĐ đơn phương chấm dứt | 0.9904 [SOURCE_5] giao trinh Luat lao dong CB 2005 (1) | tr.41 | * Thời hạn báo trước: | 0.9849 | R92: gemini-3.5-flash-lite | S92: 13.2 | T92: 1 | U92: 1 | V92: No | W92: No | X92: PARTIAL | Y92: Không trích tài liệu mong đợi (không có trong ngữ cảnh); Không trích đúng trang 15 (±1) | Z92: PARTIAL | AA92: =IF(Z92="",X92,Z92) | AB92: DEF-06 | AC92: [AI] Nội dung đúng (30 ngày); trích cẩm nang ILO thay vì VBHN
A93: LAW_E_012 | B93: Rule | C93: Trợ cấp thôi việc được tính theo mức nào cho mỗi năm làm việc đủ điều kiện? | D93: Mỗi năm làm việc được trợ cấp một nửa tháng tiền lương, theo điều kiện và cách xác định thời gian của Điều 46. | E93: Căn cứ: phần “Điều 46”, trang 20. Nội dung được tài liệu xác nhận: Mỗi năm làm việc được trợ cấp một nửa tháng tiền lương, theo điều kiện và cách xác định thời gian của Điều 46. | F93: 20 | G93: Điều 46 | H93: 0,5 tháng lương | mỗi năm | trợ cấp thôi việc | I93: Medium | J93: Single Chunk | K93: Yes | L93: Answer from document | N93: Văn-bản-hợp-nhất-18-VBHN-VPQH | O93: Mỗi năm làm việc đủ điều kiện, người lao động được trợ cấp một nửa tháng tiền lương [SOURCE_1], [SOURCE_3]. (Hoặc được trợ cấp cứ mỗi năm làm việc là nửa tháng lương, cộng với phụ cấp lương, nếu có [SOURCE_2]). | P93: [SOURCE_1] Văn-bản-hợp-nhất-18-VBHN-VPQH | tr.20 | Điều 46. Trợ cấp thôi việc | 0.9807 [SOURCE_2] giao trinh Luat lao dong CB 2005 (1) | tr.43 | · Cho người lao động | 0.9612 [SOURCE_3] so-tay-kien-thuc-phap-luat-lao-dong-cdi | tr.16 | Trả lời: | 0.9421 | Q93: [SOURCE_1] Văn-bản-hợp-nhất-18-VBHN-VPQH | tr.20 | Điều 46. Trợ cấp thôi việc | 0.9807 [SOURCE_2] giao trinh Luat lao dong CB 2005 (1) | tr.43 | · Cho người lao động | 0.9612 [SOURCE_3] so-tay-kien-thuc-phap-luat-lao-dong-cdi | tr.16 | Trả lời: | 0.9421 [SOURCE_4] giao trinh Luat lao dong CB 2005 (1) | tr.44 | · Cho người lao động | 0.9375 | R93: gemini-3.5-flash-lite | S93: 13.9 | T93: 0.33333333 | U93: 0.68421053 | V93: Yes | W93: Yes | X93: PARTIAL | Y93: Thiếu từ khóa (33%) | Z93: PASS | AA93: =IF(Z93="",X93,Z93) | AC93: [AI] Đúng nửa tháng lương, trích VBHN tr.20
A94: LAW_E_013 | B94: Rule | C94: Trợ cấp mất việc làm được tính thế nào theo Điều 47? | D94: Cứ mỗi năm làm việc trả 01 tháng tiền lương nhưng ít nhất bằng 02 tháng tiền lương, nếu thuộc trường hợp và điều kiện của Điều 47. | E94: Căn cứ: phần “Điều 47”, trang None. Nội dung được tài liệu xác nhận: Cứ mỗi năm làm việc trả 01 tháng tiền lương nhưng ít nhất bằng 02 tháng tiền lương, nếu thuộc trường hợp và điều kiện của Điều 47. | G94: Điều 47 | H94: 1 tháng/năm | tối thiểu 2 tháng | mất việc | I94: Medium | J94: Single Chunk | K94: Yes | L94: Answer from document | N94: Văn-bản-hợp-nhất-18-VBHN-VPQH | O94: Dựa trên tài liệu được cung cấp, cách tính trợ cấp mất việc làm theo Điều 47 (Bộ luật lao động) được quy định như sau: * **Điều kiện và mức hưởng:** Người sử dụng lao động trả trợ cấp mất việc làm cho người lao động đã làm việc thường xuyên cho mình từ đủ 12 tháng trở lên mà bị mất việc làm, cứ mỗi năm làm việc trả 01 tháng tiền lương nhưng ít nhất bằng 02 tháng tiền lương [SOURCE_1]. * **Thời gian làm việc để tính trợ cấp mất việc làm:** Là tổng thời gian người lao động đã làm việc thực tế cho người sử dụng lao động trừ đi thời gian người lao động đã tham gia bảo hiểm thất nghiệp theo quy định của pháp luật về bảo hiểm thất nghiệp và thời gian làm việc đã được người sử dụng lao động chi trả trợ cấp thôi việc, trợ cấp mất việc làm [SOURCE_1]. * **Tiền lương để tính trợ cấp mất việc làm:** Là tiền lương bình quân của 06 tháng liền kề theo hợp đồng lao động trước khi người lao động mất việc làm [SOURCE_1]. | P94: [SOURCE_1] luu-ban-nhap-tu-dong-3-4 | tr.19 | Điều 47. Trợ cấp mất việc làm | 0.9993 | Q94: [SOURCE_1] luu-ban-nhap-tu-dong-3-4 | tr.19 | Điều 47. Trợ cấp mất việc làm | 0.9993 [SOURCE_2] giao trinh Luat lao dong CB 2005 (1) | tr.28 | 3. Trợ cấp mất việc làm | 0.9622 [SOURCE_3] luu-ban-nhap-tu-dong-3-4 | tr.434 | "Điều 2. Hiệu lực thi hành | 0.9522 [SOURCE_4] luu-ban-nhap-tu-dong-3-4 | tr.235 | Điều 47. Trợ cấp hằng tháng | 0.914 | R94: gemini-3.5-flash-lite | S94: 16 | T94: 0.33333333 | U94: 0.92 | V94: No | W94: n/a | X94: PARTIAL | Y94: Thiếu từ khóa (33%); Không trích tài liệu mong đợi (không có trong ngữ cảnh) | Z94: PARTIAL | AA94: =IF(Z94="",X94,Z94) | AB94: DEF-06 | AC94: [AI] Nội dung đúng; trích bộ tổng hợp thay vì VBHN
A95: LAW_E_014 | B95: Definition | C95: Tiền lương theo Điều 90 bao gồm những thành phần nào? | D95: Gồm mức lương theo công việc hoặc chức danh, phụ cấp lương và các khoản bổ sung khác. | E95: Căn cứ: phần “Điều 90”, trang 35. Nội dung được tài liệu xác nhận: Gồm mức lương theo công việc hoặc chức danh, phụ cấp lương và các khoản bổ sung khác. | F95: 35 | G95: Điều 90 | H95: mức lương | phụ cấp | khoản bổ sung | I95: Medium | J95: Single Chunk | K95: Yes | L95: Answer from document | N95: Văn-bản-hợp-nhất-18-VBHN-VPQH | O95: Dựa trên tài liệu được cung cấp, tiền lương bao gồm mức lương theo công việc hoặc chức danh, phụ cấp lương và các khoản bổ sung khác [SOURCE_1]. | P95: [SOURCE_1] luu-ban-nhap-tu-dong-3-4 | tr.97 | Chương VI > TIỀN LƯƠNG > Điều 90. Tiền lương | 0.9862 | Q95: [SOURCE_1] luu-ban-nhap-tu-dong-3-4 | tr.97 | Chương VI > TIỀN LƯƠNG > Điều 90. Tiền lương | 0.9862 [SOURCE_2] luu-ban-nhap-tu-dong-3-4 | tr.423 | Chương IV > Điều 21. Tiền lương | 0.9651 | R95: gemini-3.5-flash-lite | S95: 12.7 | T95: 1 | U95: 1 | V95: No | W95: No | X95: PARTIAL | Y95: Không trích tài liệu mong đợi (không có trong ngữ cảnh); Không trích đúng trang 35 (±1) | Z95: PARTIAL | AA95: =IF(Z95="",X95,Z95) | AB95: DEF-06 | AC95: [AI] Nội dung đúng; trích bộ tổng hợp thay vì VBHN
A96: LAW_E_015 | B96: Scenario-based | C96: Một NLĐ làm thêm vào ngày nghỉ hằng tuần. Mức trả tối thiểu theo Điều 98 là bao nhiêu? | D96: Ít nhất bằng 200% đơn giá tiền lương hoặc tiền lương thực trả theo công việc đang làm. | E96: Căn cứ: phần “Điều 98”, trang 38. Nội dung được tài liệu xác nhận: Ít nhất bằng 200% đơn giá tiền lương hoặc tiền lương thực trả theo công việc đang làm. | F96: 38 | G96: Điều 98 | H96: 200% | ngày nghỉ hằng tuần | I96: Hard | J96: Single Chunk | K96: Yes | L96: Answer from document | N96: Văn-bản-hợp-nhất-18-VBHN-VPQH | O96: Dựa trên tài liệu được cung cấp, người lao động làm thêm giờ vào ngày nghỉ hằng tuần được trả mức lương ít nhất bằng 200% [SOURCE_1], [SOURCE_2], [SOURCE_3], [SOURCE_4]. | P96: [SOURCE_1] Văn-bản-hợp-nhất-18-VBHN-VPQH | tr.38 | Điều 98. Tiền lương làm thêm giờ, làm việc vào ban đêm | 0.9833 [SOURCE_2] ILO-VCCI_Labour-Law-Guide-Book-V04-Final | tr.100 | 1. Tiền lương làm thêm giờ225 > (a) Đối với NLĐ hưởng lương | 0.8883 [SOURCE_3] so-tay-kien-thuc-phap-luat-lao-dong-cdi | tr.19 | Trả lời: | 0.8499 [SOURCE_4] ILO-VCCI_Labour-Law-Guide-Book-V04-Final | tr.101 | (b) Đối với NLĐ hưởng lương theo sản phẩm | 0.8091 | Q96: [SOURCE_1] Văn-bản-hợp-nhất-18-VBHN-VPQH | tr.38 | Điều 98. Tiền lương làm thêm giờ, làm việc vào ban đêm | 0.9833 [SOURCE_2] ILO-VCCI_Labour-Law-Guide-Book-V04-Final | tr.100 | 1. Tiền lương làm thêm giờ225 > (a) Đối với NLĐ hưởng lương | 0.8883 [SOURCE_3] so-tay-kien-thuc-phap-luat-lao-dong-cdi | tr.19 | Trả lời: | 0.8499 [SOURCE_4] ILO-VCCI_Labour-Law-Guide-Book-V04-Final | tr.101 | (b) Đối với NLĐ hưởng lương theo sản phẩm | 0.8091 [SOURCE_5] ILO-VCCI_Labour-Law-Guide-Book-V04-Final | tr.99 | 1. Tiền lương làm thêm giờ225 > (a) Đối với NLĐ hưởng lương | 0.6401 | R96: gemini-3.5-flash-lite | S96: 14.4 | T96: 1 | U96: 0.53333333 | V96: Yes | W96: Yes | X96: PASS | Z96: PASS | AA96: =IF(Z96="",X96,Z96) | AC96: [AI] Đồng ý với chấm tự động
A97: LAW_E_016 | B97: Scenario-based | C97: Một NLĐ làm thêm vào ngày lễ, tết. Điều 98 quy định mức tối thiểu nào? | D97: Ít nhất bằng 300%, chưa kể tiền lương ngày lễ, tết/ngày nghỉ có hưởng lương đối với NLĐ hưởng lương ngày. | E97: Căn cứ: phần “Điều 98”, trang 38. Nội dung được tài liệu xác nhận: Ít nhất bằng 300%, chưa kể tiền lương ngày lễ, tết/ngày nghỉ có hưởng lương đối với NLĐ hưởng lương ngày. | F97: 38 | G97: Điều 98 | H97: 300% | lễ tết | chưa kể tiền lương ngày lễ | I97: Hard | J97: Single Chunk | K97: Yes | L97: Answer from document | N97: Văn-bản-hợp-nhất-18-VBHN-VPQH | O97: Dựa trên tài liệu được cung cấp, người lao động làm thêm giờ vào ngày nghỉ lễ, tết, ngày nghỉ có hưởng lương được trả lương tính theo đơn giá tiền lương hoặc tiền lương thực trả theo công việc đang làm với mức ít nhất bằng 300% (chưa kể tiền lương ngày lễ, tết, ngày nghỉ có hưởng lương đối với người lao động hưởng lương ngày) [SOURCE_1, SOURCE_2]. | Q97: [SOURCE_1] Văn-bản-hợp-nhất-18-VBHN-VPQH | tr.38 | Điều 98. Tiền lương làm thêm giờ, làm việc vào ban đêm | 0.9884 [SOURCE_2] ILO-VCCI_Labour-Law-Guide-Book-V04-Final | tr.100 | 1. Tiền lương làm thêm giờ225 > (a) Đối với NLĐ hưởng lương | 0.95 [SOURCE_3] ILO-VCCI_Labour-Law-Guide-Book-V04-Final | tr.101 | (b) Đối với NLĐ hưởng lương theo sản phẩm | 0.9366 [SOURCE_4] so-tay-kien-thuc-phap-luat-lao-dong-cdi | tr.19 | Trả lời: | 0.8093 [SOURCE_5] luu-ban-nhap-tu-dong-3-4 | tr.424 | Điều 25. Tiền lương làm thêm giờ, làm việc vào ban đêm | 0.7441 | R97: gemini-3.5-flash-lite | S97: 13.7 | T97: 1 | U97: 1 | V97: No | W97: No | X97: PARTIAL | Y97: Không trích tài liệu mong đợi (có trong ngữ cảnh); Không trích đúng trang 38 (±1) | Z97: PARTIAL | AA97: =IF(Z97="",X97,Z97) | AB97: DEF-01 | AC97: [AI] Nội dung đúng (300%) nhưng mất toàn bộ trích dẫn (thẻ gộp)
A98: LAW_E_017 | B98: Multi-hop | C98: Doanh nghiệp bố trí 10 giờ/ngày theo tuần. Điều này có thể phù hợp không và giới hạn tuần là bao nhiêu? | D98: Có thể, nếu NSDLĐ quy định thời giờ làm việc theo tuần và thông báo cho NLĐ; khi đó thời giờ bình thường không quá 10 giờ/ngày và không quá 48 giờ/tuần. | E98: Căn cứ: phần “Điều 105”, trang 40. Nội dung được tài liệu xác nhận: Có thể, nếu NSDLĐ quy định thời giờ làm việc theo tuần và thông báo cho NLĐ; khi đó thời giờ bình thường không quá 10 giờ/ngày và không quá 48 giờ/tuần. | F98: 40 | G98: Điều 105 | H98: 10 giờ/ngày | 48 giờ/tuần | theo tuần | I98: Hard | J98: Multiple Chunks | K98: Yes | L98: Answer from document | N98: Văn-bản-hợp-nhất-18-VBHN-VPQH | O98: Việc doanh nghiệp bố trí thời giờ làm việc bình thường theo tuần không quá 10 giờ trong 01 ngày là có thể phù hợp, với điều kiện tổng thời giờ làm việc bình thường trong 01 tuần không quá 48 giờ [SOURCE_1], [SOURCE_2], [SOURCE_3]. Cụ thể về các giới hạn như sau: * Giới hạn theo ngày (trường hợp tính theo tuần): Thời giờ làm việc bình thường không quá 10 giờ trong 01 ngày [SOURCE_1], [SOURCE_2], [SOURCE_3]. * Giới hạn theo tuần: Thời giờ làm việc bình thường không quá 48 giờ trong 01 tuần [SOURCE_1], [SOURCE_2], [SOURCE_3]. Ngoài ra, người sử dụng lao động có quyền quy định thời giờ làm việc theo tuần nhưng phải thông báo cho người lao động biết [SOURCE_1], [SOURCE_3]. | P98: [SOURCE_1] Văn-bản-hợp-nhất-18-VBHN-VPQH | tr.40 | Chương VII > THỜI GIO LAM VIỆC, THỜI GIO NGHI NGƠI Mục 1 > T | 0.7509 [SOURCE_2] luu-ban-nhap-tu-dong-3-4 | tr.101 | Chương VII THỜI GIỜ LÀM VIỆC, THỜI GIỜ NGHỈ NGƠI > Mục 1 THỜ | 0.6542 [SOURCE_3] ILO-VCCI_Labour-Law-Guide-Book-V04-Final | tr.107 | CHƯƠNG VI. THỜI GIỜ LÀM VIỆC – THỜI GIỜ NGHỈ NGƠI > I. THỜI | 0.4888 | Q98: [SOURCE_1] Văn-bản-hợp-nhất-18-VBHN-VPQH | tr.40 | Chương VII > THỜI GIO LAM VIỆC, THỜI GIO NGHI NGƠI Mục 1 > T | 0.7509 [SOURCE_2] luu-ban-nhap-tu-dong-3-4 | tr.101 | Chương VII THỜI GIỜ LÀM VIỆC, THỜI GIỜ NGHỈ NGƠI > Mục 1 THỜ | 0.6542 [SOURCE_3] ILO-VCCI_Labour-Law-Guide-Book-V04-Final | tr.107 | CHƯƠNG VI. THỜI GIỜ LÀM VIỆC – THỜI GIỜ NGHỈ NGƠI > I. THỜI | 0.4888 [SOURCE_4] ILO-VCCI_Labour-Law-Guide-Book-V04-Final | tr.112 | (ii) Giới hạn số giờ làm thêm trong năm | 0.4459 | R98: gemini-3.5-flash-lite | S98: 14.6 | T98: 1 | U98: 1 | V98: Yes | W98: Yes | X98: PASS | Z98: PASS | AA98: =IF(Z98="",X98,Z98) | AC98: [AI] Đồng ý với chấm tự động
A99: LAW_E_018 | B99: Multi-hop | C99: Một NLĐ làm đủ 12 tháng hỏi về nghỉ hằng năm. RAG cần căn cứ điều nào và yếu tố nào để xác định số ngày nghỉ? | D99: Căn cứ Điều 113. Số ngày nghỉ hưởng nguyên lương phụ thuộc nhóm điều kiện/công việc của NLĐ theo các mức được điều này quy định. | E99: Căn cứ: phần “Điều 113”, trang 42. Nội dung được tài liệu xác nhận: Căn cứ Điều 113. Số ngày nghỉ hưởng nguyên lương phụ thuộc nhóm điều kiện/công việc của NLĐ theo các mức được điều này quy định. | F99: 42 | G99: Điều 113 | H99: 12 tháng | nghỉ hằng năm | hưởng nguyên lương | I99: Hard | J99: Single Chunk | K99: Yes | L99: Answer from document | N99: Văn-bản-hợp-nhất-18-VBHN-VPQH | O99: Dựa trên tài liệu được cung cấp, để xác định số ngày nghỉ hằng năm đối với người lao động làm việc đủ 12 tháng cho một người sử dụng lao động, hệ thống cần căn cứ vào các điều luật và yếu tố sau: 1. **Căn cứ pháp lý:** - Theo quy định tại Điều 111 của Bộ luật Lao động [SOURCE_1]. - Theo quy định tại Điều 113.1 của Bộ luật Lao động 2019 (hoặc Điều 113 của Văn bản hợp nhất số 18/VBHN-VPQH) [SOURCE_2], [SOURCE_4]. 2. **Các yếu tố để xác định số ngày nghỉ hằng năm:** - **Thời gian làm việc:** Người lao động phải làm việc đủ 12 tháng cho một người sử dụng lao động [SOURCE_1], [SOURCE_2], [SOURCE_4]. - **Điều kiện làm việc hoặc tính chất công việc:** Số ngày nghỉ được phân chia theo các mức độ công việc cụ thể: - 12 ngày làm việc đối với người làm công việc trong điều kiện bình thường [SOURCE_1], [SOURCE_2], [SOURCE_4]. - 14 ngày làm việc đối với người lao động chưa thành niên, lao động là người khuyết tật, người làm nghề, công việc nặng nhọc, độc hại, nguy hiểm [SOURCE_2], [SOURCE_4]. - 16 ngày làm việc đối với người làm nghề, công việc đặc biệt nặng nhọc, độc hại, nguy hiểm [SOURCE_2], [SOURCE_4]. - **Thâm niên làm việc:** Cứ đủ 05 năm làm việc cho một người sử dụng lao động thì số ngày nghỉ hằng năm của người lao động theo các quy định trên sẽ được tăng thêm tương ứng 01 ngày [SOURCE_2]. | P99: [SOURCE_1] so-tay-kien-thuc-phap-luat-lao-dong-cdi | tr.24 | Trả lời: | 0.9961 [SOURCE_2] ILO-VCCI_Labour-Law-Guide-Book-V04-Final | tr.115 | V. NGHỈ HẰNG NĂM > 1. Số ngày nghỉ hằng năm | 0.9941 [SOURCE_4] Văn-bản-hợp-nhất-18-VBHN-VPQH | tr.42 | Điều 113. Nghỉ hằng năm | 0.9781 | Q99: [SOURCE_1] so-tay-kien-thuc-phap-luat-lao-dong-cdi | tr.24 | Trả lời: | 0.9961 [SOURCE_2] ILO-VCCI_Labour-Law-Guide-Book-V04-Final | tr.115 | V. NGHỈ HẰNG NĂM > 1. Số ngày nghỉ hằng năm | 0.9941 [SOURCE_3] ILO-VCCI_Labour-Law-Guide-Book-V04-Final | tr.116 | 2. Cách tính ngày nghỉ hằng năm trong những trường hợp đặc b | 0.9813 [SOURCE_4] Văn-bản-hợp-nhất-18-VBHN-VPQH | tr.42 | Điều 113. Nghỉ hằng năm | 0.9781 | R99: gemini-3.5-flash-lite | S99: 16.1 | T99: 0.66666667 | U99: 0.75 | V99: Yes | W99: Yes | X99: PARTIAL | Y99: Thiếu từ khóa (67%) | Z99: PASS | AA99: =IF(Z99="",X99,Z99) | AC99: [AI] Đúng Điều 113 và các mức; có nhắc Điều 111 (sổ tay, luật cũ)
A100: LAW_E_019 | B100: Procedure | C100: Khi xử lý kỷ luật lao động, NSDLĐ phải bảo đảm những nguyên tắc tố tụng cơ bản nào? | D100: Phải chứng minh lỗi của NLĐ; có sự tham gia của tổ chức đại diện NLĐ tại cơ sở khi NLĐ là thành viên; NLĐ phải có mặt và có quyền tự bào chữa/nhờ bào chữa; việc xử lý phải được lập biên bản, cùng các yêu cầu khác của Điều 122. | E100: Căn cứ: phần “Điều 122”, trang 46. Nội dung được tài liệu xác nhận: Phải chứng minh lỗi của NLĐ; có sự tham gia của tổ chức đại diện NLĐ tại cơ sở khi NLĐ là thành viên; NLĐ phải có mặt và có quyền tự bào chữa/nhờ bào chữa; việc xử lý phải được lập biên bản, cùng các yêu cầu khác của Điều 122. | F100: 46 | G100: Điều 122 | H100: chứng minh lỗi | tổ chức đại diện | tự bào chữa | biên bản | I100: Hard | J100: Multiple Chunks | K100: Yes | L100: Answer from document | N100: Văn-bản-hợp-nhất-18-VBHN-VPQH | O100: Dựa trên tài liệu được cung cấp, khi xử lý kỷ luật lao động, người sử dụng lao động (NSDLĐ) phải bảo đảm các nguyên tắc và quy trình sau: * NSDLĐ phải chứng minh được lỗi của người lao động [SOURCE_2], [SOURCE_4]. * Phải có sự tham gia của tổ chức đại diện tập thể lao động tại cơ sở (hoặc tổ chức đại diện người lao động tại cơ sở mà người lao động là thành viên) [SOURCE_1], [SOURCE_2], [SOURCE_4]. * Người lao động phải có mặt và có quyền tự bào chữa, nhờ luật sư hoặc người khác bào chữa; trường hợp người lao động dưới 18 tuổi thì phải có sự tham gia của cha, mẹ hoặc người đại diện theo pháp luật (hoặc người đại diện theo pháp luật của người lao động dưới 15 tuổi) [SOURCE_1], [SOURCE_4]. * Việc xử lý kỷ luật lao động phải được lập thành biên bản [SOURCE_4], và nội dung cuộc họp xử lý kỷ luật lao động cũng phải được lập thành biên bản, thông qua trước khi kết thúc cuộc họp, có chữ ký của những người tham dự [SOURCE_5]. * Trong thời hiệu xử lý kỷ luật lao động, NSDLĐ phải thực hiện việc thông báo trước ít nhất 05 ngày làm việc về nội dung, thời gian, địa điểm, họ tên người bị xử lý và hành vi vi phạm đến các thành phần phải tham dự họp [SOURCE_1]. | P100: [SOURCE_1] ILO-VCCI_Labour-Law-Guide-Book-V04-Final | tr.54 | III. QUY TRÌNH XỬ LÝ KỶ LUẬT LAO ĐỘNG | 0.9312 [SOURCE_2] ILO-VCCI_Labour-Law-Guide-Book-V04-Final | tr.53 | III. QUY TRÌNH XỬ LÝ KỶ LUẬT LAO ĐỘNG | 0.9291 [SOURCE_4] so-tay-kien-thuc-phap-luat-lao-dong-cdi | tr.33 | Trả lời: | 0.9056 [SOURCE_5] ILO-VCCI_Labour-Law-Guide-Book-V04-Final | tr.54 | III. QUY TRÌNH XỬ LÝ KỶ LUẬT LAO ĐỘNG | 0.8585 | Q100: [SOURCE_1] ILO-VCCI_Labour-Law-Guide-Book-V04-Final | tr.54 | III. QUY TRÌNH XỬ LÝ KỶ LUẬT LAO ĐỘNG | 0.9312 [SOURCE_2] ILO-VCCI_Labour-Law-Guide-Book-V04-Final | tr.53 | III. QUY TRÌNH XỬ LÝ KỶ LUẬT LAO ĐỘNG | 0.9291 [SOURCE_3] giao trinh Luat lao dong CB 2005 (1) | tr.90 | b) Nguyên tắc xử lý vi phạm kỷ luật lao động | 0.9187 [SOURCE_4] so-tay-kien-thuc-phap-luat-lao-dong-cdi | tr.33 | Trả lời: | 0.9056 [SOURCE_5] ILO-VCCI_Labour-Law-Guide-Book-V04-Final | tr.54 | III. QUY TRÌNH XỬ LÝ KỶ LUẬT LAO ĐỘNG | 0.8585 | R100: gemini-3.5-flash-lite | S100: 14.9 | T100: 1 | U100: 0.89130435 | V100: No | W100: No | X100: PARTIAL | Y100: Không trích tài liệu mong đợi (không có trong ngữ cảnh); Không trích đúng trang 46 (±1) | Z100: PARTIAL | AA100: =IF(Z100="",X100,Z100) | AB100: DEF-06 | AC100: [AI] Nội dung đúng; trích ILO và sổ tay thay vì VBHN
...

Sheet Retrieval
A1: ID | B1: Document | C1: Category | D1: Difficulty | E1: Doc@1 | F1: Doc@5 | G1: Page@5 (±1) | H1: Keyword coverage (top 5) | I1: Best rerank | J1: Refused (< threshold) | K1: Top sources
A2: LAW_A_001 | B2: giao trinh Luat lao dong CB 2005 (1) | C2: Definition | D2: Easy | E2: 1 | F2: 1 | G2: TRUE | H2: 1 | I2: 0.9984 | J2: 0 | K2: giao trinh Luat lao dong CB 2005 (1) tr.3-3 (0.9984) giao trinh Luat lao dong CB 2005 (1) tr.7-7 (0.9587) giao trinh Luat lao dong CB 2005 (1) tr.7-7 (0.9279) giao trinh Luat lao dong CB 2005 (1) tr.3-4 (0.8305) giao trinh Luat lao dong CB 2005 (1) tr.6-6 (0.8054)
A3: LAW_A_002 | B3: giao trinh Luat lao dong CB 2005 (1) | C3: Definition | D3: Easy | E3: 1 | F3: 1 | G3: TRUE | H3: 1 | I3: 0.9737 | J3: 0 | K3: giao trinh Luat lao dong CB 2005 (1) tr.13-13 (0.9737) giao trinh Luat lao dong CB 2005 (1) tr.3-3 (0.8655) giao trinh Luat lao dong CB 2005 (1) tr.3-3 (0.8496) luu-ban-nhap-tu-dong-3-4 tr.69-70 (0.8055) luu-ban-nhap-tu-dong-3-4 tr.72-72 (0.7175)
A4: LAW_A_003 | B4: giao trinh Luat lao dong CB 2005 (1) | C4: List | D4: Easy | E4: 1 | F4: 1 | G4: TRUE | H4: 1 | I4: 0.9891 | J4: 0 | K4: giao trinh Luat lao dong CB 2005 (1) tr.4-5 (0.9891) giao trinh Luat lao dong CB 2005 (1) tr.13-13 (0.9326) giao trinh Luat lao dong CB 2005 (1) tr.3-3 (0.9083) luu-ban-nhap-tu-dong-3-4 tr.72-72 (0.8941) giao trinh Luat lao dong CB 2005 (1) tr.3-3 (0.891)
A5: LAW_A_004 | B5: giao trinh Luat lao dong CB 2005 (1) | C5: Definition | D5: Easy | E5: 1 | F5: 1 | G5: TRUE | H5: 1 | I5: 0.9936 | J5: 0 | K5: giao trinh Luat lao dong CB 2005 (1) tr.13-13 (0.9936) giao trinh Luat lao dong CB 2005 (1) tr.14-14 (0.9835) giao trinh Luat lao dong CB 2005 (1) tr.14-15 (0.9708) giao trinh Luat lao dong CB 2005 (1) tr.14-14 (0.9608) giao trinh Luat lao dong CB 2005 (1) tr.18-18 (0.9575)
A6: LAW_A_005 | B6: giao trinh Luat lao dong CB 2005 (1) | C6: Direct Fact | D6: Easy | E6: 1 | F6: 1 | G6: TRUE | H6: 1 | I6: 0.9905 | J6: 0 | K6: giao trinh Luat lao dong CB 2005 (1) tr.5-5 (0.9905) giao trinh Luat lao dong CB 2005 (1) tr.4-5 (0.5222)
A7: LAW_A_006 | B7: giao trinh Luat lao dong CB 2005 (1) | C7: Concept | D7: Easy | E7: 1 | F7: 1 | G7: TRUE | H7: 1 | I7: 0.8816 | J7: 0 | K7: giao trinh Luat lao dong CB 2005 (1) tr.5-5 (0.8816) giao trinh Luat lao dong CB 2005 (1) tr.5-6 (0.4338)
A8: LAW_A_007 | B8: giao trinh Luat lao dong CB 2005 (1) | C8: Definition | D8: Easy | E8: 1 | F8: 1 | H8: 0 | I8: 0.7146 | J8: 0 | K8: giao trinh Luat lao dong CB 2005 (1) tr.13-13 (0.7146) giao trinh Luat lao dong CB 2005 (1) tr.58-58 (0.4023)
A9: LAW_A_008 | B9: giao trinh Luat lao dong CB 2005 (1) | C9: Direct Fact | D9: Medium | E9: 0 | F9: 1 | G9: TRUE | H9: 1 | I9: 0.9585 | J9: 0 | K9: so-tay-kien-thuc-phap-luat-lao-dong-cdi tr.19-19 (0.9585) giao trinh Luat lao dong CB 2005 (1) tr.59-59 (0.9547) Văn-bản-hợp-nhất-18-VBHN-VPQH tr.38-38 (0.9278) ILO-VCCI_Labour-Law-Guide-Book-V04-Final tr.100-100 (0.9243) giao trinh Luat lao dong CB 2005 (1) tr.80-80 (0.8973)
A10: LAW_A_009 | B10: giao trinh Luat lao dong CB 2005 (1) | C10: Direct Fact | D10: Medium | E10: 0 | F10: 1 | G10: TRUE | H10: 1 | I10: 0.9454 | J10: 0 | K10: so-tay-kien-thuc-phap-luat-lao-dong-cdi tr.19-19 (0.9454) Văn-bản-hợp-nhất-18-VBHN-VPQH tr.38-38 (0.9207) ILO-VCCI_Labour-Law-Guide-Book-V04-Final tr.100-100 (0.9207) giao trinh Luat lao dong CB 2005 (1) tr.59-59 (0.9096) giao trinh Luat lao dong CB 2005 (1) tr.80-80 (0.8598)
A11: LAW_A_010 | B11: giao trinh Luat lao dong CB 2005 (1) | C11: Direct Fact | D11: Medium | E11: 0 | F11: 1 | G11: TRUE | H11: 1 | I11: 0.9537 | J11: 0 | K11: so-tay-kien-thuc-phap-luat-lao-dong-cdi tr.19-19 (0.9537) giao trinh Luat lao dong CB 2005 (1) tr.59-59 (0.9412) Văn-bản-hợp-nhất-18-VBHN-VPQH tr.38-38 (0.9356) luu-ban-nhap-tu-dong-3-4 tr.424-424 (0.9305) ILO-VCCI_Labour-Law-Guide-Book-V04-Final tr.100-100 (0.9082)
A12: LAW_A_011 | B12: giao trinh Luat lao dong CB 2005 (1) | C12: Rule | D12: Medium | E12: 0 | F12: 0 | G12: FALSE | H12: 0.66666667 | I12: 0.6783 | J12: 0 | K12: ILO-VCCI_Labour-Law-Guide-Book-V04-Final tr.112-112 (0.6783) ILO-VCCI_Labour-Law-Guide-Book-V04-Final tr.112-113 (0.4942) luu-ban-nhap-tu-dong-3-4 tr.101-101 (0.4728) ILO-VCCI_Labour-Law-Guide-Book-V04-Final tr.111-111 (0.436) Văn-bản-hợp-nhất-18-VBHN-VPQH tr.40-41 (0.3987)
A13: LAW_A_012 | B13: giao trinh Luat lao dong CB 2005 (1) | C13: Concept | D13: Medium | E13: 1 | F13: 1 | H13: 1 | I13: 0.9808 | J13: 0 | K13: giao trinh Luat lao dong CB 2005 (1) tr.7-8 (0.9808) giao trinh Luat lao dong CB 2005 (1) tr.7-7 (0.9449) giao trinh Luat lao dong CB 2005 (1) tr.49-50 (0.3944)
A14: LAW_A_013 | B14: giao trinh Luat lao dong CB 2005 (1) | C14: Comparison | D14: Medium | E14: 1 | F14: 1 | H14: 0.75 | I14: 0.9941 | J14: 0 | K14: giao trinh Luat lao dong CB 2005 (1) tr.7-8 (0.9941) giao trinh Luat lao dong CB 2005 (1) tr.7-7 (0.8212)
A15: LAW_A_014 | B15: giao trinh Luat lao dong CB 2005 (1) | C15: Concept | D15: Medium | E15: 1 | F15: 1 | G15: TRUE | H15: 1 | I15: 0.9279 | J15: 0 | K15: giao trinh Luat lao dong CB 2005 (1) tr.5-5 (0.9279) giao trinh Luat lao dong CB 2005 (1) tr.5-6 (0.8897) giao trinh Luat lao dong CB 2005 (1) tr.95-96 (0.5862) luu-ban-nhap-tu-dong-3-4 tr.41-41 (0.411)
A16: LAW_A_015 | B16: giao trinh Luat lao dong CB 2005 (1) | C16: Scenario-based | D16: Hard | E16: 1 | F16: 1 | G16: TRUE | H16: 1 | I16: 0.9491 | J16: 0 | K16: giao trinh Luat lao dong CB 2005 (1) tr.5-6 (0.9491) giao trinh Luat lao dong CB 2005 (1) tr.5-5 (0.8208) giao trinh Luat lao dong CB 2005 (1) tr.95-96 (0.6305) ILO-VCCI_Labour-Law-Guide-Book-V04-Final tr.10-10 (0.5306) giao trinh Luat lao dong CB 2005 (1) tr.95-95 (0.422)
A17: LAW_A_016 | B17: giao trinh Luat lao dong CB 2005 (1) | C17: Scenario-based | D17: Hard | E17: 1 | F17: 1 | G17: TRUE | H17: 0.66666667 | I17: 0.9622 | J17: 0 | K17: giao trinh Luat lao dong CB 2005 (1) tr.3-3 (0.9622) giao trinh Luat lao dong CB 2005 (1) tr.3-4 (0.6522) luu-ban-nhap-tu-dong-3-4 tr.73-73 (0.5572)
A18: LAW_A_017 | B18: giao trinh Luat lao dong CB 2005 (1) | C18: Multi-hop | D18: Hard | E18: 1 | F18: 1 | G18: FALSE | H18: 0.25 | I18: 0.5369 | J18: 0 | K18: giao trinh Luat lao dong CB 2005 (1) tr.7-8 (0.5369) giao trinh Luat lao dong CB 2005 (1) tr.7-7 (0.4546) giao trinh Luat lao dong CB 2005 (1) tr.182-182 (0.4193)
A19: LAW_A_018 | B19: giao trinh Luat lao dong CB 2005 (1) | C19: Multi-hop | D19: Hard | E19: 1 | F19: 1 | G19: TRUE | H19: 1 | I19: 0.9696 | J19: 0 | K19: giao trinh Luat lao dong CB 2005 (1) tr.6-6 (0.9696) giao trinh Luat lao dong CB 2005 (1) tr.13-13 (0.7965) luu-ban-nhap-tu-dong-3-4 tr.60-60 (0.6755) Văn-bản-hợp-nhất-18-VBHN-VPQH tr.76-76 (0.6727) luu-ban-nhap-tu-dong-3-4 tr.133-133 (0.5837)
A20: LAW_A_019 | B20: giao trinh Luat lao dong CB 2005 (1) | C20: Source-awareness | D20: Hard | E20: 0 | F20: 0 | G20: FALSE | H20: 0 | I20: 0.0264 | J20: 1
A21: LAW_A_020 | B21: giao trinh Luat lao dong CB 2005 (1) | C21: Synthesis | D21: Hard | E21: 1 | F21: 1 | H21: 0.66666667 | I21: 0.9642 | J21: 0 | K21: giao trinh Luat lao dong CB 2005 (1) tr.3-3 (0.9642) giao trinh Luat lao dong CB 2005 (1) tr.3-4 (0.9122) giao trinh Luat lao dong CB 2005 (1) tr.4-5 (0.8773) giao trinh Luat lao dong CB 2005 (1) tr.13-13 (0.8155) giao trinh Luat lao dong CB 2005 (1) tr.3-3 (0.7594)
A22: LAW_B_001 | B22: so-tay-kien-thuc-phap-luat-lao-dong-cdi | C22: Direct Fact | D22: Easy | E22: 1 | F22: 1 | G22: TRUE | H22: 1 | I22: 0.9907 | J22: 0 | K22: so-tay-kien-thuc-phap-luat-lao-dong-cdi tr.11-11 (0.9907) so-tay-kien-thuc-phap-luat-lao-dong-cdi tr.49-49 (0.9852) Văn-bản-hợp-nhất-18-VBHN-VPQH tr.7-7 (0.9647) giao trinh Luat lao dong CB 2005 (1) tr.36-36 (0.9553) so-tay-kien-thuc-phap-luat-lao-dong-cdi tr.6-6 (0.7975)
A23: LAW_B_002 | B23: so-tay-kien-thuc-phap-luat-lao-dong-cdi | C23: Concept | D23: Easy | E23: 1 | F23: 1 | H23: 0.66666667 | I23: 0.466 | J23: 0 | K23: so-tay-kien-thuc-phap-luat-lao-dong-cdi tr.12-12 (0.466)
A24: LAW_B_003 | B24: so-tay-kien-thuc-phap-luat-lao-dong-cdi | C24: Direct Fact | D24: Easy | E24: 0 | F24: 1 | G24: FALSE | H24: 1 | I24: 0.8821 | J24: 0 | K24: ILO-VCCI_Labour-Law-Guide-Book-V04-Final tr.18-18 (0.8821) ILO-VCCI_Labour-Law-Guide-Book-V04-Final tr.19-19 (0.8691) Văn-bản-hợp-nhất-18-VBHN-VPQH tr.9-9 (0.8088) so-tay-kien-thuc-phap-luat-lao-dong-cdi tr.13-13 (0.8098) luu-ban-nhap-tu-dong-3-4 tr.76-76 (0.7937)
A25: LAW_B_004 | B25: so-tay-kien-thuc-phap-luat-lao-dong-cdi | C25: Direct Fact | D25: Easy | E25: 0 | F25: 0 | G25: FALSE | H25: 1 | I25: 0.4688 | J25: 0 | K25: luu-ban-nhap-tu-dong-3-4 tr.77-77 (0.4688) Văn-bản-hợp-nhất-18-VBHN-VPQH tr.11-11 (0.3633) ILO-VCCI_Labour-Law-Guide-Book-V04-Final tr.14-14 (0.4043)
A26: LAW_B_005 | B26: so-tay-kien-thuc-phap-luat-lao-dong-cdi | C26: Direct Fact | D26: Easy | E26: 1 | F26: 1 | G26: FALSE | H26: 1 | I26: 0.8177 | J26: 0 | K26: so-tay-kien-thuc-phap-luat-lao-dong-cdi tr.17-19 (0.8177) giao trinh Luat lao dong CB 2005 (1) tr.59-59 (0.7052) ILO-VCCI_Labour-Law-Guide-Book-V04-Final tr.100-100 (0.5308) ILO-VCCI_Labour-Law-Guide-Book-V04-Final tr.100-100 (0.5054) ILO-VCCI_Labour-Law-Guide-Book-V04-Final tr.99-99 (0.4686)
A27: LAW_B_006 | B27: so-tay-kien-thuc-phap-luat-lao-dong-cdi | C27: Direct Fact | D27: Easy | E27: 0 | F27: 0 | G27: FALSE | H27: 0 | I27: 0.1735 | J27: 1
A28: LAW_B_007 | B28: so-tay-kien-thuc-phap-luat-lao-dong-cdi | C28: Direct Fact | D28: Easy | E28: 0 | F28: 0 | G28: FALSE | H28: 0.66666667 | I28: 0.8539 | J28: 0 | K28: giao trinh Luat lao dong CB 2005 (1) tr.112-112 (0.8539) luu-ban-nhap-tu-dong-3-4 tr.142-142 (0.7808) luu-ban-nhap-tu-dong-3-4 tr.112-112 (0.7273) giao trinh Luat lao dong CB 2005 (1) tr.113-113 (0.6928) luu-ban-nhap-tu-dong-3-4 tr.161-161 (0.6555)
A29: LAW_B_008 | B29: so-tay-kien-thuc-phap-luat-lao-dong-cdi | C29: Scenario-based | D29: Medium | E29: 1 | F29: 1 | H29: 1 | I29: 0.9955 | J29: 0 | K29: so-tay-kien-thuc-phap-luat-lao-dong-cdi tr.11-11 (0.9955) so-tay-kien-thuc-phap-luat-lao-dong-cdi tr.11-11 (0.9942) giao trinh Luat lao dong CB 2005 (1) tr.36-36 (0.7948) so-tay-kien-thuc-phap-luat-lao-dong-cdi tr.49-49 (0.5987) ILO-VCCI_Labour-Law-Guide-Book-V04-Final tr.14-14 (0.4578)
A30: LAW_B_009 | B30: so-tay-kien-thuc-phap-luat-lao-dong-cdi | C30: Concept | D30: Medium | E30: 1 | F30: 1 | H30: 1 | I30: 0.9626 | J30: 0 | K30: so-tay-kien-thuc-phap-luat-lao-dong-cdi tr.11-12 (0.9626) giao trinh Luat lao dong CB 2005 (1) tr.33-33 (0.8156) giao trinh Luat lao dong CB 2005 (1) tr.51-52 (0.553) giao trinh Luat lao dong CB 2005 (1) tr.49-50 (0.4473) giao trinh Luat lao dong CB 2005 (1) tr.193-193 (0.3644)
A31: LAW_B_010 | B31: so-tay-kien-thuc-phap-luat-lao-dong-cdi | C31: Navigation | D31: Medium | E31: 1 | F31: 1 | G31: FALSE | H31: 0.33333333 | I31: 0.3578 | J31: 0 | K31: so-tay-kien-thuc-phap-luat-lao-dong-cdi tr.49-49 (0.3578)
A32: LAW_B_011 | B32: so-tay-kien-thuc-phap-luat-lao-dong-cdi | C32: Navigation | D32: Medium | E32: 0 | F32: 0 | G32: FALSE | H32: 0.66666667 | I32: 0.4017 | J32: 0 | K32: Văn-bản-hợp-nhất-18-VBHN-VPQH tr.76-76 (0.4017) giao trinh Luat lao dong CB 2005 (1) tr.206-207 (0.393)
A33: LAW_B_012 | B33: so-tay-kien-thuc-phap-luat-lao-dong-cdi | C33: Navigation | D33: Medium | E33: 1 | F33: 1 | G33: FALSE | H33: 1 | I33: 0.8872 | J33: 0 | K33: so-tay-kien-thuc-phap-luat-lao-dong-cdi tr.37-39 (0.8872) luu-ban-nhap-tu-dong-3-4 tr.439-440 (0.6854) luu-ban-nhap-tu-dong-3-4 tr.116-116 (0.6805) luu-ban-nhap-tu-dong-3-4 tr.231-231 (0.5607) Văn-bản-hợp-nhất-18-VBHN-VPQH tr.52-52 (0.5334)
A34: LAW_B_013 | B34: so-tay-kien-thuc-phap-luat-lao-dong-cdi | C34: Navigation | D34: Medium | E34: 0 | F34: 1 | G34: FALSE | H34: 1 | I34: 0.9531 | J34: 0 | K34: ILO-VCCI_Labour-Law-Guide-Book-V04-Final tr.47-47 (0.9531) ILO-VCCI_Labour-Law-Guide-Book-V04-Final tr.46-47 (0.9454) so-tay-kien-thuc-phap-luat-lao-dong-cdi tr.34-34 (0.7922) ILO-VCCI_Labour-Law-Guide-Book-V04-Final tr.6-6 (0.7576) luu-ban-nhap-tu-dong-3-4 tr.429-429 (0.6692)
A35: LAW_B_014 | B35: so-tay-kien-thuc-phap-luat-lao-dong-cdi | C35: Navigation | D35: Medium | E35: 0 | F35: 0 | G35: FALSE | H35: 0 | I35: 0.0414 | J35: 1
A36: LAW_B_015 | B36: so-tay-kien-thuc-phap-luat-lao-dong-cdi | C36: Multi-hop | D36: Hard | E36: 0 | F36: 0 | G36: FALSE | H36: 0 | I36: 0.2844 | J36: 1
A37: LAW_B_016 | B37: so-tay-kien-thuc-phap-luat-lao-dong-cdi | C37: Multi-hop | D37: Hard | E37: 0 | F37: 0 | G37: FALSE | H37: 0 | I37: 0.0711 | J37: 1
A38: LAW_B_017 | B38: so-tay-kien-thuc-phap-luat-lao-dong-cdi | C38: False Premise | D38: Hard | E38: 1 | F38: 1 | H38: 1 | I38: 0.606 | J38: 0 | K38: so-tay-kien-thuc-phap-luat-lao-dong-cdi tr.49-49 (0.606) Văn-bản-hợp-nhất-18-VBHN-VPQH tr.7-7 (0.44) giao trinh Luat lao dong CB 2005 (1) tr.36-36 (0.375)
A39: LAW_B_018 | B39: so-tay-kien-thuc-phap-luat-lao-dong-cdi | C39: Source-awareness | D39: Hard | E39: 0 | F39: 0 | G39: FALSE | H39: 0 | I39: 0.0455 | J39: 1
A40: LAW_B_019 | B40: so-tay-kien-thuc-phap-luat-lao-dong-cdi | C40: Synthesis | D40: Hard | E40: 0 | F40: 0 | G40: FALSE | H40: 0 | I40: 0.1224 | J40: 1
A41: LAW_B_020 | B41: so-tay-kien-thuc-phap-luat-lao-dong-cdi | C41: Synthesis | D41: Hard | E41: 0 | F41: 0 | G41: FALSE | H41: 0 | I41: 0.0235 | J41: 1
A42: LAW_C_001 | B42: luu-ban-nhap-tu-dong-3-4 | C42: Direct Fact | D42: Easy | E42: 1 | F42: 1 | G42: TRUE | H42: 0.5 | I42: 0.3582 | J42: 0 | K42: luu-ban-nhap-tu-dong-3-4 tr.1-1 (0.3582)
A43: LAW_C_002 | B43: luu-ban-nhap-tu-dong-3-4 | C43: Direct Fact | D43: Easy | E43: 0 | F43: 0 | G43: FALSE | H43: 0 | I43: 0.2153 | J43: 1
A44: LAW_C_003 | B44: luu-ban-nhap-tu-dong-3-4 | C44: Direct Fact | D44: Easy | E44: 1 | F44: 1 | G44: FALSE | H44: 0.5 | I44: 0.8496 | J44: 0 | K44: luu-ban-nhap-tu-dong-3-4 tr.560-560 (0.8496) luu-ban-nhap-tu-dong-3-4 tr.160-160 (0.8397) luu-ban-nhap-tu-dong-3-4 tr.160-160 (0.72) luu-ban-nhap-tu-dong-3-4 tr.177-177 (0.6968) luu-ban-nhap-tu-dong-3-4 tr.170-170 (0.5984)
A45: LAW_C_004 | B45: luu-ban-nhap-tu-dong-3-4 | C45: Direct Fact | D45: Easy | E45: 0 | F45: 0 | G45: FALSE | H45: 0 | I45: 0.0302 | J45: 1
A46: LAW_C_005 | B46: luu-ban-nhap-tu-dong-3-4 | C46: Direct Fact | D46: Easy | E46: 0 | F46: 0 | G46: FALSE | H46: 0 | I46: 0.1991 | J46: 1
A47: LAW_C_006 | B47: luu-ban-nhap-tu-dong-3-4 | C47: Direct Fact | D47: Easy | E47: 1 | F47: 1 | G47: TRUE | H47: 1 | I47: 0.9769 | J47: 0 | K47: luu-ban-nhap-tu-dong-3-4 tr.77-77 (0.9769) luu-ban-nhap-tu-dong-3-4 tr.4-4 (0.9751) giao trinh Luat lao dong CB 2005 (1) tr.209-209 (0.9705) luu-ban-nhap-tu-dong-3-4 tr.572-572 (0.9702) so-tay-kien-thuc-phap-luat-lao-dong-cdi tr.53-53 (0.9646)
A48: LAW_C_007 | B48: luu-ban-nhap-tu-dong-3-4 | C48: Direct Fact | D48: Easy | E48: 1 | F48: 1 | G48: TRUE | H48: 1 | I48: 0.9832 | J48: 0 | K48: luu-ban-nhap-tu-dong-3-4 tr.4-4 (0.9832) luu-ban-nhap-tu-dong-3-4 tr.54-54 (0.9827) luu-ban-nhap-tu-dong-3-4 tr.4-4 (0.9765) luu-ban-nhap-tu-dong-3-4 tr.4-4 (0.9747) Văn-bản-hợp-nhất-18-VBHN-VPQH tr.67-67 (0.9322)
A49: LAW_C_008 | B49: luu-ban-nhap-tu-dong-3-4 | C49: Definition | D49: Medium | E49: 0 | F49: 1 | G49: TRUE | H49: 1 | I49: 0.9039 | J49: 0 | K49: ILO-VCCI_Labour-Law-Guide-Book-V04-Final tr.17-17 (0.9039) luu-ban-nhap-tu-dong-3-4 tr.6-7 (0.892) ILO-VCCI_Labour-Law-Guide-Book-V04-Final tr.11-11 (0.827) luu-ban-nhap-tu-dong-3-4 tr.70-70 (0.8042) ILO-VCCI_Labour-Law-Guide-Book-V04-Final tr.31-31 (0.6053)
